issued_at,issued_day,model,target_ts,horizon,point,0.1,0.2,0.3,0.4,0.5,0.6,0.7,0.8,0.9
2026-08-09T15:15:28Z,2026-08-09,climatology,2026-08-09,1,21.4605,17.4800,19.5200,20.0200,20.6800,21.3000,21.6200,21.8000,24.1000,25.9600
2026-08-09T15:15:28Z,2026-08-09,persistence,2026-08-09,1,24.1000,21.6000,22.5000,23.1000,23.6000,24.1000,24.6000,25.1000,25.7000,26.7000
2026-08-09T15:15:28Z,2026-08-09,seasonal_naive,2026-08-09,1,21.5000,,,,,,,,,
2026-08-09T15:15:28Z,2026-08-09,tabicl,2026-08-09,1,23.4397,20.2413,21.2973,22.1491,22.8117,23.4676,24.0173,24.6291,25.4848,26.6476
2026-08-09T15:15:28Z,2026-08-09,climatology,2026-08-10,2,21.5054,18.0200,19.7400,20.2000,20.7400,21.3000,21.6600,22.0200,24.0800,25.1200
2026-08-10T08:09:15Z,2026-08-10,climatology,2026-08-10,1,21.6342,18.0900,19.7800,20.2200,20.7800,21.3500,21.7000,22.0900,24.1000,25.8400
2026-08-09T15:15:28Z,2026-08-09,persistence,2026-08-10,2,24.1000,20.2900,21.6000,22.5000,23.4000,24.1000,24.9000,25.6300,26.7000,27.9100
2026-08-10T08:09:15Z,2026-08-10,persistence,2026-08-10,1,26.4000,23.9000,24.8000,25.4000,25.9000,26.4000,26.9000,27.4000,28.0000,29.0000
2026-08-09T15:15:28Z,2026-08-09,seasonal_naive,2026-08-10,2,20.7000,,,,,,,,,
2026-08-10T08:09:15Z,2026-08-10,seasonal_naive,2026-08-10,1,20.7000,,,,,,,,,
2026-08-09T15:15:28Z,2026-08-09,tabicl,2026-08-10,2,23.2803,19.2910,20.6227,21.6306,22.4567,23.2446,23.9787,24.8181,25.9097,27.4471
2026-08-10T08:09:15Z,2026-08-10,tabicl,2026-08-10,1,25.5697,21.5957,22.9917,24.0710,24.9011,25.6574,26.3433,27.0722,28.0567,29.4536
2026-08-09T15:15:28Z,2026-08-09,climatology,2026-08-11,3,21.7028,18.8500,20.2000,20.6500,21.3000,21.4500,21.7000,22.0500,24.0000,25.2000
2026-08-10T08:09:15Z,2026-08-10,climatology,2026-08-11,2,21.8297,18.9600,20.2000,20.6800,21.3000,21.5000,21.7000,22.3000,24.0800,25.9200
2026-08-11T07:42:26Z,2026-08-11,climatology,2026-08-11,1,21.9474,19.0700,20.2000,20.7000,21.3000,21.5500,21.7200,23.0000,24.1000,26.3300
2026-08-09T15:15:28Z,2026-08-09,persistence,2026-08-11,3,24.1000,19.5000,21.2000,22.4000,23.3200,24.2000,25.0000,25.9000,27.1000,28.7000
2026-08-10T08:09:15Z,2026-08-10,persistence,2026-08-11,2,26.4000,22.6000,23.9000,24.8000,25.7000,26.4000,27.2000,28.0000,29.0000,30.3000
2026-08-11T07:42:26Z,2026-08-11,persistence,2026-08-11,1,26.3000,23.8000,24.7000,25.3000,25.8000,26.3000,26.8000,27.3000,27.9000,28.9000
2026-08-09T15:15:28Z,2026-08-09,seasonal_naive,2026-08-11,3,24.1000,,,,,,,,,
2026-08-10T08:09:15Z,2026-08-10,seasonal_naive,2026-08-11,2,24.1000,,,,,,,,,
2026-08-11T07:42:26Z,2026-08-11,seasonal_naive,2026-08-11,1,24.1000,,,,,,,,,
2026-08-09T15:15:28Z,2026-08-09,tabicl,2026-08-11,3,23.1433,18.6414,20.1800,21.2957,22.2178,23.0946,23.9165,24.8709,26.1300,27.8991
2026-08-10T08:09:15Z,2026-08-10,tabicl,2026-08-11,2,25.7889,21.2975,22.8651,24.0806,25.0253,25.8602,26.6147,27.4367,28.6142,30.3171
2026-08-11T07:42:26Z,2026-08-11,tabicl,2026-08-11,1,26.3604,23.2779,24.4362,25.2878,25.8517,26.3437,26.7855,27.3517,28.1843,29.4550
2026-08-09T15:15:28Z,2026-08-09,climatology,2026-08-12,4,22.0057,19.6000,20.3600,20.8800,21.3000,21.6000,21.7400,22.0800,24.0200,25.2800
2026-08-10T08:09:15Z,2026-08-10,climatology,2026-08-12,3,22.1278,19.6500,20.4000,21.0000,21.3000,21.6000,21.8000,22.6000,24.1000,26.0000
2026-08-11T07:42:26Z,2026-08-11,climatology,2026-08-12,2,22.2405,19.7000,20.4600,21.1200,21.3400,21.6000,21.9200,23.1200,24.1000,26.3400
2026-08-12T07:56:30Z,2026-08-12,climatology,2026-08-12,1,22.3316,19.7500,20.5200,21.2000,21.3800,21.6500,22.0000,23.1900,24.5200,26.3300
2026-08-09T15:15:28Z,2026-08-09,persistence,2026-08-12,4,24.1000,19.1000,20.8000,22.1100,23.2000,24.2000,25.1000,26.1000,27.3000,29.3000
2026-08-10T08:09:15Z,2026-08-10,persistence,2026-08-12,3,26.4000,21.8000,23.5000,24.7000,25.6600,26.5000,27.3000,28.2000,29.4000,31.0000
2026-08-11T07:42:26Z,2026-08-11,persistence,2026-08-12,2,26.3000,22.5000,23.8000,24.7300,25.6000,26.3000,27.1000,27.9000,28.9000,30.1900
2026-08-12T07:56:30Z,2026-08-12,persistence,2026-08-12,1,25.7000,23.2000,24.1000,24.7000,25.2000,25.7000,26.2000,26.7000,27.3000,28.3000
2026-08-09T15:15:28Z,2026-08-09,seasonal_naive,2026-08-12,4,27.4000,,,,,,,,,
2026-08-10T08:09:15Z,2026-08-10,seasonal_naive,2026-08-12,3,27.4000,,,,,,,,,
2026-08-11T07:42:26Z,2026-08-11,seasonal_naive,2026-08-12,2,27.4000,,,,,,,,,
2026-08-12T07:56:30Z,2026-08-12,seasonal_naive,2026-08-12,1,27.4000,,,,,,,,,
2026-08-09T15:15:28Z,2026-08-09,tabicl,2026-08-12,4,22.8992,18.0009,19.7258,20.9279,21.9183,22.8665,23.7558,24.7860,26.1452,28.0403
2026-08-10T08:09:15Z,2026-08-10,tabicl,2026-08-12,3,25.7488,20.6915,22.4607,23.8057,24.8669,25.8028,26.6529,27.5889,28.9593,30.9472
2026-08-11T07:42:26Z,2026-08-11,tabicl,2026-08-12,2,26.1316,22.4044,23.7707,24.7874,25.5022,26.1368,26.7156,27.4058,28.3859,29.8848
2026-08-12T07:56:30Z,2026-08-12,tabicl,2026-08-12,1,25.1607,22.0801,23.2936,24.1200,24.7254,25.2401,25.7238,26.2827,27.0186,28.0628
2026-08-09T15:15:28Z,2026-08-09,climatology,2026-08-13,5,22.2088,19.9900,20.3200,21.1500,21.3200,21.6000,21.9600,23.1100,24.0400,25.3600
2026-08-10T08:09:15Z,2026-08-10,climatology,2026-08-13,4,22.3286,20.0200,20.3600,21.2000,21.3600,21.6000,22.0000,23.1800,24.1000,26.0800
2026-08-11T07:42:26Z,2026-08-11,climatology,2026-08-13,3,22.4389,20.0500,20.4000,21.2000,21.4000,21.6500,22.0000,23.4500,24.1000,26.3500
2026-08-12T07:56:30Z,2026-08-12,climatology,2026-08-13,2,22.5270,20.0800,20.4600,21.2000,21.4400,21.7000,22.0600,23.7600,24.6600,26.3400
2026-08-13T07:58:13Z,2026-08-13,climatology,2026-08-13,1,22.6737,20.1100,20.5200,21.2100,21.4800,21.7500,22.3000,23.9700,25.2800,26.5200
2026-08-09T15:15:28Z,2026-08-09,persistence,2026-08-13,5,24.1000,18.8600,20.7200,22.1000,23.2000,24.2000,25.1000,26.2200,27.7000,29.5000
2026-08-10T08:09:15Z,2026-08-10,persistence,2026-08-13,4,26.4000,21.4000,23.1000,24.4400,25.5200,26.5000,27.4000,28.4000,29.6000,31.6000
2026-08-11T07:42:26Z,2026-08-11,persistence,2026-08-13,3,26.3000,21.7000,23.4000,24.6000,25.6000,26.4000,27.2000,28.1000,29.3000,30.9000
2026-08-12T07:56:30Z,2026-08-12,persistence,2026-08-13,2,25.7000,21.9000,23.2000,24.1600,25.0000,25.7000,26.5000,27.3000,28.3000,29.5800
2026-08-13T07:58:13Z,2026-08-13,persistence,2026-08-13,1,28.1000,25.6000,26.5000,27.1000,27.6000,28.1000,28.6000,29.1000,29.7000,30.7000
2026-08-09T15:15:28Z,2026-08-09,seasonal_naive,2026-08-13,5,26.8000,,,,,,,,,
2026-08-10T08:09:15Z,2026-08-10,seasonal_naive,2026-08-13,4,26.8000,,,,,,,,,
2026-08-11T07:42:26Z,2026-08-11,seasonal_naive,2026-08-13,3,26.8000,,,,,,,,,
2026-08-12T07:56:30Z,2026-08-12,seasonal_naive,2026-08-13,2,26.8000,,,,,,,,,
2026-08-13T07:58:13Z,2026-08-13,seasonal_naive,2026-08-13,1,26.8000,,,,,,,,,
2026-08-09T15:15:28Z,2026-08-09,tabicl,2026-08-13,5,22.5448,17.2547,19.1886,20.4792,21.5326,22.5442,23.4963,24.5918,26.0308,28.0211
2026-08-10T08:09:15Z,2026-08-10,tabicl,2026-08-13,4,25.4903,19.8907,21.8801,23.3412,24.5057,25.5517,26.5017,27.5457,29.0713,31.2457
2026-08-11T07:42:26Z,2026-08-11,tabicl,2026-08-13,3,25.6994,21.5251,23.0495,24.1826,25.0104,25.7524,26.4274,27.1966,28.2607,29.8549
2026-08-12T07:56:30Z,2026-08-12,tabicl,2026-08-13,2,24.7808,21.3351,22.6450,23.5800,24.2804,24.9021,25.4645,26.0990,26.9026,28.0470
2026-08-13T07:58:13Z,2026-08-13,tabicl,2026-08-13,1,27.4671,24.7393,25.7178,26.4818,27.0193,27.5204,27.9761,28.4315,29.0776,30.0293
2026-08-09T15:15:28Z,2026-08-09,climatology,2026-08-14,6,22.2667,19.9600,20.5200,21.2000,21.3800,21.6000,22.0200,23.1400,23.8800,25.4400
2026-08-10T08:09:15Z,2026-08-10,climatology,2026-08-14,5,22.3882,19.9900,20.5800,21.2000,21.4200,21.7000,22.0800,23.2500,24.0400,26.1600
2026-08-11T07:42:26Z,2026-08-11,climatology,2026-08-14,4,22.5000,20.0200,20.6400,21.2200,21.4600,21.8000,22.3000,23.6000,24.2400,26.3600
2026-08-12T07:56:30Z,2026-08-12,climatology,2026-08-14,3,22.5889,20.0500,20.7000,21.2500,21.5000,21.9000,22.6000,23.7000,24.8000,26.3500
2026-08-13T07:58:13Z,2026-08-13,climatology,2026-08-14,2,22.7378,20.0800,20.7000,21.2800,21.5400,22.0000,22.9000,23.7600,25.4400,26.5600
2026-08-14T07:54:34Z,2026-08-14,climatology,2026-08-14,1,22.9316,20.1100,20.7000,21.3000,21.5800,22.0000,23.1200,23.9700,25.6600,26.9800
2026-08-09T15:15:28Z,2026-08-09,persistence,2026-08-14,6,24.1000,18.4500,20.7000,22.2000,23.1000,24.0000,25.2000,26.3000,27.8000,29.8000
2026-08-10T08:09:15Z,2026-08-10,persistence,2026-08-14,5,26.4000,21.1700,23.0400,24.4000,25.5000,26.5000,27.4000,28.5000,30.0000,31.8000
2026-08-11T07:42:26Z,2026-08-11,persistence,2026-08-14,4,26.3000,21.3000,23.0000,24.3700,25.4600,26.4000,27.3000,28.3300,29.5000,31.5000
2026-08-12T07:56:30Z,2026-08-12,persistence,2026-08-14,3,25.7000,21.1000,22.8200,24.0000,25.0000,25.8000,26.6000,27.5000,28.7000,30.3000
2026-08-13T07:58:13Z,2026-08-13,persistence,2026-08-14,2,28.1000,24.3000,25.6000,26.5900,27.4000,28.1000,28.9000,29.7000,30.7000,31.9700
2026-08-14T07:54:34Z,2026-08-14,persistence,2026-08-14,1,30.1000,27.6000,28.5000,29.1000,29.6000,30.1000,30.6000,31.1000,31.7000,32.7000
2026-08-09T15:15:28Z,2026-08-09,seasonal_naive,2026-08-14,6,25.6000,,,,,,,,,
2026-08-10T08:09:15Z,2026-08-10,seasonal_naive,2026-08-14,5,25.6000,,,,,,,,,
2026-08-11T07:42:26Z,2026-08-11,seasonal_naive,2026-08-14,4,25.6000,,,,,,,,,
2026-08-12T07:56:30Z,2026-08-12,seasonal_naive,2026-08-14,3,25.6000,,,,,,,,,
2026-08-13T07:58:13Z,2026-08-13,seasonal_naive,2026-08-14,2,25.6000,,,,,,,,,
2026-08-14T07:54:34Z,2026-08-14,seasonal_naive,2026-08-14,1,25.6000,,,,,,,,,
2026-08-09T15:15:28Z,2026-08-09,tabicl,2026-08-14,6,21.9210,16.1218,18.3656,19.7777,20.9106,22.0033,23.0332,24.1992,25.7043,27.7469
2026-08-10T08:09:15Z,2026-08-10,tabicl,2026-08-14,5,24.9373,18.7431,21.0324,22.6094,23.8785,25.0405,26.0980,27.2501,28.9073,31.2028
2026-08-11T07:42:26Z,2026-08-11,tabicl,2026-08-14,4,25.1494,20.5558,22.2437,23.4678,24.4002,25.2476,26.0263,26.8848,28.0240,29.6542
2026-08-12T07:56:30Z,2026-08-12,tabicl,2026-08-14,3,24.4087,20.6115,22.0567,23.0963,23.8727,24.5758,25.2089,25.9136,26.7713,27.9935
2026-08-13T07:58:13Z,2026-08-13,tabicl,2026-08-14,2,26.9331,23.6226,24.8129,25.6893,26.3557,26.9541,27.5606,28.1705,29.0111,30.1485
2026-08-14T07:54:34Z,2026-08-14,tabicl,2026-08-14,1,29.6025,26.6201,27.6451,28.4689,29.0393,29.5985,30.0725,30.5799,31.3678,32.5713
2026-08-09T15:15:28Z,2026-08-09,climatology,2026-08-15,7,22.1788,19.7400,20.2800,21.0000,21.3000,21.8000,22.2000,23.1400,23.8800,25.4400
2026-08-10T08:09:15Z,2026-08-10,climatology,2026-08-15,6,22.1788,19.7400,20.2800,21.0000,21.3000,21.8000,22.2000,23.1400,23.8800,25.4400
2026-08-11T07:42:26Z,2026-08-11,climatology,2026-08-15,5,22.3000,19.7600,20.3200,21.1500,21.3600,21.9000,22.5000,23.2500,24.0400,26.0900
2026-08-12T07:56:30Z,2026-08-12,climatology,2026-08-15,4,22.3971,19.7800,20.3600,21.2000,21.4800,22.0000,22.7200,23.6000,24.2400,26.0600
2026-08-13T07:58:13Z,2026-08-13,climatology,2026-08-15,3,22.5556,19.8000,20.4000,21.2000,21.6000,22.0000,22.9000,23.7000,24.8000,26.5500
2026-08-14T07:54:34Z,2026-08-14,climatology,2026-08-15,2,22.7595,19.8200,20.4600,21.2000,21.6000,22.0000,23.0200,23.7600,25.4400,27.0400
2026-08-15T07:01:57Z,2026-08-15,climatology,2026-08-15,1,22.9921,19.8400,20.5200,21.2100,21.6000,22.0500,23.1200,23.9700,25.6600,27.6100
2026-08-09T15:15:28Z,2026-08-09,persistence,2026-08-15,7,24.1000,18.3000,20.6800,21.9000,23.0000,24.2000,25.2000,26.4000,27.8000,29.9000
2026-08-10T08:09:15Z,2026-08-10,persistence,2026-08-15,6,26.4000,20.7600,23.0000,24.5000,25.4000,26.3000,27.5000,28.6000,30.1000,32.1000
2026-08-11T07:42:26Z,2026-08-11,persistence,2026-08-15,5,26.3000,21.0800,22.9600,24.3000,25.4000,26.4000,27.3000,28.4000,29.9000,31.7000
2026-08-12T07:56:30Z,2026-08-12,persistence,2026-08-15,4,25.7000,20.7000,22.4000,23.8000,24.9000,25.8000,26.7000,27.8000,28.9000,30.9000
2026-08-13T07:58:13Z,2026-08-13,persistence,2026-08-15,3,28.1000,23.5000,25.2400,26.4000,27.4000,28.2000,29.0000,29.9000,31.1000,32.7000
2026-08-14T07:54:34Z,2026-08-14,persistence,2026-08-15,2,30.1000,26.3000,27.6000,28.6000,29.4000,30.1000,30.9000,31.7000,32.7000,34.0000
2026-08-15T07:01:57Z,2026-08-15,persistence,2026-08-15,1,31.6000,29.1000,30.0000,30.6000,31.1000,31.6000,32.1000,32.6000,33.2000,34.2000
2026-08-09T15:15:28Z,2026-08-09,seasonal_naive,2026-08-15,7,24.0000,,,,,,,,,
2026-08-10T08:09:15Z,2026-08-10,seasonal_naive,2026-08-15,6,24.0000,,,,,,,,,
2026-08-11T07:42:26Z,2026-08-11,seasonal_naive,2026-08-15,5,24.0000,,,,,,,,,
2026-08-12T07:56:30Z,2026-08-12,seasonal_naive,2026-08-15,4,24.0000,,,,,,,,,
2026-08-13T07:58:13Z,2026-08-13,seasonal_naive,2026-08-15,3,24.0000,,,,,,,,,
2026-08-14T07:54:34Z,2026-08-14,seasonal_naive,2026-08-15,2,24.0000,,,,,,,,,
2026-08-15T07:01:57Z,2026-08-15,seasonal_naive,2026-08-15,1,24.0000,,,,,,,,,
2026-08-09T15:15:28Z,2026-08-09,tabicl,2026-08-15,7,21.2700,14.9579,17.5104,19.0537,20.2674,21.4256,22.5239,23.7554,25.3256,27.4372
2026-08-10T08:09:15Z,2026-08-10,tabicl,2026-08-15,6,24.1488,17.4076,20.0182,21.6983,23.0561,24.3109,25.4658,26.7150,28.4617,30.7929
2026-08-11T07:42:26Z,2026-08-11,tabicl,2026-08-15,5,24.3552,19.2582,21.1913,22.5260,23.5713,24.5358,25.4318,26.3921,27.6149,29.2730
2026-08-12T07:56:30Z,2026-08-12,tabicl,2026-08-15,4,23.9524,19.6969,21.3304,22.4976,23.3792,24.1732,24.8959,25.6912,26.6300,27.9434
2026-08-13T07:58:13Z,2026-08-13,tabicl,2026-08-15,3,26.3360,22.4138,23.8463,24.8634,25.6735,26.3570,27.0786,27.8231,28.8661,30.2083
2026-08-14T07:54:34Z,2026-08-14,tabicl,2026-08-15,2,28.9618,24.9451,26.3009,27.3257,28.1540,28.9076,29.6068,30.3540,31.4957,33.1521
2026-08-15T07:01:57Z,2026-08-15,tabicl,2026-08-15,1,31.0068,28.0792,29.0942,29.9358,30.4873,31.0595,31.5103,31.9919,32.7669,33.9440
2026-08-10T08:09:15Z,2026-08-10,climatology,2026-08-16,7,22.0576,18.7600,20.2000,21.0000,21.3000,21.7000,22.2000,23.1400,23.8800,25.4400
2026-08-11T07:42:26Z,2026-08-11,climatology,2026-08-16,6,22.0576,18.7600,20.2000,21.0000,21.3000,21.7000,22.2000,23.1400,23.8800,25.4400
2026-08-12T07:56:30Z,2026-08-12,climatology,2026-08-16,5,22.1647,18.8400,20.2000,21.1500,21.3600,21.8500,22.5000,23.2500,24.0400,25.6700
2026-08-13T07:58:13Z,2026-08-13,climatology,2026-08-16,4,22.3343,18.9200,20.2000,21.2000,21.4800,22.0000,22.7200,23.6000,24.2400,26.3600
2026-08-14T07:54:34Z,2026-08-14,climatology,2026-08-16,3,22.5500,19.0000,20.2000,21.2000,21.6000,22.0000,22.9000,23.7000,24.8000,27.1000
2026-08-15T07:01:57Z,2026-08-15,climatology,2026-08-16,2,22.7946,19.0800,20.2400,21.2000,21.6000,22.0000,23.0200,23.7600,25.4400,27.6800
2026-08-16T07:04:42Z,2026-08-16,climatology,2026-08-16,1,22.9237,19.1600,20.2800,21.2100,21.6000,22.0500,23.1200,23.9700,25.6600,27.8200
2026-08-10T08:09:15Z,2026-08-10,persistence,2026-08-16,7,26.4000,20.6000,23.0000,24.2000,25.3000,26.5000,27.5000,28.7000,30.1000,32.2000
2026-08-11T07:42:26Z,2026-08-11,persistence,2026-08-16,6,26.3000,20.6700,22.9000,24.4000,25.3000,26.2000,27.4000,28.5000,30.0000,32.0000
2026-08-12T07:56:30Z,2026-08-12,persistence,2026-08-16,5,25.7000,20.4900,22.3800,23.7000,24.8000,25.8000,26.7000,27.8300,29.3000,31.1000
2026-08-13T07:58:13Z,2026-08-13,persistence,2026-08-16,4,28.1000,23.1000,24.8200,26.2000,27.3000,28.2000,29.1000,30.2000,31.3000,33.3000
2026-08-14T07:54:34Z,2026-08-14,persistence,2026-08-16,3,30.1000,25.5000,27.2600,28.4000,29.4000,30.2000,31.0000,31.9100,33.1000,34.7000
2026-08-15T07:01:57Z,2026-08-15,persistence,2026-08-16,2,31.6000,27.8000,29.1000,30.1000,30.9000,31.6000,32.4000,33.2000,34.2000,35.5000
2026-08-16T07:04:42Z,2026-08-16,persistence,2026-08-16,1,27.7000,25.2000,26.1000,26.7000,27.2000,27.7000,28.2000,28.7000,29.3000,30.3000
2026-08-10T08:09:15Z,2026-08-10,seasonal_naive,2026-08-16,7,23.2000,,,,,,,,,
2026-08-11T07:42:26Z,2026-08-11,seasonal_naive,2026-08-16,6,23.2000,,,,,,,,,
2026-08-12T07:56:30Z,2026-08-12,seasonal_naive,2026-08-16,5,23.2000,,,,,,,,,
2026-08-13T07:58:13Z,2026-08-13,seasonal_naive,2026-08-16,4,23.2000,,,,,,,,,
2026-08-14T07:54:34Z,2026-08-14,seasonal_naive,2026-08-16,3,23.2000,,,,,,,,,
2026-08-15T07:01:57Z,2026-08-15,seasonal_naive,2026-08-16,2,23.2000,,,,,,,,,
2026-08-16T07:04:42Z,2026-08-16,seasonal_naive,2026-08-16,1,23.2000,,,,,,,,,
2026-08-10T08:09:15Z,2026-08-10,tabicl,2026-08-16,7,23.4201,16.2280,19.1224,20.8903,22.3139,23.6321,24.8609,26.1880,27.9972,30.3442
2026-08-11T07:42:26Z,2026-08-11,tabicl,2026-08-16,6,23.6284,17.9405,20.1710,21.6377,22.7984,23.8780,24.8907,25.9604,27.3021,29.0485
2026-08-12T07:56:30Z,2026-08-12,tabicl,2026-08-16,5,23.4644,18.6839,20.5432,21.8492,22.8488,23.7432,24.5670,25.4601,26.5032,27.9230
2026-08-13T07:58:13Z,2026-08-13,tabicl,2026-08-16,4,25.7683,21.2377,22.9239,24.0922,25.0330,25.8015,26.6275,27.5028,28.7309,30.2463
2026-08-14T07:54:34Z,2026-08-14,tabicl,2026-08-16,3,28.3290,23.3795,25.0924,26.3183,27.3622,28.2620,29.1414,30.0843,31.5386,33.5143
2026-08-15T07:01:57Z,2026-08-15,tabicl,2026-08-16,2,30.6150,26.6486,28.0180,29.0849,29.8971,30.6669,31.3140,32.0097,33.1118,34.7194
2026-08-16T07:04:42Z,2026-08-16,tabicl,2026-08-16,1,26.1788,22.4791,23.8799,24.8834,25.5952,26.2505,26.9392,27.6453,28.4937,29.7662
2026-08-11T07:42:26Z,2026-08-11,climatology,2026-08-17,7,21.7242,17.7800,19.5200,20.3200,21.2000,21.7000,22.2000,22.9800,23.7000,25.4400
2026-08-12T07:56:30Z,2026-08-12,climatology,2026-08-17,6,21.7242,17.7800,19.5200,20.3200,21.2000,21.7000,22.2000,22.9800,23.7000,25.4400
2026-08-13T07:58:13Z,2026-08-13,climatology,2026-08-17,5,21.9118,17.8200,19.5800,20.3800,21.2200,21.8500,22.5000,23.1100,23.8200,26.4400
2026-08-14T07:54:34Z,2026-08-14,climatology,2026-08-17,4,22.1457,17.8600,19.6400,20.4600,21.2600,22.0000,22.6800,23.1800,24.1600,27.1600
2026-08-15T07:01:57Z,2026-08-15,climatology,2026-08-17,3,22.4083,17.9000,19.7000,20.5500,21.3000,22.0000,22.8000,23.4500,24.8000,27.7500
2026-08-16T07:04:42Z,2026-08-16,climatology,2026-08-17,2,22.5514,17.9400,19.8000,20.6400,21.4200,22.0000,22.8600,23.7000,25.4400,27.8600
2026-08-17T07:27:08Z,2026-08-17,climatology,2026-08-17,1,22.6447,17.9800,19.9000,20.7500,21.5400,22.0500,22.9400,23.7000,25.9000,27.8200
2026-08-11T07:42:26Z,2026-08-11,persistence,2026-08-17,7,26.3000,20.5000,22.9000,24.1000,25.2000,26.4000,27.4000,28.6000,30.0000,32.1000
2026-08-12T07:56:30Z,2026-08-12,persistence,2026-08-17,6,25.7000,20.0800,22.3000,23.8000,24.7000,25.6000,26.8000,27.9000,29.4000,31.4000
2026-08-13T07:58:13Z,2026-08-13,persistence,2026-08-17,5,28.1000,22.9000,24.8000,26.1000,27.2000,28.2000,29.1000,30.3000,31.7000,33.5000
2026-08-14T07:54:34Z,2026-08-14,persistence,2026-08-17,4,30.1000,25.1000,26.8400,28.2000,29.3000,30.2000,31.1000,32.2000,33.3600,35.3000
2026-08-15T07:01:57Z,2026-08-15,persistence,2026-08-17,3,31.6000,27.0000,28.7800,29.9000,30.9000,31.7000,32.5000,33.4800,34.6000,36.2000
2026-08-16T07:04:42Z,2026-08-16,persistence,2026-08-17,2,27.7000,23.9000,25.2000,26.1800,27.0000,27.7000,28.5000,29.3000,30.3000,31.6000
2026-08-17T07:27:08Z,2026-08-17,persistence,2026-08-17,1,26.1000,23.6000,24.5000,25.1000,25.6000,26.1000,26.6000,27.1000,27.7000,28.7000
2026-08-11T07:42:26Z,2026-08-11,seasonal_naive,2026-08-17,7,21.2000,,,,,,,,,
2026-08-12T07:56:30Z,2026-08-12,seasonal_naive,2026-08-17,6,21.2000,,,,,,,,,
2026-08-13T07:58:13Z,2026-08-13,seasonal_naive,2026-08-17,5,21.2000,,,,,,,,,
2026-08-14T07:54:34Z,2026-08-14,seasonal_naive,2026-08-17,4,21.2000,,,,,,,,,
2026-08-15T07:01:57Z,2026-08-15,seasonal_naive,2026-08-17,3,21.2000,,,,,,,,,
2026-08-16T07:04:42Z,2026-08-16,seasonal_naive,2026-08-17,2,21.2000,,,,,,,,,
2026-08-17T07:27:08Z,2026-08-17,seasonal_naive,2026-08-17,1,21.2000,,,,,,,,,
2026-08-11T07:42:26Z,2026-08-11,tabicl,2026-08-17,7,23.2089,17.2268,19.5666,21.0933,22.3137,23.4622,24.5467,25.6804,27.0973,28.9071
2026-08-12T07:56:30Z,2026-08-12,tabicl,2026-08-17,6,23.0210,17.8082,19.8020,21.2037,22.2996,23.2883,24.2207,25.2139,26.3802,27.9198
2026-08-13T07:58:13Z,2026-08-13,tabicl,2026-08-17,5,24.8146,19.6941,21.6168,22.9318,24.0005,24.8712,25.8022,26.8022,28.1976,29.8553
2026-08-14T07:54:34Z,2026-08-14,tabicl,2026-08-17,4,27.0993,21.3771,23.4025,24.8156,26.0261,27.0253,28.0631,29.1661,30.8817,32.9648
2026-08-15T07:01:57Z,2026-08-15,tabicl,2026-08-17,3,29.7302,24.5389,26.3337,27.6653,28.7997,29.7901,30.6937,31.6551,33.1388,35.0184
2026-08-16T07:04:42Z,2026-08-16,tabicl,2026-08-17,2,25.5252,20.7459,22.4780,23.7390,24.7039,25.6070,26.5109,27.5130,28.6709,30.2952
2026-08-17T07:27:08Z,2026-08-17,tabicl,2026-08-17,1,25.4696,21.6481,22.9963,23.9781,24.7530,25.4576,26.1673,26.9720,27.9459,29.3656
2026-08-12T07:56:30Z,2026-08-12,climatology,2026-08-18,7,21.2970,17.4600,18.3000,20.0000,20.6400,21.6000,22.0200,22.8400,23.5000,24.0800
2026-08-13T07:58:13Z,2026-08-13,climatology,2026-08-18,6,21.2970,17.4600,18.3000,20.0000,20.6400,21.6000,22.0200,22.8400,23.5000,24.0800
2026-08-14T07:54:34Z,2026-08-14,climatology,2026-08-18,5,21.5559,17.4900,18.4000,20.1500,20.8000,21.6500,22.0800,22.9200,23.7000,25.1500
2026-08-15T07:01:57Z,2026-08-15,climatology,2026-08-18,4,21.8429,17.5200,18.5000,20.2000,21.0000,21.7000,22.3000,23.0600,23.7600,26.3200
2026-08-16T07:04:42Z,2026-08-16,climatology,2026-08-18,3,22.0056,17.5500,18.6000,20.2000,21.2000,21.8500,22.6000,23.1500,24.0000,27.2500
2026-08-17T07:27:08Z,2026-08-17,climatology,2026-08-18,2,22.1162,17.5800,18.7600,20.2000,21.2000,22.0000,22.7200,23.3000,24.0800,27.1600
2026-08-18T07:09:37Z,2026-08-18,climatology,2026-08-18,1,22.1895,17.6100,18.9200,20.2200,21.2000,22.0000,22.8200,23.6500,24.5800,27.0700
2026-08-12T07:56:30Z,2026-08-12,persistence,2026-08-18,7,25.7000,19.9000,22.3000,23.5000,24.6000,25.7500,26.8000,27.9900,29.4000,31.5000
2026-08-13T07:58:13Z,2026-08-13,persistence,2026-08-18,6,28.1000,22.4900,24.7000,26.2000,27.1000,28.0000,29.2000,30.3000,31.8000,33.8200
2026-08-14T07:54:34Z,2026-08-14,persistence,2026-08-18,5,30.1000,24.9000,26.8000,28.1000,29.2000,30.2000,31.1000,32.3000,33.7000,35.5000
2026-08-15T07:01:57Z,2026-08-15,persistence,2026-08-18,4,31.6000,26.6000,28.3600,29.7000,30.8000,31.7000,32.6000,33.7000,34.9000,36.8000
2026-08-16T07:04:42Z,2026-08-16,persistence,2026-08-18,3,27.7000,23.1000,24.9000,26.0000,27.0000,27.8000,28.6000,29.5500,30.7000,32.3000
2026-08-17T07:27:08Z,2026-08-17,persistence,2026-08-18,2,26.1000,22.2700,23.6000,24.5100,25.4000,26.1000,26.9000,27.7000,28.7000,30.0000
2026-08-18T07:09:37Z,2026-08-18,persistence,2026-08-18,1,24.9000,22.4000,23.3000,23.9000,24.4000,24.9000,25.4000,25.9000,26.5000,27.5000
2026-08-12T07:56:30Z,2026-08-12,seasonal_naive,2026-08-18,7,22.1000,,,,,,,,,
2026-08-13T07:58:13Z,2026-08-13,seasonal_naive,2026-08-18,6,22.1000,,,,,,,,,
2026-08-14T07:54:34Z,2026-08-14,seasonal_naive,2026-08-18,5,22.1000,,,,,,,,,
2026-08-15T07:01:57Z,2026-08-15,seasonal_naive,2026-08-18,4,22.1000,,,,,,,,,
2026-08-16T07:04:42Z,2026-08-16,seasonal_naive,2026-08-18,3,22.1000,,,,,,,,,
2026-08-17T07:27:08Z,2026-08-17,seasonal_naive,2026-08-18,2,22.1000,,,,,,,,,
2026-08-18T07:09:37Z,2026-08-18,seasonal_naive,2026-08-18,1,22.1000,,,,,,,,,
2026-08-12T07:56:30Z,2026-08-12,tabicl,2026-08-18,7,22.6466,17.0572,19.2069,20.6941,21.8667,22.9303,23.9393,25.0004,26.2568,27.8878
2026-08-13T07:58:13Z,2026-08-13,tabicl,2026-08-18,6,24.1777,18.7250,20.7989,22.1888,23.3175,24.2440,25.2343,26.3095,27.7898,29.5273
2026-08-14T07:54:34Z,2026-08-14,tabicl,2026-08-18,5,26.2155,20.0304,22.2943,23.8130,25.1002,26.1611,27.2780,28.4739,30.3166,32.4732
2026-08-15T07:01:57Z,2026-08-15,tabicl,2026-08-18,4,28.9300,23.0832,25.1535,26.6253,27.9057,29.0230,30.0651,31.1610,32.8346,34.8170
2026-08-16T07:04:42Z,2026-08-16,tabicl,2026-08-18,3,24.9689,19.7330,21.6837,23.0623,24.1152,25.1027,26.0793,27.1545,28.4038,30.1558
2026-08-17T07:27:08Z,2026-08-17,tabicl,2026-08-18,2,24.4466,20.2937,21.7941,22.8678,23.7135,24.4763,25.2404,26.1062,27.1499,28.6608
2026-08-18T07:09:37Z,2026-08-18,tabicl,2026-08-18,1,24.0210,21.0871,22.2290,22.9880,23.5535,24.0764,24.5574,25.1090,25.8194,26.8894
2026-08-13T07:58:13Z,2026-08-13,climatology,2026-08-19,7,20.8970,17.4600,18.2200,20.0000,20.3600,21.2000,22.0000,22.6000,23.0200,23.7000
2026-08-14T07:54:34Z,2026-08-14,climatology,2026-08-19,6,20.8970,17.4600,18.2200,20.0000,20.3600,21.2000,22.0000,22.6000,23.0200,23.7000
2026-08-15T07:01:57Z,2026-08-15,climatology,2026-08-19,5,21.2118,17.4900,18.2800,20.1500,20.4600,21.4000,22.0000,22.6200,23.1400,23.9100
2026-08-16T07:04:42Z,2026-08-16,climatology,2026-08-19,4,21.3971,17.5200,18.3400,20.2000,20.5800,21.6000,22.0400,22.7600,23.3000,24.0600
2026-08-17T07:27:08Z,2026-08-17,climatology,2026-08-19,3,21.5278,17.5500,18.4000,20.2000,20.7000,21.6500,22.1000,22.8500,23.7000,24.8500
2026-08-18T07:09:37Z,2026-08-18,climatology,2026-08-19,2,21.6189,17.5800,18.4400,20.2000,20.9000,21.7000,22.4000,22.9400,23.7000,25.1800
2026-08-19T07:10:27Z,2026-08-19,climatology,2026-08-19,1,21.6711,17.6100,18.4800,20.2000,21.1000,21.8500,22.6000,23.0800,23.7000,25.1100
2026-08-13T07:58:13Z,2026-08-13,persistence,2026-08-19,7,28.1000,22.3000,24.7000,25.9000,27.0000,28.2000,29.2000,30.4000,31.8000,33.9000
2026-08-14T07:54:34Z,2026-08-14,persistence,2026-08-19,6,30.1000,24.5000,26.7000,28.2000,29.1000,30.0000,31.2000,32.3000,33.8000,36.0000
2026-08-15T07:01:57Z,2026-08-15,persistence,2026-08-19,5,31.6000,26.4000,28.3000,29.6000,30.7000,31.7000,32.6000,33.8000,35.2000,37.0000
2026-08-16T07:04:42Z,2026-08-16,persistence,2026-08-19,4,27.7000,22.7000,24.4800,25.8000,26.9000,27.8000,28.7000,29.8000,31.0000,32.9000
2026-08-17T07:27:08Z,2026-08-17,persistence,2026-08-19,3,26.1000,21.5000,23.2200,24.4000,25.4000,26.2000,27.0000,27.9200,29.1000,30.7000
2026-08-18T07:09:37Z,2026-08-18,persistence,2026-08-19,2,24.9000,21.0800,22.4000,23.3000,24.2000,24.9000,25.7000,26.5000,27.5000,28.8000
2026-08-19T07:10:27Z,2026-08-19,persistence,2026-08-19,1,23.6000,21.1000,22.0000,22.6000,23.1000,23.6000,24.1000,24.6000,25.2000,26.2000
2026-08-13T07:58:13Z,2026-08-13,seasonal_naive,2026-08-19,7,22.6000,,,,,,,,,
2026-08-14T07:54:34Z,2026-08-14,seasonal_naive,2026-08-19,6,22.6000,,,,,,,,,
2026-08-15T07:01:57Z,2026-08-15,seasonal_naive,2026-08-19,5,22.6000,,,,,,,,,
2026-08-16T07:04:42Z,2026-08-16,seasonal_naive,2026-08-19,4,22.6000,,,,,,,,,
2026-08-17T07:27:08Z,2026-08-17,seasonal_naive,2026-08-19,3,22.6000,,,,,,,,,
2026-08-18T07:09:37Z,2026-08-18,seasonal_naive,2026-08-19,2,22.6000,,,,,,,,,
2026-08-19T07:10:27Z,2026-08-19,seasonal_naive,2026-08-19,1,22.6000,,,,,,,,,
2026-08-13T07:58:13Z,2026-08-13,tabicl,2026-08-19,7,23.6839,17.9586,20.1522,21.5984,22.7718,23.7443,24.7846,25.9234,27.4795,29.3018
2026-08-14T07:54:34Z,2026-08-14,tabicl,2026-08-19,6,25.6182,19.2052,21.5863,23.1534,24.4678,25.5526,26.7102,27.9613,29.8716,32.0820
2026-08-15T07:01:57Z,2026-08-15,tabicl,2026-08-19,5,28.1662,21.7457,24.0576,25.6296,27.0159,28.2291,29.3984,30.6360,32.5156,34.6349
2026-08-16T07:04:42Z,2026-08-16,tabicl,2026-08-19,4,24.7027,19.1332,21.2306,22.6906,23.8082,24.8499,25.8778,27.0144,28.3470,30.2116
2026-08-17T07:27:08Z,2026-08-17,tabicl,2026-08-19,3,23.8257,19.2605,20.9638,22.1441,23.0667,23.8999,24.7286,25.6654,26.8047,28.4300
2026-08-18T07:09:37Z,2026-08-18,tabicl,2026-08-19,2,23.6363,20.0732,21.4464,22.3591,23.0548,23.6935,24.3138,25.0029,25.8816,27.1654
2026-08-19T07:10:27Z,2026-08-19,tabicl,2026-08-19,1,23.0154,20.4448,21.4878,22.1591,22.6387,23.0921,23.4959,23.9721,24.5769,25.4494
2026-08-14T07:54:34Z,2026-08-14,climatology,2026-08-20,7,20.6939,17.4600,18.2200,20.0000,20.2000,21.2000,21.6200,22.0400,22.7200,23.6000
2026-08-15T07:01:57Z,2026-08-15,climatology,2026-08-20,6,20.6939,17.4600,18.2200,20.0000,20.2000,21.2000,21.6200,22.0400,22.7200,23.6000
2026-08-16T07:04:42Z,2026-08-16,climatology,2026-08-20,5,20.9000,17.4900,18.2800,20.1500,20.3000,21.2000,21.6800,22.1500,22.8400,23.7000
2026-08-17T07:27:08Z,2026-08-17,climatology,2026-08-20,4,21.0486,17.5200,18.3400,20.2000,20.5000,21.2000,21.8200,22.5000,22.9600,23.8800
2026-08-18T07:09:37Z,2026-08-18,climatology,2026-08-20,3,21.1556,17.5500,18.4000,20.2000,20.7000,21.3000,22.0000,22.6000,23.2000,24.0500
2026-08-19T07:10:27Z,2026-08-19,climatology,2026-08-20,2,21.2216,17.5800,18.4400,20.2000,20.7400,21.4000,22.0000,22.6400,23.5200,24.0400
2026-08-20T07:11:18Z,2026-08-20,climatology,2026-08-20,1,21.2842,17.6100,18.4800,20.2000,20.7800,21.5000,22.0200,22.7800,23.6000,24.0300
2026-08-14T07:54:34Z,2026-08-14,persistence,2026-08-20,7,30.1000,24.3000,26.7000,27.9000,29.0000,30.2000,31.2000,32.4000,33.8000,35.9100
2026-08-15T07:01:57Z,2026-08-15,persistence,2026-08-20,6,31.6000,26.0000,28.2000,29.7000,30.6000,31.5000,32.7000,33.8000,35.3800,37.5000
2026-08-16T07:04:42Z,2026-08-16,persistence,2026-08-20,5,27.7000,22.5000,24.4000,25.7000,26.8000,27.8000,28.7000,29.9000,31.3000,33.1000
2026-08-17T07:27:08Z,2026-08-17,persistence,2026-08-20,4,26.1000,21.1000,22.9000,24.2000,25.3000,26.2000,27.1000,28.2000,29.4000,31.3000
2026-08-18T07:09:37Z,2026-08-18,persistence,2026-08-20,3,24.9000,20.3000,22.0000,23.2000,24.2000,25.0000,25.8000,26.7000,27.9000,29.5000
2026-08-19T07:10:27Z,2026-08-19,persistence,2026-08-20,2,23.6000,19.7900,21.1000,22.0000,22.9000,23.6000,24.4000,25.2000,26.2000,27.5000
2026-08-20T07:11:18Z,2026-08-20,persistence,2026-08-20,1,23.6000,21.1000,22.0000,22.6000,23.1000,23.6000,24.1000,24.6000,25.2000,26.2000
2026-08-14T07:54:34Z,2026-08-14,seasonal_naive,2026-08-20,7,19.7000,,,,,,,,,
2026-08-15T07:01:57Z,2026-08-15,seasonal_naive,2026-08-20,6,19.7000,,,,,,,,,
2026-08-16T07:04:42Z,2026-08-16,seasonal_naive,2026-08-20,5,19.7000,,,,,,,,,
2026-08-17T07:27:08Z,2026-08-17,seasonal_naive,2026-08-20,4,19.7000,,,,,,,,,
2026-08-18T07:09:37Z,2026-08-18,seasonal_naive,2026-08-20,3,19.7000,,,,,,,,,
2026-08-19T07:10:27Z,2026-08-19,seasonal_naive,2026-08-20,2,19.7000,,,,,,,,,
2026-08-20T07:11:18Z,2026-08-20,seasonal_naive,2026-08-20,1,19.7000,,,,,,,,,
2026-08-14T07:54:34Z,2026-08-14,tabicl,2026-08-20,7,25.1422,18.5759,21.0205,22.6173,23.9497,25.0506,26.2388,27.5357,29.4991,31.7797
2026-08-15T07:01:57Z,2026-08-15,tabicl,2026-08-20,6,27.3719,20.6276,23.0673,24.6832,26.1140,27.3728,28.6268,29.9708,31.9889,34.2105
2026-08-16T07:04:42Z,2026-08-16,tabicl,2026-08-20,5,24.6021,18.7608,20.9694,22.4882,23.6570,24.7395,25.8067,26.9992,28.4217,30.4035
2026-08-17T07:27:08Z,2026-08-17,tabicl,2026-08-20,4,23.5823,18.6842,20.5459,21.8101,22.7924,23.6811,24.5608,25.5550,26.7770,28.5001
2026-08-18T07:09:37Z,2026-08-18,tabicl,2026-08-20,3,23.5735,19.5522,21.1219,22.1462,22.9210,23.6317,24.3327,25.1227,26.1394,27.6002
2026-08-19T07:10:27Z,2026-08-19,tabicl,2026-08-20,2,22.9438,19.8343,21.0454,21.8506,22.4437,23.0014,23.5201,24.1233,24.8789,25.9780
2026-08-20T07:11:18Z,2026-08-20,tabicl,2026-08-20,1,23.7011,21.6296,22.4134,22.9115,23.2829,23.6216,23.9625,24.3853,24.9779,25.8539
2026-08-15T07:01:57Z,2026-08-15,climatology,2026-08-21,7,20.4091,17.0000,17.7800,18.5200,20.2000,20.8000,21.4400,22.0400,22.6000,23.1400
2026-08-16T07:04:42Z,2026-08-16,climatology,2026-08-21,6,20.4091,17.0000,17.7800,18.5200,20.2000,20.8000,21.4400,22.0400,22.6000,23.1400
2026-08-17T07:27:08Z,2026-08-17,climatology,2026-08-21,5,20.5765,17.0500,17.8200,18.5800,20.2000,21.0000,21.5600,22.1500,22.6800,23.5500
2026-08-18T07:09:37Z,2026-08-18,climatology,2026-08-21,4,20.7000,17.1000,17.8600,18.8200,20.2000,21.2000,21.6400,22.5000,22.8200,23.7000
2026-08-19T07:10:27Z,2026-08-19,climatology,2026-08-21,3,20.7806,17.1500,17.9000,19.1500,20.2000,21.2000,21.7000,22.6000,22.9000,23.7000
2026-08-20T07:11:18Z,2026-08-20,climatology,2026-08-21,2,20.8568,17.2000,17.9400,19.4800,20.4000,21.2000,21.8800,22.6000,23.1400,23.7000
2026-08-21T07:12:27Z,2026-08-21,climatology,2026-08-21,1,20.8395,17.2500,17.9800,19.7500,20.2000,21.2000,21.7600,22.6000,23.0800,23.7000
2026-08-15T07:01:57Z,2026-08-15,persistence,2026-08-21,7,31.6000,25.8000,28.2000,29.4000,30.5000,31.7000,32.7000,33.9000,35.3000,37.5000
2026-08-16T07:04:42Z,2026-08-16,persistence,2026-08-21,6,27.7000,22.1000,24.3000,25.8000,26.7000,27.6000,28.8000,29.9000,31.4600,33.6000
2026-08-17T07:27:08Z,2026-08-17,persistence,2026-08-21,5,26.1000,20.9000,22.8000,24.1000,25.2000,26.2000,27.1000,28.3000,29.7000,31.5000
2026-08-18T07:09:37Z,2026-08-18,persistence,2026-08-21,4,24.9000,19.9000,21.6200,22.9800,24.1000,25.0000,25.9000,27.0000,28.1800,30.1000
2026-08-19T07:10:27Z,2026-08-19,persistence,2026-08-21,3,23.6000,19.0000,20.7000,21.9000,22.9000,23.7000,24.5000,25.4000,26.6000,28.2000
2026-08-20T07:11:18Z,2026-08-20,persistence,2026-08-21,2,23.6000,19.8000,21.1000,22.0000,22.9000,23.6000,24.4000,25.2000,26.2000,27.5000
2026-08-21T07:12:27Z,2026-08-21,persistence,2026-08-21,1,20.2000,17.7000,18.6000,19.2000,19.7000,20.2000,20.7000,21.2000,21.8000,22.8000
2026-08-15T07:01:57Z,2026-08-15,seasonal_naive,2026-08-21,7,18.6000,,,,,,,,,
2026-08-16T07:04:42Z,2026-08-16,seasonal_naive,2026-08-21,6,18.6000,,,,,,,,,
2026-08-17T07:27:08Z,2026-08-17,seasonal_naive,2026-08-21,5,18.6000,,,,,,,,,
2026-08-18T07:09:37Z,2026-08-18,seasonal_naive,2026-08-21,4,18.6000,,,,,,,,,
2026-08-19T07:10:27Z,2026-08-19,seasonal_naive,2026-08-21,3,18.6000,,,,,,,,,
2026-08-20T07:11:18Z,2026-08-20,seasonal_naive,2026-08-21,2,18.6000,,,,,,,,,
2026-08-21T07:12:27Z,2026-08-21,seasonal_naive,2026-08-21,1,18.6000,,,,,,,,,
2026-08-15T07:01:57Z,2026-08-15,tabicl,2026-08-21,7,26.7480,19.8129,22.3031,23.9383,25.3866,26.6600,27.9722,29.3987,31.5315,33.8777
2026-08-16T07:04:42Z,2026-08-16,tabicl,2026-08-21,6,24.5663,18.6178,20.8334,22.3641,23.5560,24.6532,25.7389,26.9687,28.4705,30.5533
2026-08-17T07:27:08Z,2026-08-17,tabicl,2026-08-21,5,23.5658,18.3606,20.3585,21.6964,22.7338,23.6706,24.5979,25.6454,26.9589,28.7820
2026-08-18T07:09:37Z,2026-08-18,tabicl,2026-08-21,4,23.6218,19.2206,20.9494,22.0622,22.9055,23.6752,24.4433,25.3199,26.4537,28.0587
2026-08-19T07:10:27Z,2026-08-19,tabicl,2026-08-21,3,23.1203,19.4649,20.8836,21.8164,22.5070,23.1537,23.7750,24.5039,25.4286,26.7700
2026-08-20T07:11:18Z,2026-08-20,tabicl,2026-08-21,2,23.7436,21.2263,22.1535,22.7664,23.2260,23.6537,24.0836,24.5933,25.3060,26.3617
2026-08-21T07:12:27Z,2026-08-21,tabicl,2026-08-21,1,20.9388,18.2432,19.2233,19.8378,20.3269,20.8126,21.3278,21.9487,22.7320,23.8316
2026-08-16T07:04:42Z,2026-08-16,climatology,2026-08-22,7,20.1303,16.8200,17.5800,18.0200,19.4800,20.2000,21.2400,22.0400,22.6000,22.8800
2026-08-17T07:27:08Z,2026-08-17,climatology,2026-08-22,6,20.1303,16.8200,17.5800,18.0200,19.4800,20.2000,21.2400,22.0400,22.6000,22.8800
2026-08-18T07:09:37Z,2026-08-18,climatology,2026-08-22,5,20.2706,16.8300,17.6200,18.0800,19.8000,20.5000,21.3600,22.1200,22.6000,23.4600
2026-08-19T07:10:27Z,2026-08-19,climatology,2026-08-22,4,20.3657,16.8400,17.6600,18.1600,20.0000,20.8000,21.5200,22.2600,22.6400,23.6600
2026-08-20T07:11:18Z,2026-08-20,climatology,2026-08-22,3,20.4556,16.8500,17.7000,18.2500,20.2000,21.0000,21.7000,22.4500,22.8000,23.6500
2026-08-21T07:12:27Z,2026-08-21,climatology,2026-08-22,2,20.4486,16.8600,17.7200,18.3400,20.2000,20.8000,21.5800,22.3600,22.7600,23.6400
2026-08-22T07:04:37Z,2026-08-22,climatology,2026-08-22,1,20.4211,16.8700,17.7400,18.4200,20.1000,20.5000,21.4600,22.2800,22.7200,23.6300
2026-08-16T07:04:42Z,2026-08-16,persistence,2026-08-22,7,27.7000,21.9000,24.3000,25.5000,26.6000,27.8000,28.8600,30.0000,31.4000,33.5900
2026-08-17T07:27:08Z,2026-08-17,persistence,2026-08-22,6,26.1000,20.5000,22.7000,24.2000,25.1000,26.0000,27.2000,28.3000,29.8400,32.0000
2026-08-18T07:09:37Z,2026-08-18,persistence,2026-08-22,5,24.9000,19.7000,21.6000,22.9000,24.0000,25.0000,25.9000,27.1000,28.5000,30.3000
2026-08-19T07:10:27Z,2026-08-19,persistence,2026-08-22,4,23.6000,18.5700,20.3000,21.6100,22.7800,23.7000,24.6000,25.7000,26.8600,28.8000
2026-08-20T07:11:18Z,2026-08-20,persistence,2026-08-22,3,23.6000,19.0000,20.7000,21.9000,22.8600,23.7000,24.5000,25.4000,26.6000,28.2000
2026-08-21T07:12:27Z,2026-08-21,persistence,2026-08-22,2,20.2000,16.4000,17.7000,18.6000,19.5000,20.2000,21.0000,21.8000,22.8000,24.0900
2026-08-22T07:04:37Z,2026-08-22,persistence,2026-08-22,1,19.4000,16.9000,17.8000,18.4000,18.9000,19.4000,19.9000,20.4000,21.0000,22.0000
2026-08-16T07:04:42Z,2026-08-16,seasonal_naive,2026-08-22,7,16.9000,,,,,,,,,
2026-08-17T07:27:08Z,2026-08-17,seasonal_naive,2026-08-22,6,16.9000,,,,,,,,,
2026-08-18T07:09:37Z,2026-08-18,seasonal_naive,2026-08-22,5,16.9000,,,,,,,,,
2026-08-19T07:10:27Z,2026-08-19,seasonal_naive,2026-08-22,4,16.9000,,,,,,,,,
2026-08-20T07:11:18Z,2026-08-20,seasonal_naive,2026-08-22,3,16.9000,,,,,,,,,
2026-08-21T07:12:27Z,2026-08-21,seasonal_naive,2026-08-22,2,16.9000,,,,,,,,,
2026-08-22T07:04:37Z,2026-08-22,seasonal_naive,2026-08-22,1,16.9000,,,,,,,,,
2026-08-16T07:04:42Z,2026-08-16,tabicl,2026-08-22,7,24.5520,18.5005,20.7242,22.2595,23.4711,24.5835,25.6913,26.9587,28.5460,30.7281
2026-08-17T07:27:08Z,2026-08-17,tabicl,2026-08-22,6,23.6503,18.2139,20.3006,21.6892,22.7667,23.7358,24.7002,25.7909,27.1947,29.1106
2026-08-18T07:09:37Z,2026-08-18,tabicl,2026-08-22,5,23.7355,18.9814,20.8412,22.0317,22.9426,23.7667,24.6000,25.5563,26.8127,28.5569
2026-08-19T07:10:27Z,2026-08-19,tabicl,2026-08-22,4,23.3029,19.2100,20.7929,21.8250,22.5970,23.3100,24.0120,24.8444,25.9167,27.4429
2026-08-20T07:11:18Z,2026-08-20,tabicl,2026-08-22,3,23.7954,20.8402,21.9254,22.6510,23.1827,23.6736,24.1716,24.7768,25.6366,26.9098
2026-08-21T07:12:27Z,2026-08-21,tabicl,2026-08-22,2,21.2708,18.1503,19.2717,19.9892,20.5815,21.1597,21.7509,22.4603,23.3479,24.5917
2026-08-22T07:04:37Z,2026-08-22,tabicl,2026-08-22,1,19.8088,17.1441,18.1299,18.7527,19.2184,19.6762,20.1723,20.7772,21.5454,22.6256
2026-08-17T07:27:08Z,2026-08-17,climatology,2026-08-23,7,19.8606,16.7200,17.4400,17.8600,18.5600,20.2000,20.3200,21.8600,22.6000,22.8800
2026-08-18T07:09:37Z,2026-08-18,climatology,2026-08-23,6,19.8606,16.7200,17.4400,17.8600,18.5600,20.2000,20.3200,21.8600,22.6000,22.8800
2026-08-19T07:10:27Z,2026-08-19,climatology,2026-08-23,5,19.9706,16.7300,17.4600,17.8900,18.6600,20.2000,20.6800,22.1200,22.6000,23.3900
2026-08-20T07:11:18Z,2026-08-20,climatology,2026-08-23,4,20.0743,16.7400,17.4800,17.9400,18.7800,20.2000,21.0400,22.2600,22.6400,23.6000
2026-08-21T07:12:27Z,2026-08-21,climatology,2026-08-23,3,20.0778,16.7500,17.5000,18.0000,18.9000,20.2000,20.8000,22.2000,22.6000,23.6000
2026-08-22T07:04:37Z,2026-08-22,climatology,2026-08-23,2,20.0595,16.7600,17.5400,18.0600,19.1000,20.2000,20.5600,22.1400,22.6000,23.6000
2026-08-23T07:06:35Z,2026-08-23,climatology,2026-08-23,1,20.0211,16.7700,17.5800,18.1300,18.8400,20.2000,20.3200,22.0600,22.6000,23.6000
2026-08-17T07:27:08Z,2026-08-17,persistence,2026-08-23,7,26.1000,20.3000,22.7000,23.9000,25.0000,26.2000,27.2200,28.4000,29.8000,31.9800
2026-08-18T07:09:37Z,2026-08-18,persistence,2026-08-23,6,24.9000,19.3000,21.5000,23.0000,23.9000,24.8000,26.0000,27.1000,28.6200,30.8000
2026-08-19T07:10:27Z,2026-08-19,persistence,2026-08-23,5,23.6000,18.3600,20.3000,21.6000,22.7000,23.7000,24.6000,25.8000,27.2000,29.0000
2026-08-20T07:11:18Z,2026-08-20,persistence,2026-08-23,4,23.6000,18.5800,20.3000,21.6000,22.7200,23.7000,24.6000,25.7000,26.8400,28.8000
2026-08-21T07:12:27Z,2026-08-21,persistence,2026-08-23,3,20.2000,15.6000,17.3000,18.5000,19.4000,20.3000,21.1000,22.0000,23.2000,24.8000
2026-08-22T07:04:37Z,2026-08-22,persistence,2026-08-23,2,19.4000,15.5200,16.9000,17.8000,18.7000,19.4000,20.2000,21.0000,22.0000,23.2800
2026-08-23T07:06:35Z,2026-08-23,persistence,2026-08-23,1,18.6000,16.1000,17.0000,17.6000,18.1000,18.6000,19.1000,19.6000,20.2000,21.2000
2026-08-17T07:27:08Z,2026-08-17,seasonal_naive,2026-08-23,7,17.4000,,,,,,,,,
2026-08-18T07:09:37Z,2026-08-18,seasonal_naive,2026-08-23,6,17.4000,,,,,,,,,
2026-08-19T07:10:27Z,2026-08-19,seasonal_naive,2026-08-23,5,17.4000,,,,,,,,,
2026-08-20T07:11:18Z,2026-08-20,seasonal_naive,2026-08-23,4,17.4000,,,,,,,,,
2026-08-21T07:12:27Z,2026-08-21,seasonal_naive,2026-08-23,3,17.4000,,,,,,,,,
2026-08-22T07:04:37Z,2026-08-22,seasonal_naive,2026-08-23,2,17.4000,,,,,,,,,
2026-08-23T07:06:35Z,2026-08-23,seasonal_naive,2026-08-23,1,17.4000,,,,,,,,,
2026-08-17T07:27:08Z,2026-08-17,tabicl,2026-08-23,7,23.7292,18.0263,20.2162,21.6659,22.7927,23.7943,24.7999,25.9383,27.4478,29.4752
2026-08-18T07:09:37Z,2026-08-18,tabicl,2026-08-23,6,23.8029,18.7272,20.6994,21.9642,22.9416,23.8116,24.7017,25.7236,27.0931,28.9546
2026-08-19T07:10:27Z,2026-08-19,tabicl,2026-08-23,5,23.4981,18.9971,20.7229,21.8488,22.7050,23.4754,24.2538,25.1784,26.3939,28.0842
2026-08-20T07:11:18Z,2026-08-20,tabicl,2026-08-23,4,23.9103,20.5188,21.7661,22.5970,23.2013,23.7496,24.3109,25.0193,26.0284,27.5132
2026-08-21T07:12:27Z,2026-08-21,tabicl,2026-08-23,3,21.5684,18.0452,19.3256,20.1485,20.8118,21.4613,22.1132,22.8972,23.8864,25.2735
2026-08-22T07:04:37Z,2026-08-22,tabicl,2026-08-23,2,19.9691,16.7595,17.9351,18.6903,19.2716,19.8361,20.4270,21.1590,22.0657,23.3485
2026-08-23T07:06:35Z,2026-08-23,tabicl,2026-08-23,1,18.8503,16.4076,17.3459,17.9063,18.2936,18.6987,19.1706,19.7024,20.4169,21.4330
2026-08-18T07:09:37Z,2026-08-18,climatology,2026-08-24,7,19.5121,16.4600,17.0600,17.6200,18.0600,18.9000,20.2000,21.4000,22.4800,22.7600
2026-08-19T07:10:27Z,2026-08-19,climatology,2026-08-24,6,19.5121,16.4600,17.0600,17.6200,18.0600,18.9000,20.2000,21.4000,22.4800,22.7600
2026-08-20T07:11:18Z,2026-08-20,climatology,2026-08-24,5,19.6324,16.4900,17.1400,17.6800,18.1600,19.3000,20.2000,21.4300,22.6000,22.8700
2026-08-21T07:12:27Z,2026-08-21,climatology,2026-08-24,4,19.6486,16.5200,17.2200,17.7200,18.2800,19.7000,20.2000,21.4000,22.6000,22.8600
2026-08-22T07:04:37Z,2026-08-22,climatology,2026-08-24,3,19.6417,16.5500,17.3000,17.7500,18.4000,19.5500,20.2000,21.4000,22.6000,22.8500
2026-08-23T07:06:35Z,2026-08-23,climatology,2026-08-24,2,19.6135,16.5800,17.3200,17.7800,18.4800,19.4000,20.2000,21.4000,22.5400,22.8400
2026-08-24T07:32:39Z,2026-08-24,climatology,2026-08-24,1,19.6053,16.6100,17.3400,17.8100,18.5600,19.3500,20.2000,21.3400,22.4800,22.8300
2026-08-18T07:09:37Z,2026-08-18,persistence,2026-08-24,7,24.9000,19.1000,21.5000,22.7000,23.8000,25.0000,26.0000,27.2000,28.6000,30.7700
2026-08-19T07:10:27Z,2026-08-19,persistence,2026-08-24,6,23.6000,18.0000,20.2000,21.7000,22.6000,23.5000,24.7000,25.8000,27.3000,29.5000
2026-08-20T07:11:18Z,2026-08-20,persistence,2026-08-24,5,23.6000,18.2700,20.2400,21.6000,22.7000,23.7000,24.6000,25.7900,27.2000,29.0000
2026-08-21T07:12:27Z,2026-08-21,persistence,2026-08-24,4,20.2000,15.1000,16.9000,18.2000,19.3000,20.3000,21.2000,22.3000,23.4200,25.4000
2026-08-22T07:04:37Z,2026-08-22,persistence,2026-08-24,3,19.4000,14.8000,16.5000,17.7000,18.6000,19.4500,20.3000,21.2000,22.4000,24.0000
2026-08-23T07:06:35Z,2026-08-23,persistence,2026-08-24,2,18.6000,14.7300,16.1000,17.0000,17.9000,18.6000,19.3800,20.2000,21.2000,22.4700
2026-08-24T07:32:39Z,2026-08-24,persistence,2026-08-24,1,19.3000,16.8000,17.7000,18.3000,18.8000,19.3000,19.8000,20.3000,20.9000,21.9000
2026-08-18T07:09:37Z,2026-08-18,seasonal_naive,2026-08-24,7,18.4000,,,,,,,,,
2026-08-19T07:10:27Z,2026-08-19,seasonal_naive,2026-08-24,6,18.4000,,,,,,,,,
2026-08-20T07:11:18Z,2026-08-20,seasonal_naive,2026-08-24,5,18.4000,,,,,,,,,
2026-08-21T07:12:27Z,2026-08-21,seasonal_naive,2026-08-24,4,18.4000,,,,,,,,,
2026-08-22T07:04:37Z,2026-08-22,seasonal_naive,2026-08-24,3,18.4000,,,,,,,,,
2026-08-23T07:06:35Z,2026-08-23,seasonal_naive,2026-08-24,2,18.4000,,,,,,,,,
2026-08-24T07:32:39Z,2026-08-24,seasonal_naive,2026-08-24,1,18.4000,,,,,,,,,
2026-08-18T07:09:37Z,2026-08-18,tabicl,2026-08-24,7,23.8352,18.5894,20.5880,21.8876,22.9003,23.8039,24.7311,25.7937,27.2295,29.1879
2026-08-19T07:10:27Z,2026-08-19,tabicl,2026-08-24,6,23.7615,18.8751,20.7045,21.9186,22.8564,23.6944,24.5541,25.5683,26.9168,28.7761
2026-08-20T07:11:18Z,2026-08-20,tabicl,2026-08-24,5,24.0884,20.1825,21.6039,22.5521,23.2500,23.8867,24.5447,25.3747,26.5398,28.2390
2026-08-21T07:12:27Z,2026-08-21,tabicl,2026-08-24,4,22.1720,18.2374,19.6332,20.5659,21.3147,22.0525,22.7779,23.6427,24.7327,26.2657
2026-08-22T07:04:37Z,2026-08-22,tabicl,2026-08-24,3,20.5035,16.7521,18.0766,18.9698,19.6729,20.3540,21.0549,21.9255,22.9759,24.4939
2026-08-23T07:06:35Z,2026-08-23,tabicl,2026-08-24,2,20.0272,16.5843,17.7290,18.5246,19.1791,19.8180,20.4826,21.3049,22.3087,23.7743
2026-08-24T07:32:39Z,2026-08-24,tabicl,2026-08-24,1,20.7679,17.8022,18.7013,19.3758,19.9429,20.5012,21.0871,21.8295,22.7603,24.1270
2026-08-19T07:10:27Z,2026-08-19,climatology,2026-08-25,7,19.2333,16.3200,16.8400,17.4600,17.8800,18.6000,20.2000,20.8000,21.5800,22.6000
2026-08-20T07:11:18Z,2026-08-20,climatology,2026-08-25,6,19.2333,16.3200,16.8400,17.4600,17.8800,18.6000,20.2000,20.8000,21.5800,22.6000
2026-08-21T07:12:27Z,2026-08-21,climatology,2026-08-25,5,19.2618,16.3300,16.8600,17.4900,17.9400,18.7500,20.2000,20.8000,21.5200,22.6000
2026-08-22T07:04:37Z,2026-08-22,climatology,2026-08-25,4,19.2657,16.3400,16.8800,17.5400,18.0200,18.9000,20.2000,20.6800,21.4600,22.6000
2026-08-23T07:06:35Z,2026-08-23,climatology,2026-08-25,3,19.2472,16.3500,16.9000,17.6000,18.1000,18.7500,20.2000,20.5000,21.4000,22.6000
2026-08-24T07:32:39Z,2026-08-24,climatology,2026-08-25,2,19.2486,16.3600,16.9800,17.6600,18.2200,18.9000,20.0000,20.3200,21.4000,22.6000
2026-08-25T07:13:22Z,2026-08-25,climatology,2026-08-25,1,19.2868,16.3700,17.0600,17.7100,18.3400,19.1000,20.2000,20.6500,21.4000,22.6000
2026-08-19T07:10:27Z,2026-08-19,persistence,2026-08-25,7,23.6000,17.8000,20.2000,21.4000,22.5000,23.7000,24.7000,25.9000,27.3000,29.4600
2026-08-20T07:11:18Z,2026-08-20,persistence,2026-08-25,6,23.6000,17.9600,20.2000,21.7000,22.6000,23.5000,24.7000,25.8000,27.3000,29.5000
2026-08-21T07:12:27Z,2026-08-21,persistence,2026-08-25,5,20.2000,14.8000,16.8000,18.2000,19.3000,20.3000,21.2000,22.3600,23.8000,25.6000
2026-08-22T07:04:37Z,2026-08-22,persistence,2026-08-25,4,19.4000,14.3000,16.1000,17.4000,18.5000,19.5000,20.4000,21.5000,22.6000,24.6000
2026-08-23T07:06:35Z,2026-08-23,persistence,2026-08-25,3,18.6000,13.9200,15.7000,16.9000,17.8000,18.6000,19.5000,20.4000,21.6000,23.2000
2026-08-24T07:32:39Z,2026-08-24,persistence,2026-08-25,2,19.3000,15.4400,16.8000,17.7000,18.6000,19.3000,20.0400,20.8800,21.9000,23.1600
2026-08-25T07:13:22Z,2026-08-25,persistence,2026-08-25,1,20.7000,18.2000,19.1000,19.7000,20.2000,20.7000,21.2000,21.7000,22.3000,23.3000
2026-08-19T07:10:27Z,2026-08-19,seasonal_naive,2026-08-25,7,20.8000,,,,,,,,,
2026-08-20T07:11:18Z,2026-08-20,seasonal_naive,2026-08-25,6,20.8000,,,,,,,,,
2026-08-21T07:12:27Z,2026-08-21,seasonal_naive,2026-08-25,5,20.8000,,,,,,,,,
2026-08-22T07:04:37Z,2026-08-22,seasonal_naive,2026-08-25,4,20.8000,,,,,,,,,
2026-08-23T07:06:35Z,2026-08-23,seasonal_naive,2026-08-25,3,20.8000,,,,,,,,,
2026-08-24T07:32:39Z,2026-08-24,seasonal_naive,2026-08-25,2,20.8000,,,,,,,,,
2026-08-25T07:13:22Z,2026-08-25,seasonal_naive,2026-08-25,1,20.8000,,,,,,,,,
2026-08-19T07:10:27Z,2026-08-19,tabicl,2026-08-25,7,23.8794,18.8173,20.6969,21.9550,22.9366,23.7966,24.6882,25.7353,27.1462,29.0788
2026-08-20T07:11:18Z,2026-08-20,tabicl,2026-08-25,6,24.1785,19.9841,21.5038,22.5211,23.2765,23.9601,24.6676,25.5610,26.8137,28.6270
2026-08-21T07:12:27Z,2026-08-21,tabicl,2026-08-25,5,22.4802,18.3333,19.7956,20.7801,21.5719,22.3473,23.1110,24.0123,25.1603,26.7759
2026-08-22T07:04:37Z,2026-08-22,tabicl,2026-08-25,4,20.7710,16.8037,18.1936,19.1302,19.8762,20.6050,21.3532,22.2772,23.3876,24.9911
2026-08-23T07:06:35Z,2026-08-23,tabicl,2026-08-25,3,20.0905,16.3809,17.6265,18.4829,19.1887,19.8792,20.5952,21.4783,22.5439,24.1141
2026-08-24T07:32:39Z,2026-08-24,tabicl,2026-08-25,2,21.1392,17.8008,18.8060,19.5589,20.1961,20.8263,21.4948,22.3414,23.3875,24.9177
2026-08-25T07:13:22Z,2026-08-25,tabicl,2026-08-25,1,21.3484,19.0658,19.8297,20.3576,20.7772,21.1759,21.6066,22.1325,22.8260,23.8274
2026-08-20T07:11:18Z,2026-08-20,climatology,2026-08-26,7,19.0030,16.3000,16.7800,17.4600,17.7800,18.4000,19.1600,20.4400,21.4000,22.5400
2026-08-21T07:12:27Z,2026-08-21,climatology,2026-08-26,6,19.0030,16.3000,16.7800,17.4600,17.7800,18.4000,19.1600,20.4400,21.4000,22.5400
2026-08-22T07:04:37Z,2026-08-22,climatology,2026-08-26,5,19.0147,16.3000,16.8200,17.4900,17.8200,18.5000,19.3000,20.2600,21.4000,22.5100
2026-08-23T07:06:35Z,2026-08-23,climatology,2026-08-26,4,19.0029,16.3000,16.8600,17.5000,17.8600,18.6000,19.1000,20.2000,21.4000,22.4800
2026-08-24T07:32:39Z,2026-08-24,climatology,2026-08-26,3,19.0111,16.3000,16.9000,17.5000,17.9000,18.6000,19.3000,20.2000,21.4000,22.4500
2026-08-25T07:13:22Z,2026-08-25,climatology,2026-08-26,2,19.0568,16.3000,16.9800,17.5000,17.9800,18.6000,19.3600,20.3000,21.2800,22.4200
2026-08-26T07:13:19Z,2026-08-26,climatology,2026-08-26,1,19.1342,16.3000,17.0600,17.5200,18.0600,18.7000,19.5600,20.6500,21.4000,22.3900
2026-08-20T07:11:18Z,2026-08-20,persistence,2026-08-26,7,23.6000,17.8000,20.2000,21.4000,22.5000,23.6500,24.7000,25.9000,27.3000,29.4500
2026-08-21T07:12:27Z,2026-08-21,persistence,2026-08-26,6,20.2000,14.5000,16.8000,18.3000,19.2000,20.1000,21.3000,22.4000,23.9000,26.1000
2026-08-22T07:04:37Z,2026-08-22,persistence,2026-08-26,5,19.4000,14.0000,16.0000,17.4000,18.5000,19.5000,20.4000,21.5300,23.0000,24.8000
2026-08-23T07:06:35Z,2026-08-23,persistence,2026-08-26,4,18.6000,13.5000,15.3000,16.6000,17.7000,18.7000,19.6000,20.6700,21.8000,23.8000
2026-08-24T07:32:39Z,2026-08-24,persistence,2026-08-26,3,19.3000,14.6300,16.4000,17.6000,18.5000,19.3000,20.2000,21.1000,22.3000,23.9000
2026-08-25T07:13:22Z,2026-08-25,persistence,2026-08-26,2,20.7000,16.8500,18.2000,19.1000,20.0000,20.7000,21.5000,22.3000,23.3000,24.5500
2026-08-26T07:13:19Z,2026-08-26,persistence,2026-08-26,1,22.0000,19.5000,20.4000,21.0000,21.5000,22.0000,22.5000,23.0000,23.6000,24.6000
2026-08-20T07:11:18Z,2026-08-20,seasonal_naive,2026-08-26,7,22.6000,,,,,,,,,
2026-08-21T07:12:27Z,2026-08-21,seasonal_naive,2026-08-26,6,22.6000,,,,,,,,,
2026-08-22T07:04:37Z,2026-08-22,seasonal_naive,2026-08-26,5,22.6000,,,,,,,,,
2026-08-23T07:06:35Z,2026-08-23,seasonal_naive,2026-08-26,4,22.6000,,,,,,,,,
2026-08-24T07:32:39Z,2026-08-24,seasonal_naive,2026-08-26,3,22.6000,,,,,,,,,
2026-08-25T07:13:22Z,2026-08-25,seasonal_naive,2026-08-26,2,22.6000,,,,,,,,,
2026-08-26T07:13:19Z,2026-08-26,seasonal_naive,2026-08-26,1,22.6000,,,,,,,,,
2026-08-20T07:11:18Z,2026-08-20,tabicl,2026-08-26,7,24.4075,19.8668,21.4879,22.5832,23.4096,24.1549,24.9304,25.9032,27.2681,29.2385
2026-08-21T07:12:27Z,2026-08-21,tabicl,2026-08-26,6,22.8102,18.4265,19.9710,21.0181,21.8594,22.6785,23.4833,24.4175,25.6238,27.3206
2026-08-22T07:04:37Z,2026-08-22,tabicl,2026-08-26,5,21.1045,16.8801,18.3506,19.3438,20.1448,20.9291,21.7290,22.7053,23.8851,25.5839
2026-08-23T07:06:35Z,2026-08-23,tabicl,2026-08-26,4,20.1478,16.1698,17.5156,18.4350,19.1959,19.9373,20.7070,21.6473,22.7754,24.4431
2026-08-24T07:32:39Z,2026-08-24,tabicl,2026-08-26,3,21.6078,17.7725,18.9166,19.7785,20.5170,21.2433,22.0203,22.9935,24.1902,25.9302
2026-08-25T07:13:22Z,2026-08-25,tabicl,2026-08-26,2,21.7413,18.9265,19.8274,20.4751,21.0051,21.5189,22.0634,22.7266,23.5852,24.8451
2026-08-26T07:13:19Z,2026-08-26,tabicl,2026-08-26,1,22.9182,20.6706,21.4752,22.0114,22.4165,22.7864,23.1753,23.6506,24.3028,25.3076
2026-08-21T07:12:27Z,2026-08-21,climatology,2026-08-27,7,18.9061,16.3000,16.7800,17.3600,17.6600,18.4000,19.0600,20.2000,21.1600,22.5400
2026-08-22T07:04:37Z,2026-08-22,climatology,2026-08-27,6,18.9061,16.3000,16.7800,17.3600,17.6600,18.4000,19.0600,20.2000,21.1600,22.5400
2026-08-23T07:06:35Z,2026-08-23,climatology,2026-08-27,5,18.8971,16.3000,16.8200,17.3900,17.7200,18.5000,18.9800,20.2000,21.0400,22.5100
2026-08-24T07:32:39Z,2026-08-24,climatology,2026-08-27,4,18.9086,16.3000,16.8600,17.4200,17.7600,18.6000,19.1200,20.2000,20.9200,22.4800
2026-08-25T07:13:22Z,2026-08-25,climatology,2026-08-27,3,18.9583,16.3000,16.9000,17.4500,17.8000,18.7000,19.3000,20.2000,20.8000,22.4500
2026-08-26T07:13:19Z,2026-08-26,climatology,2026-08-27,2,19.0405,16.3000,16.9000,17.4800,17.8400,18.8000,19.3000,20.3000,21.2800,22.4200
2026-08-27T17:41:46Z,2026-08-27,climatology,2026-08-27,1,19.1842,16.3000,16.9000,17.5000,17.8800,18.8500,19.4800,20.6500,21.4000,22.6000
2026-08-21T07:12:27Z,2026-08-21,persistence,2026-08-27,7,20.2000,14.4000,16.8000,18.0000,19.1000,20.2000,21.3000,22.5000,23.9000,26.0400
2026-08-22T07:04:37Z,2026-08-22,persistence,2026-08-27,6,19.4000,13.7000,16.0000,17.5000,18.4000,19.3000,20.5000,21.6000,23.1000,25.3000
2026-08-23T07:06:35Z,2026-08-23,persistence,2026-08-27,5,18.6000,13.2000,15.2000,16.6000,17.7000,18.7000,19.6000,20.7000,22.2000,24.0000
2026-08-24T07:32:39Z,2026-08-24,persistence,2026-08-27,4,19.3000,14.2000,16.0000,17.3000,18.4000,19.4000,20.3000,21.3400,22.5000,24.5000
2026-08-25T07:13:22Z,2026-08-25,persistence,2026-08-27,3,20.7000,16.0400,17.8000,19.0000,19.9000,20.7000,21.6000,22.5000,23.7000,25.3000
2026-08-26T07:13:19Z,2026-08-26,persistence,2026-08-27,2,22.0000,18.1600,19.5000,20.4000,21.3000,22.0000,22.8000,23.6000,24.6000,25.8400
2026-08-27T17:41:46Z,2026-08-27,persistence,2026-08-27,1,24.5000,22.0000,22.9000,23.5000,24.0000,24.5000,25.0000,25.5000,26.1000,27.1000
2026-08-21T07:12:27Z,2026-08-21,seasonal_naive,2026-08-27,7,22.3000,,,,,,,,,
2026-08-22T07:04:37Z,2026-08-22,seasonal_naive,2026-08-27,6,22.3000,,,,,,,,,
2026-08-23T07:06:35Z,2026-08-23,seasonal_naive,2026-08-27,5,22.3000,,,,,,,,,
2026-08-24T07:32:39Z,2026-08-24,seasonal_naive,2026-08-27,4,22.3000,,,,,,,,,
2026-08-25T07:13:22Z,2026-08-25,seasonal_naive,2026-08-27,3,22.3000,,,,,,,,,
2026-08-26T07:13:19Z,2026-08-26,seasonal_naive,2026-08-27,2,22.3000,,,,,,,,,
2026-08-27T17:41:46Z,2026-08-27,seasonal_naive,2026-08-27,1,22.3000,,,,,,,,,
2026-08-21T07:12:27Z,2026-08-21,tabicl,2026-08-27,7,23.2601,18.5688,20.2099,21.3442,22.2534,23.1243,23.9783,24.9571,26.2444,28.0596
2026-08-22T07:04:37Z,2026-08-22,tabicl,2026-08-27,6,21.6164,17.1152,18.6565,19.7181,20.5866,21.4354,22.2962,23.3229,24.5761,26.3672
2026-08-23T07:06:35Z,2026-08-23,tabicl,2026-08-27,5,20.3798,16.0811,17.5345,18.5340,19.3677,20.1664,20.9972,21.9991,23.2104,24.9872
2026-08-24T07:32:39Z,2026-08-24,tabicl,2026-08-27,4,21.5264,17.4518,18.6845,19.6015,20.3869,21.1489,21.9753,22.9991,24.2605,26.0835
2026-08-25T07:13:22Z,2026-08-25,tabicl,2026-08-27,3,22.0112,18.7942,19.7947,20.5263,21.1378,21.7322,22.3659,23.1284,24.1234,25.5818
2026-08-26T07:13:19Z,2026-08-26,tabicl,2026-08-27,2,23.3966,20.6196,21.5553,22.2166,22.7307,23.2104,23.7136,24.3280,25.1516,26.4169
2026-08-27T17:41:46Z,2026-08-27,tabicl,2026-08-27,1,25.7012,23.3652,24.2055,24.7847,25.1983,25.5696,25.9682,26.4472,27.1394,28.1932
2026-08-22T07:04:37Z,2026-08-22,climatology,2026-08-28,7,19.0000,16.2200,16.7800,17.4600,17.7800,18.8000,19.4800,20.4400,21.2400,22.4600
2026-08-23T07:06:35Z,2026-08-23,climatology,2026-08-28,6,19.0000,16.2200,16.7800,17.4600,17.7800,18.8000,19.4800,20.4400,21.2400,22.4600
2026-08-24T07:32:39Z,2026-08-24,climatology,2026-08-28,5,19.0088,16.2300,16.8200,17.4900,17.8200,18.8500,19.3000,20.2600,21.1600,22.4400
2026-08-25T07:13:22Z,2026-08-25,climatology,2026-08-28,4,19.0571,16.2400,16.8600,17.5000,17.8600,18.9000,19.6600,20.6000,21.0800,22.4200
2026-08-26T07:13:19Z,2026-08-26,climatology,2026-08-28,3,19.1389,16.2500,16.9000,17.5000,17.9000,18.9500,20.2000,20.7500,21.4000,22.4000
2026-08-27T17:41:46Z,2026-08-27,climatology,2026-08-28,2,19.2838,16.2600,16.9800,17.5000,18.1000,19.0000,20.2000,20.8000,21.4000,22.5400
2026-08-28T18:49:45Z,2026-08-28,climatology,2026-08-28,1,19.3789,16.2700,17.0600,17.5200,18.3000,19.1500,20.2000,20.8000,21.7600,22.6000
2026-08-22T07:04:37Z,2026-08-22,persistence,2026-08-28,7,19.4000,13.6000,15.9400,17.2000,18.3000,19.4000,20.5000,21.7000,23.1000,25.2300
2026-08-23T07:06:35Z,2026-08-23,persistence,2026-08-28,6,18.6000,12.9000,15.2000,16.6700,17.6000,18.5000,19.7000,20.8000,22.3000,24.5000
2026-08-24T07:32:39Z,2026-08-24,persistence,2026-08-28,5,19.3000,13.9000,15.9000,17.3000,18.4000,19.4000,20.3000,21.4000,22.9000,24.7000
2026-08-25T07:13:22Z,2026-08-25,persistence,2026-08-28,4,20.7000,15.6000,17.4000,18.7000,19.8000,20.8000,21.7000,22.7100,23.9000,25.9000
2026-08-26T07:13:19Z,2026-08-26,persistence,2026-08-28,3,22.0000,17.3500,19.1000,20.3000,21.2000,22.0500,22.9000,23.8000,25.0000,26.6000
2026-08-27T17:41:46Z,2026-08-27,persistence,2026-08-28,2,24.5000,20.6700,22.0000,22.9000,23.8000,24.5000,25.3000,26.1000,27.1000,28.3300
2026-08-28T18:49:45Z,2026-08-28,persistence,2026-08-28,1,22.9000,20.4000,21.3000,21.9000,22.4000,22.9000,23.4000,23.9000,24.5000,25.5000
2026-08-22T07:04:37Z,2026-08-22,seasonal_naive,2026-08-28,7,20.2000,,,,,,,,,
2026-08-23T07:06:35Z,2026-08-23,seasonal_naive,2026-08-28,6,20.2000,,,,,,,,,
2026-08-24T07:32:39Z,2026-08-24,seasonal_naive,2026-08-28,5,20.2000,,,,,,,,,
2026-08-25T07:13:22Z,2026-08-25,seasonal_naive,2026-08-28,4,20.2000,,,,,,,,,
2026-08-26T07:13:19Z,2026-08-26,seasonal_naive,2026-08-28,3,20.2000,,,,,,,,,
2026-08-27T17:41:46Z,2026-08-27,seasonal_naive,2026-08-28,2,20.2000,,,,,,,,,
2026-08-28T18:49:45Z,2026-08-28,seasonal_naive,2026-08-28,1,20.2000,,,,,,,,,
2026-08-22T07:04:37Z,2026-08-22,tabicl,2026-08-28,7,22.3496,17.4748,19.1148,20.2786,21.2394,22.1641,23.0931,24.1800,25.5335,27.4622
2026-08-23T07:06:35Z,2026-08-23,tabicl,2026-08-28,6,20.8472,16.2422,17.7871,18.8662,19.7731,20.6407,21.5278,22.5804,23.8631,25.7309
2026-08-24T07:32:39Z,2026-08-24,tabicl,2026-08-28,5,21.6203,17.3010,18.6194,19.5941,20.4321,21.2430,22.1152,23.1831,24.5013,26.3989
2026-08-25T07:13:22Z,2026-08-25,tabicl,2026-08-28,4,22.3785,18.8191,19.9091,20.7138,21.3977,22.0691,22.7788,23.6212,24.7086,26.2939
2026-08-26T07:13:19Z,2026-08-26,tabicl,2026-08-28,3,23.7001,20.4687,21.5115,22.2697,22.8769,23.4519,24.0480,24.7751,25.7576,27.2629
2026-08-27T17:41:46Z,2026-08-27,tabicl,2026-08-28,2,26.5460,23.3117,24.4362,25.2705,25.9026,26.4461,26.9976,27.6528,28.5346,29.9039
2026-08-28T18:49:45Z,2026-08-28,tabicl,2026-08-28,1,23.0479,20.3990,21.3674,22.0602,22.5411,22.9857,23.4487,24.0193,24.7342,25.7467
2026-08-23T07:06:35Z,2026-08-23,climatology,2026-08-29,7,19.1121,16.2200,16.7800,17.5000,18.2800,19.0000,20.2000,20.6800,21.2400,22.4600
2026-08-24T07:32:39Z,2026-08-24,climatology,2026-08-29,6,19.1121,16.2200,16.7800,17.5000,18.2800,19.0000,20.2000,20.6800,21.2400,22.4600
2026-08-25T07:13:22Z,2026-08-25,climatology,2026-08-29,5,19.1588,16.2300,16.8200,17.5000,18.4800,19.1500,20.2000,20.7100,21.1600,22.4400
2026-08-26T07:13:19Z,2026-08-26,climatology,2026-08-29,4,19.2400,16.2400,16.8600,17.5400,18.6400,19.3000,20.2000,20.7800,21.4000,22.4200
2026-08-27T17:41:46Z,2026-08-27,climatology,2026-08-29,3,19.3861,16.2500,16.9000,17.6000,18.8000,19.4000,20.2000,20.8000,21.4000,22.5500
2026-08-28T18:49:45Z,2026-08-28,climatology,2026-08-29,2,19.4811,16.2600,16.9800,17.6600,18.8400,19.5000,20.4400,20.8400,21.8800,22.6000
2026-08-29T12:44:34Z,2026-08-29,climatology,2026-08-29,1,19.4921,16.2700,17.0600,17.7100,18.8800,19.7000,20.2800,20.8000,21.7600,22.6000
2026-08-23T07:06:35Z,2026-08-23,persistence,2026-08-29,7,18.6000,12.8000,15.1000,16.4000,17.5000,18.6000,19.7000,20.9000,22.3000,24.4200
2026-08-24T07:32:39Z,2026-08-24,persistence,2026-08-29,6,19.3000,13.6000,15.9000,17.3000,18.3000,19.2000,20.4000,21.5000,23.0000,25.2000
2026-08-25T07:13:22Z,2026-08-25,persistence,2026-08-29,5,20.7000,15.3000,17.3000,18.7000,19.8000,20.8000,21.7000,22.8000,24.3000,26.1000
2026-08-26T07:13:19Z,2026-08-26,persistence,2026-08-29,4,22.0000,16.9000,18.7000,20.0000,21.1000,22.1000,23.0000,24.0800,25.2000,27.2000
2026-08-27T17:41:46Z,2026-08-27,persistence,2026-08-29,3,24.5000,19.8600,21.6000,22.8000,23.7000,24.6000,25.4000,26.3000,27.5000,29.1000
2026-08-28T18:49:45Z,2026-08-28,persistence,2026-08-29,2,22.9000,19.0800,20.4000,21.3000,22.2000,22.9000,23.7000,24.5000,25.5000,26.7200
2026-08-29T12:44:34Z,2026-08-29,persistence,2026-08-29,1,19.9000,17.4000,18.3000,18.9000,19.4000,19.9000,20.4000,20.9000,21.5000,22.5000
2026-08-23T07:06:35Z,2026-08-23,seasonal_naive,2026-08-29,7,17.3000,,,,,,,,,
2026-08-24T07:32:39Z,2026-08-24,seasonal_naive,2026-08-29,6,17.3000,,,,,,,,,
2026-08-25T07:13:22Z,2026-08-25,seasonal_naive,2026-08-29,5,17.3000,,,,,,,,,
2026-08-26T07:13:19Z,2026-08-26,seasonal_naive,2026-08-29,4,17.3000,,,,,,,,,
2026-08-27T17:41:46Z,2026-08-27,seasonal_naive,2026-08-29,3,17.3000,,,,,,,,,
2026-08-28T18:49:45Z,2026-08-28,seasonal_naive,2026-08-29,2,17.3000,,,,,,,,,
2026-08-29T12:44:34Z,2026-08-29,seasonal_naive,2026-08-29,1,17.3000,,,,,,,,,
2026-08-23T07:06:35Z,2026-08-23,tabicl,2026-08-29,7,21.3664,16.4634,18.0956,19.2599,20.2399,21.1693,22.1055,23.2014,24.5536,26.5079
2026-08-24T07:32:39Z,2026-08-24,tabicl,2026-08-29,6,21.7315,17.2125,18.6057,19.6329,20.5152,21.3719,22.2818,23.3779,24.7274,26.6528
2026-08-25T07:13:22Z,2026-08-25,tabicl,2026-08-29,5,22.5014,18.6738,19.8408,20.7048,21.4470,22.1749,22.9379,23.8392,24.9946,26.6667
2026-08-26T07:13:19Z,2026-08-26,tabicl,2026-08-29,4,23.7956,20.2219,21.3508,22.1831,22.8701,23.5178,24.1834,24.9896,26.0692,27.7008
2026-08-27T17:41:46Z,2026-08-27,tabicl,2026-08-29,3,26.4332,22.5090,23.8367,24.8547,25.6456,26.3265,27.0016,27.7916,28.8575,30.4932
2026-08-28T18:49:45Z,2026-08-28,tabicl,2026-08-29,2,23.3346,20.3171,21.3961,22.1467,22.7090,23.2476,23.8113,24.4757,25.2992,26.4391
2026-08-29T12:44:34Z,2026-08-29,tabicl,2026-08-29,1,20.1344,17.2632,18.3032,19.0271,19.5167,20.0485,20.6101,21.2652,22.0809,23.2206
2026-08-24T07:32:39Z,2026-08-24,climatology,2026-08-30,7,19.0667,16.2200,16.7800,17.5000,17.7800,19.0000,19.6400,20.6800,21.2400,22.4600
2026-08-25T07:13:22Z,2026-08-25,climatology,2026-08-30,6,19.0667,16.2200,16.7800,17.5000,17.7800,19.0000,19.6400,20.6800,21.2400,22.4600
2026-08-26T07:13:19Z,2026-08-26,climatology,2026-08-30,5,19.1529,16.2300,16.8200,17.5000,18.0000,19.1500,20.0600,20.8000,21.4000,22.4400
2026-08-27T17:41:46Z,2026-08-27,climatology,2026-08-30,4,19.3057,16.2400,16.8600,17.5200,18.4000,19.3000,20.2000,20.8000,21.5200,22.5600
2026-08-28T18:49:45Z,2026-08-28,climatology,2026-08-30,3,19.4056,16.2500,16.9000,17.5500,18.8000,19.4000,20.2000,20.9000,22.0000,22.6000
2026-08-29T12:44:34Z,2026-08-29,climatology,2026-08-30,2,19.4189,16.2600,16.9800,17.5800,18.8400,19.5000,20.2000,20.8400,21.8800,22.6000
2026-08-30T12:01:02Z,2026-08-30,climatology,2026-08-30,1,19.4211,16.2700,17.0600,17.6100,18.8800,19.5000,20.2000,20.8000,21.7600,22.6000
2026-08-24T07:32:39Z,2026-08-24,persistence,2026-08-30,7,19.3000,13.5000,15.8000,17.1000,18.1600,19.3000,20.4000,21.6000,23.0000,25.1100
2026-08-25T07:13:22Z,2026-08-25,persistence,2026-08-30,6,20.7000,15.0000,17.3000,18.7000,19.6400,20.6000,21.7600,22.9000,24.4000,26.5800
2026-08-26T07:13:19Z,2026-08-26,persistence,2026-08-30,5,22.0000,16.6000,18.6000,20.0000,21.1000,22.1000,23.0000,24.1000,25.6000,27.4000
2026-08-27T17:41:46Z,2026-08-27,persistence,2026-08-30,4,24.5000,19.4000,21.2000,22.5000,23.6000,24.6000,25.5000,26.6000,27.7000,29.7000
2026-08-28T18:49:45Z,2026-08-28,persistence,2026-08-30,3,22.9000,18.2700,20.0000,21.2000,22.1000,23.0000,23.8000,24.7000,25.9000,27.5000
2026-08-29T12:44:34Z,2026-08-29,persistence,2026-08-30,2,19.9000,16.0000,17.4000,18.3000,19.2000,19.9000,20.7000,21.5000,22.5000,23.7100
2026-08-30T12:01:02Z,2026-08-30,persistence,2026-08-30,1,19.5000,17.0000,17.9000,18.5000,19.0000,19.5000,20.0000,20.5000,21.1000,22.1000
2026-08-24T07:32:39Z,2026-08-24,seasonal_naive,2026-08-30,7,17.7000,,,,,,,,,
2026-08-25T07:13:22Z,2026-08-25,seasonal_naive,2026-08-30,6,17.7000,,,,,,,,,
2026-08-26T07:13:19Z,2026-08-26,seasonal_naive,2026-08-30,5,17.7000,,,,,,,,,
2026-08-27T17:41:46Z,2026-08-27,seasonal_naive,2026-08-30,4,17.7000,,,,,,,,,
2026-08-28T18:49:45Z,2026-08-28,seasonal_naive,2026-08-30,3,17.7000,,,,,,,,,
2026-08-29T12:44:34Z,2026-08-29,seasonal_naive,2026-08-30,2,17.7000,,,,,,,,,
2026-08-30T12:01:02Z,2026-08-30,seasonal_naive,2026-08-30,1,17.7000,,,,,,,,,
2026-08-24T07:32:39Z,2026-08-24,tabicl,2026-08-30,7,21.9140,17.2025,18.6615,19.7373,20.6608,21.5614,22.5034,23.6299,25.0165,26.9873
2026-08-25T07:13:22Z,2026-08-25,tabicl,2026-08-30,6,22.5661,18.5050,19.7476,20.6662,21.4589,22.2302,23.0415,23.9910,25.2045,26.9540
2026-08-26T07:13:19Z,2026-08-26,tabicl,2026-08-30,5,23.8414,19.9609,21.1756,22.0697,22.8280,23.5368,24.2665,25.1457,26.3177,28.0603
2026-08-27T17:41:46Z,2026-08-27,tabicl,2026-08-30,4,26.0623,21.7024,23.1596,24.2789,25.1625,25.9399,26.7028,27.5823,28.7716,30.5623
2026-08-28T18:49:45Z,2026-08-28,tabicl,2026-08-30,3,23.3644,20.0471,21.2097,22.0300,22.6692,23.2779,23.9060,24.6246,25.5259,26.7930
2026-08-29T12:44:34Z,2026-08-29,tabicl,2026-08-30,2,20.6639,17.2337,18.4543,19.2790,19.9202,20.5952,21.2598,22.0508,22.9860,24.2740
2026-08-30T12:01:02Z,2026-08-30,tabicl,2026-08-30,1,20.0680,17.4600,18.3625,18.9613,19.3999,19.8813,20.4144,21.0347,21.8433,22.9883
2026-08-25T07:13:22Z,2026-08-25,climatology,2026-08-31,7,18.9788,16.2200,16.6400,17.4200,17.6800,18.8000,19.3400,20.3600,21.2400,22.5800
2026-08-26T07:13:19Z,2026-08-26,climatology,2026-08-31,6,18.9788,16.2200,16.6400,17.4200,17.6800,18.8000,19.3400,20.3600,21.2400,22.5800
2026-08-27T17:41:46Z,2026-08-27,climatology,2026-08-31,5,19.1412,16.2300,16.6600,17.4800,17.7200,18.8500,19.4600,20.6200,21.7600,22.6000
2026-08-28T18:49:45Z,2026-08-28,climatology,2026-08-31,4,19.2486,16.2400,16.6800,17.5000,17.7600,18.9000,19.5000,20.7600,22.3400,22.7800
2026-08-29T12:44:34Z,2026-08-29,climatology,2026-08-31,3,19.2667,16.2500,16.7000,17.5000,17.8000,18.9500,19.5000,20.7000,22.3000,22.7500
2026-08-30T12:01:02Z,2026-08-30,climatology,2026-08-31,2,19.2730,16.2600,16.7400,17.5000,18.0400,19.0000,19.5000,20.6400,22.1200,22.7200
2026-08-31T14:05:50Z,2026-08-31,climatology,2026-08-31,1,19.3132,16.2700,16.7800,17.5100,18.2800,19.1500,19.5800,20.7800,21.9400,22.6900
2026-08-25T07:13:22Z,2026-08-25,persistence,2026-08-31,7,20.7000,14.9000,17.2000,18.5000,19.5000,20.7000,21.8000,23.0000,24.4000,26.5000
2026-08-26T07:13:19Z,2026-08-26,persistence,2026-08-31,6,22.0000,16.3000,18.6000,20.0000,20.9000,21.9000,23.0200,24.2000,25.7000,27.8600
2026-08-27T17:41:46Z,2026-08-27,persistence,2026-08-31,5,24.5000,19.1000,21.1000,22.5000,23.6000,24.6000,25.5000,26.6000,28.1000,29.9000
2026-08-28T18:49:45Z,2026-08-28,persistence,2026-08-31,4,22.9000,17.8000,19.6000,20.9000,22.0000,23.0000,23.9000,25.0000,26.1800,28.1000
2026-08-29T12:44:34Z,2026-08-29,persistence,2026-08-31,3,19.9000,15.2800,17.0000,18.2000,19.1000,20.0000,20.8000,21.7000,22.9000,24.5000
2026-08-30T12:01:02Z,2026-08-30,persistence,2026-08-31,2,19.5000,15.6000,17.0000,17.9000,18.8000,19.5000,20.3000,21.1000,22.1000,23.3000
2026-08-31T14:05:50Z,2026-08-31,persistence,2026-08-31,1,20.8000,18.3000,19.2000,19.8000,20.3000,20.8000,21.3000,21.8000,22.4000,23.4000
2026-08-25T07:13:22Z,2026-08-25,seasonal_naive,2026-08-31,7,18.8000,,,,,,,,,
2026-08-26T07:13:19Z,2026-08-26,seasonal_naive,2026-08-31,6,18.8000,,,,,,,,,
2026-08-27T17:41:46Z,2026-08-27,seasonal_naive,2026-08-31,5,18.8000,,,,,,,,,
2026-08-28T18:49:45Z,2026-08-28,seasonal_naive,2026-08-31,4,18.8000,,,,,,,,,
2026-08-29T12:44:34Z,2026-08-29,seasonal_naive,2026-08-31,3,18.8000,,,,,,,,,
2026-08-30T12:01:02Z,2026-08-30,seasonal_naive,2026-08-31,2,18.8000,,,,,,,,,
2026-08-31T14:05:50Z,2026-08-31,seasonal_naive,2026-08-31,1,18.8000,,,,,,,,,
2026-08-25T07:13:22Z,2026-08-25,tabicl,2026-08-31,7,22.2668,18.0811,19.3822,20.3417,21.1581,21.9383,22.7597,23.7202,24.9649,26.7620
2026-08-26T07:13:19Z,2026-08-26,tabicl,2026-08-31,6,23.4435,19.3382,20.6361,21.5899,22.4029,23.1504,23.9232,24.8358,26.0621,27.8715
2026-08-27T17:41:46Z,2026-08-27,tabicl,2026-08-31,5,25.3196,20.7224,22.2620,23.4068,24.3360,25.1836,26.0102,26.9379,28.1938,30.0641
2026-08-28T18:49:45Z,2026-08-28,tabicl,2026-08-31,4,22.8948,19.2776,20.5379,21.4275,22.1459,22.8134,23.5173,24.2870,25.2666,26.6386
2026-08-29T12:44:34Z,2026-08-29,tabicl,2026-08-31,3,21.1812,17.4677,18.7712,19.6791,20.4116,21.1579,21.8800,22.7002,23.6602,24.9928
2026-08-30T12:01:02Z,2026-08-30,tabicl,2026-08-31,2,20.5403,17.3005,18.3686,19.1185,19.7418,20.3931,21.0590,21.8386,22.7813,24.0991
2026-08-31T14:05:50Z,2026-08-31,tabicl,2026-08-31,1,20.7923,17.9760,18.8599,19.5299,20.0912,20.6298,21.1836,21.8348,22.6589,23.8914
2026-08-26T07:13:19Z,2026-08-26,climatology,2026-09-01,7,19.0121,16.0400,16.4800,17.4200,17.7800,18.8000,19.3400,20.3600,21.2400,22.5800
2026-08-27T17:41:46Z,2026-08-27,climatology,2026-09-01,6,19.0121,16.0400,16.4800,17.4200,17.7800,18.8000,19.3400,20.3600,21.2400,22.5800
2026-08-28T18:49:45Z,2026-08-28,climatology,2026-09-01,5,19.1265,16.0600,16.5200,17.4800,17.8000,18.8500,19.4600,20.6200,21.7600,22.8100
2026-08-29T12:44:34Z,2026-08-29,climatology,2026-09-01,4,19.1486,16.0800,16.5600,17.5200,17.8000,18.9000,19.5000,20.5200,21.5800,22.7800
2026-08-30T12:01:02Z,2026-08-30,climatology,2026-09-01,3,19.1583,16.1000,16.6000,17.5500,17.8000,18.9500,19.5000,20.4000,21.4000,22.7500
2026-08-31T14:05:50Z,2026-08-31,climatology,2026-09-01,2,19.2027,16.1200,16.6600,17.5800,18.0400,19.0000,19.5000,20.6400,21.3200,22.7200
2026-09-01T11:47:50Z,2026-09-01,climatology,2026-09-01,1,19.2289,16.1400,16.7200,17.6100,18.2800,19.1500,19.5800,20.5600,21.2400,22.6900
2026-08-26T07:13:19Z,2026-08-26,persistence,2026-09-01,7,22.0000,16.2000,18.5000,19.8000,20.8000,22.0000,23.0600,24.2700,25.7000,27.8000
2026-08-27T17:41:46Z,2026-08-27,persistence,2026-09-01,6,24.5000,18.8000,21.1000,22.5000,23.4200,24.4000,25.5800,26.7000,28.2000,30.3400
2026-08-28T18:49:45Z,2026-08-28,persistence,2026-09-01,5,22.9000,17.5000,19.5000,20.9000,22.0000,23.0000,23.9000,25.0500,26.5000,28.3000
2026-08-29T12:44:34Z,2026-08-29,persistence,2026-09-01,4,19.9000,14.8000,16.6000,17.9000,19.0000,20.0000,20.9000,22.0000,23.1600,25.1000
2026-08-30T12:01:02Z,2026-08-30,persistence,2026-09-01,3,19.5000,14.8000,16.6000,17.8000,18.7000,19.5500,20.4000,21.3000,22.5000,24.1000
2026-08-31T14:05:50Z,2026-08-31,persistence,2026-09-01,2,20.8000,16.9100,18.3000,19.2000,20.1000,20.8000,21.6000,22.4000,23.4000,24.6000
2026-09-01T11:47:50Z,2026-09-01,persistence,2026-09-01,1,20.2000,17.7000,18.6000,19.2000,19.7000,20.2000,20.7000,21.2000,21.8000,22.8000
2026-08-26T07:13:19Z,2026-08-26,seasonal_naive,2026-09-01,7,16.9000,,,,,,,,,
2026-08-27T17:41:46Z,2026-08-27,seasonal_naive,2026-09-01,6,16.9000,,,,,,,,,
2026-08-28T18:49:45Z,2026-08-28,seasonal_naive,2026-09-01,5,16.9000,,,,,,,,,
2026-08-29T12:44:34Z,2026-08-29,seasonal_naive,2026-09-01,4,16.9000,,,,,,,,,
2026-08-30T12:01:02Z,2026-08-30,seasonal_naive,2026-09-01,3,16.9000,,,,,,,,,
2026-08-31T14:05:50Z,2026-08-31,seasonal_naive,2026-09-01,2,16.9000,,,,,,,,,
2026-09-01T11:47:50Z,2026-09-01,seasonal_naive,2026-09-01,1,16.9000,,,,,,,,,
2026-08-26T07:13:19Z,2026-08-26,tabicl,2026-09-01,7,22.5813,18.1945,19.6190,20.6294,21.5048,22.3012,23.1173,24.0656,25.3478,27.2592
2026-08-27T17:41:46Z,2026-08-27,tabicl,2026-09-01,6,23.9780,19.0537,20.7737,21.9636,22.9526,23.8888,24.7797,25.7534,27.0381,28.9344
2026-08-28T18:49:45Z,2026-08-28,tabicl,2026-09-01,5,22.0716,17.9056,19.4249,20.4634,21.2899,22.0546,22.8248,23.6751,24.7325,26.2363
2026-08-29T12:44:34Z,2026-08-29,tabicl,2026-09-01,4,20.7366,16.5515,18.0973,19.1521,19.9769,20.7938,21.5699,22.4427,23.4536,24.8710
2026-08-30T12:01:02Z,2026-08-30,tabicl,2026-09-01,3,20.2049,16.3140,17.7275,18.6665,19.4119,20.1898,20.9254,21.7873,22.8138,24.2365
2026-08-31T14:05:50Z,2026-08-31,tabicl,2026-09-01,2,20.4448,17.1051,18.2362,19.0405,19.6969,20.3368,20.9510,21.6832,22.6012,23.9782
2026-09-01T11:47:50Z,2026-09-01,tabicl,2026-09-01,1,20.0545,17.2419,18.2569,18.9668,19.4865,19.9769,20.4464,21.0338,21.7943,22.9718
2026-08-27T17:41:46Z,2026-08-27,climatology,2026-09-02,7,19.1545,16.0600,16.6800,17.4200,17.7800,18.9000,19.5000,20.6800,21.4000,22.7600
2026-08-28T18:49:45Z,2026-08-28,climatology,2026-09-02,6,19.1545,16.0600,16.6800,17.4200,17.7800,18.9000,19.5000,20.6800,21.4000,22.7600
2026-08-29T12:44:34Z,2026-08-29,climatology,2026-09-02,5,19.1765,16.0900,16.7200,17.4800,17.9200,18.9500,19.5000,20.6200,21.4000,22.7400
2026-08-30T12:01:02Z,2026-08-30,climatology,2026-09-02,4,19.1857,16.1200,16.7600,17.5200,18.1600,19.0000,19.5000,20.5200,21.4000,22.7200
2026-08-31T14:05:50Z,2026-08-31,climatology,2026-09-02,3,19.2306,16.1500,16.8000,17.5500,18.4000,19.1500,19.5000,20.7000,21.4000,22.7000
2026-09-01T11:47:50Z,2026-09-01,climatology,2026-09-02,2,19.2568,16.1800,16.8200,17.5800,18.5600,19.3000,19.7400,20.6400,21.3200,22.6800
2026-09-02T11:28:28Z,2026-09-02,climatology,2026-09-02,1,19.2658,16.2100,16.8400,17.6100,18.7200,19.4000,19.6600,20.5600,21.2400,22.6600
2026-08-27T17:41:46Z,2026-08-27,persistence,2026-09-02,7,24.5000,18.7000,21.0000,22.3000,23.3000,24.5000,25.5200,26.7400,28.2000,30.3000
2026-08-28T18:49:45Z,2026-08-28,persistence,2026-09-02,6,22.9000,17.2000,19.5000,20.9200,21.8600,22.8000,24.0000,25.1000,26.6000,28.7200
2026-08-29T12:44:34Z,2026-08-29,persistence,2026-09-02,5,19.9000,14.5000,16.5000,17.9000,19.0000,20.0000,20.9000,22.0200,23.5000,25.3000
2026-08-30T12:01:02Z,2026-08-30,persistence,2026-09-02,4,19.5000,14.4000,16.2000,17.5000,18.6000,19.6000,20.5000,21.6000,22.7400,24.7000
2026-08-31T14:05:50Z,2026-08-31,persistence,2026-09-02,3,20.8000,16.1000,17.9000,19.1000,20.0000,20.8000,21.7000,22.6000,23.8000,25.4000
2026-09-01T11:47:50Z,2026-09-01,persistence,2026-09-02,2,20.2000,16.3200,17.7000,18.6000,19.5000,20.2000,21.0000,21.8000,22.8000,24.0000
2026-09-02T11:28:28Z,2026-09-02,persistence,2026-09-02,1,19.6000,17.1000,18.0000,18.6000,19.1000,19.6000,20.1000,20.6000,21.2000,22.2000
2026-08-27T17:41:46Z,2026-08-27,seasonal_naive,2026-09-02,7,15.6000,,,,,,,,,
2026-08-28T18:49:45Z,2026-08-28,seasonal_naive,2026-09-02,6,15.6000,,,,,,,,,
2026-08-29T12:44:34Z,2026-08-29,seasonal_naive,2026-09-02,5,15.6000,,,,,,,,,
2026-08-30T12:01:02Z,2026-08-30,seasonal_naive,2026-09-02,4,15.6000,,,,,,,,,
2026-08-31T14:05:50Z,2026-08-31,seasonal_naive,2026-09-02,3,15.6000,,,,,,,,,
2026-09-01T11:47:50Z,2026-09-01,seasonal_naive,2026-09-02,2,15.6000,,,,,,,,,
2026-09-02T11:28:28Z,2026-09-02,seasonal_naive,2026-09-02,1,15.6000,,,,,,,,,
2026-08-27T17:41:46Z,2026-08-27,tabicl,2026-09-02,7,23.6457,18.4998,20.3265,21.5650,22.5957,23.5741,24.4985,25.5093,26.8391,28.7834
2026-08-28T18:49:45Z,2026-08-28,tabicl,2026-09-02,6,21.5824,17.1572,18.7833,19.8780,20.7615,21.5776,22.3964,23.2899,24.4033,25.9776
2026-08-29T12:44:34Z,2026-08-29,tabicl,2026-09-02,5,20.4646,16.1149,17.7373,18.8288,19.6911,20.5278,21.3270,22.2169,23.2623,24.7392
2026-08-30T12:01:02Z,2026-08-30,tabicl,2026-09-02,4,20.1946,16.0244,17.5594,18.5678,19.3781,20.2119,20.9942,21.8944,22.9586,24.4404
2026-08-31T14:05:50Z,2026-08-31,tabicl,2026-09-02,3,20.4512,16.8235,18.0578,18.9311,19.6473,20.3384,21.0035,21.7938,22.7911,24.2783
2026-09-01T11:47:50Z,2026-09-01,tabicl,2026-09-02,2,19.8774,16.8067,17.9253,18.7003,19.2751,19.8099,20.3203,20.9544,21.7765,23.0374
2026-09-02T11:28:28Z,2026-09-02,tabicl,2026-09-02,1,19.6636,17.3669,18.2358,18.8284,19.2411,19.6105,19.9775,20.4402,21.0436,21.9301
2026-08-28T18:49:45Z,2026-08-28,climatology,2026-09-03,7,19.4121,16.0600,16.8400,17.5600,18.2800,19.0000,19.6000,20.8800,22.0600,22.9600
2026-08-29T12:44:34Z,2026-08-29,climatology,2026-09-03,6,19.4121,16.0600,16.8400,17.5600,18.2800,19.0000,19.6000,20.8800,22.0600,22.9600
2026-08-30T12:01:02Z,2026-08-30,climatology,2026-09-03,5,19.4147,16.0900,16.8600,17.5900,18.4200,19.1500,19.5000,20.8200,21.8400,22.9400
2026-08-31T14:05:50Z,2026-08-31,climatology,2026-09-03,4,19.4543,16.1200,16.8800,17.6200,18.4600,19.3000,19.7000,20.8000,21.6200,22.9200
2026-09-01T11:47:50Z,2026-09-01,climatology,2026-09-03,3,19.4750,16.1500,16.9000,17.6500,18.5000,19.4000,20.0000,20.8000,21.4000,22.9000
2026-09-02T11:28:28Z,2026-09-02,climatology,2026-09-03,2,19.4784,16.1800,16.9800,17.6800,18.6200,19.5000,19.8400,20.8000,21.4000,22.8800
2026-09-03T11:25:26Z,2026-09-03,climatology,2026-09-03,1,19.5053,16.2100,17.0600,17.7100,18.7400,19.5000,20.0400,20.7800,21.4000,22.8600
2026-08-28T18:49:45Z,2026-08-28,persistence,2026-09-03,7,22.9000,17.1000,19.4000,20.7000,21.7200,22.9000,23.9800,25.2000,26.6000,28.7000
2026-08-29T12:44:34Z,2026-08-29,persistence,2026-09-03,6,19.9000,14.2000,16.5000,17.9500,18.9000,19.8000,21.0000,22.1000,23.6000,25.7000
2026-08-30T12:01:02Z,2026-08-30,persistence,2026-09-03,5,19.5000,14.1000,16.1000,17.5000,18.6000,19.6000,20.5000,21.6000,23.1000,24.9000
2026-08-31T14:05:50Z,2026-08-31,persistence,2026-09-03,4,20.8000,15.7000,17.5000,18.8000,19.9000,20.9000,21.8000,22.9000,24.0200,26.0000
2026-09-01T11:47:50Z,2026-09-01,persistence,2026-09-03,3,20.2000,15.5100,17.3000,18.5000,19.4000,20.2500,21.1000,22.0000,23.2000,24.8000
2026-09-02T11:28:28Z,2026-09-02,persistence,2026-09-03,2,19.6000,15.7300,17.1000,18.0000,18.9000,19.6000,20.4000,21.2000,22.2000,23.4000
2026-09-03T11:25:26Z,2026-09-03,persistence,2026-09-03,1,20.5000,18.0000,18.9000,19.5000,20.0000,20.5000,21.0000,21.5000,22.1000,23.1000
2026-08-28T18:49:45Z,2026-08-28,seasonal_naive,2026-09-03,7,19.5000,,,,,,,,,
2026-08-29T12:44:34Z,2026-08-29,seasonal_naive,2026-09-03,6,19.5000,,,,,,,,,
2026-08-30T12:01:02Z,2026-08-30,seasonal_naive,2026-09-03,5,19.5000,,,,,,,,,
2026-08-31T14:05:50Z,2026-08-31,seasonal_naive,2026-09-03,4,19.5000,,,,,,,,,
2026-09-01T11:47:50Z,2026-09-01,seasonal_naive,2026-09-03,3,19.5000,,,,,,,,,
2026-09-02T11:28:28Z,2026-09-02,seasonal_naive,2026-09-03,2,19.5000,,,,,,,,,
2026-09-03T11:25:26Z,2026-09-03,seasonal_naive,2026-09-03,1,19.5000,,,,,,,,,
2026-08-28T18:49:45Z,2026-08-28,tabicl,2026-09-03,7,21.2069,16.4830,18.2422,19.4083,20.3527,21.2241,22.0906,23.0314,24.1985,25.8513
2026-08-29T12:44:34Z,2026-08-29,tabicl,2026-09-03,6,20.0083,15.5535,17.2328,18.3454,19.2308,20.0735,20.8820,21.7829,22.8507,24.3717
2026-08-30T12:01:02Z,2026-08-30,tabicl,2026-09-03,5,19.9250,15.5513,17.1947,18.2584,19.1126,19.9690,20.7744,21.6945,22.7846,24.3211
2026-08-31T14:05:50Z,2026-08-31,tabicl,2026-09-03,4,20.2946,16.4012,17.7539,18.6892,19.4591,20.1968,20.9067,21.7452,22.7995,24.3579
2026-09-01T11:47:50Z,2026-09-01,tabicl,2026-09-03,3,19.7447,16.4073,17.6347,18.4709,19.0992,19.6812,20.2354,20.9217,21.8115,23.1720
2026-09-02T11:28:28Z,2026-09-02,tabicl,2026-09-03,2,19.4878,16.7121,17.7388,18.4529,18.9686,19.4364,19.8894,20.4513,21.1976,22.2755
2026-09-03T11:25:26Z,2026-09-03,tabicl,2026-09-03,1,20.5674,18.3249,19.1322,19.7089,20.1300,20.5107,20.8730,21.3119,21.9588,22.8788
2026-08-29T12:44:34Z,2026-08-29,climatology,2026-09-04,7,19.5727,16.3000,16.8400,17.6000,18.2800,19.0000,19.6000,20.8800,22.5600,23.8800
2026-08-30T12:01:02Z,2026-08-30,climatology,2026-09-04,6,19.5727,16.3000,16.8400,17.6000,18.2800,19.0000,19.6000,20.8800,22.5600,23.8800
2026-08-31T14:05:50Z,2026-08-31,climatology,2026-09-04,5,19.6088,16.3000,16.8600,17.6000,18.4200,19.1500,19.9000,20.8200,22.5400,23.7700
2026-09-01T11:47:50Z,2026-09-01,climatology,2026-09-04,4,19.6257,16.3000,16.8800,17.6200,18.4600,19.3000,20.0800,20.8000,22.5200,23.6600
2026-09-02T11:28:28Z,2026-09-02,climatology,2026-09-04,3,19.6250,16.3000,16.9000,17.6500,18.5000,19.4000,20.0000,20.8000,22.5000,23.5500
2026-09-03T11:25:26Z,2026-09-03,climatology,2026-09-04,2,19.6486,16.3000,17.0200,17.6800,18.6200,19.5000,20.1200,20.8000,22.2800,23.4400
2026-09-04T11:28:01Z,2026-09-04,climatology,2026-09-04,1,19.7342,16.3000,17.1400,17.7100,18.7400,19.5000,20.2600,20.8000,22.5600,23.3300
2026-08-29T12:44:34Z,2026-08-29,persistence,2026-09-04,7,19.9000,14.1000,16.4000,17.7000,18.7600,19.9000,20.9400,22.1800,23.6000,25.7000
2026-08-30T12:01:02Z,2026-08-30,persistence,2026-09-04,6,19.5000,13.8000,16.1000,17.5800,18.5000,19.4000,20.6000,21.7000,23.2000,25.2800
2026-08-31T14:05:50Z,2026-08-31,persistence,2026-09-04,5,20.8000,15.4000,17.4000,18.8000,19.9000,20.9000,21.8000,22.9000,24.4000,26.2000
2026-09-01T11:47:50Z,2026-09-01,persistence,2026-09-04,4,20.2000,15.1000,16.9000,18.2000,19.3000,20.3000,21.2000,22.3000,23.4000,25.4000
2026-09-02T11:28:28Z,2026-09-02,persistence,2026-09-04,3,19.6000,14.9200,16.7000,17.9000,18.8000,19.7000,20.5000,21.4000,22.6000,24.2000
2026-09-03T11:25:26Z,2026-09-03,persistence,2026-09-04,2,20.5000,16.6400,18.0000,18.9000,19.8000,20.5000,21.3000,22.0800,23.1000,24.3000
2026-09-04T11:28:01Z,2026-09-04,persistence,2026-09-04,1,22.9000,20.4000,21.3000,21.9000,22.4000,22.9000,23.4000,23.9000,24.5000,25.5000
2026-08-29T12:44:34Z,2026-08-29,seasonal_naive,2026-09-04,7,17.6000,,,,,,,,,
2026-08-30T12:01:02Z,2026-08-30,seasonal_naive,2026-09-04,6,17.6000,,,,,,,,,
2026-08-31T14:05:50Z,2026-08-31,seasonal_naive,2026-09-04,5,17.6000,,,,,,,,,
2026-09-01T11:47:50Z,2026-09-01,seasonal_naive,2026-09-04,4,17.6000,,,,,,,,,
2026-09-02T11:28:28Z,2026-09-02,seasonal_naive,2026-09-04,3,17.6000,,,,,,,,,
2026-09-03T11:25:26Z,2026-09-03,seasonal_naive,2026-09-04,2,17.6000,,,,,,,,,
2026-09-04T11:28:01Z,2026-09-04,seasonal_naive,2026-09-04,1,17.6000,,,,,,,,,
2026-08-29T12:44:34Z,2026-08-29,tabicl,2026-09-04,7,19.5986,15.0286,16.7623,17.8984,18.8097,19.6667,20.4856,21.4027,22.4931,24.0594
2026-08-30T12:01:02Z,2026-08-30,tabicl,2026-09-04,6,19.6080,15.1717,16.8444,17.9250,18.7969,19.6495,20.4547,21.3817,22.4838,24.0474
2026-08-31T14:05:50Z,2026-08-31,tabicl,2026-09-04,5,20.1291,15.9959,17.4590,18.4493,19.2637,20.0386,20.7871,21.6674,22.7816,24.4182
2026-09-01T11:47:50Z,2026-09-01,tabicl,2026-09-04,4,19.7468,16.1830,17.4936,18.3800,19.0531,19.6746,20.2668,21.0008,21.9584,23.4132
2026-09-02T11:28:28Z,2026-09-02,tabicl,2026-09-04,3,19.2765,16.1460,17.3145,18.1194,18.7080,19.2419,19.7496,20.3795,21.2201,22.4399
2026-09-03T11:25:26Z,2026-09-03,tabicl,2026-09-04,2,20.3462,17.6442,18.6049,19.2938,19.8040,20.2737,20.7257,21.2604,22.0474,23.1683
2026-09-04T11:28:01Z,2026-09-04,tabicl,2026-09-04,1,22.7033,19.9992,20.9783,21.7053,22.2720,22.7515,23.1820,23.6470,24.3502,25.3443
2026-08-30T12:01:02Z,2026-08-30,climatology,2026-09-05,7,19.7000,16.3200,16.6800,17.5600,18.2800,19.0000,19.6000,21.1600,22.7200,24.4200
2026-08-31T14:05:50Z,2026-08-31,climatology,2026-09-05,6,19.7000,16.3200,16.6800,17.5600,18.2800,19.0000,19.6000,21.1600,22.7200,24.4200
2026-09-01T11:47:50Z,2026-09-01,climatology,2026-09-05,5,19.7147,16.3300,16.7200,17.5900,18.4200,19.1500,19.9000,21.0400,22.6800,24.3800
2026-09-02T11:28:28Z,2026-09-02,climatology,2026-09-05,4,19.7114,16.3400,16.7600,17.6000,18.4600,19.3000,19.7600,20.9200,22.6400,24.3400
2026-09-03T11:25:26Z,2026-09-03,climatology,2026-09-05,3,19.7333,16.3500,16.8000,17.6000,18.5000,19.4000,20.0000,20.8000,22.6000,24.3000
2026-09-04T11:28:01Z,2026-09-04,climatology,2026-09-05,2,19.8189,16.3600,16.8200,17.6000,18.6200,19.5000,20.1200,21.0800,22.7600,24.2600
2026-09-05T10:44:54Z,2026-09-05,climatology,2026-09-05,1,19.9263,16.3700,16.8400,17.6200,18.7400,19.5000,20.2600,21.3600,22.8600,24.2200
2026-08-30T12:01:02Z,2026-08-30,persistence,2026-09-05,7,19.5000,13.7000,16.0000,17.3000,18.4000,19.5000,20.5000,21.7500,23.2000,25.3000
2026-08-31T14:05:50Z,2026-08-31,persistence,2026-09-05,6,20.8000,15.1000,17.4000,18.9000,19.8000,20.7000,21.9000,23.0000,24.5000,26.5600
2026-09-01T11:47:50Z,2026-09-01,persistence,2026-09-05,5,20.2000,14.8000,16.8000,18.2000,19.3000,20.3000,21.2000,22.3000,23.8000,25.6000
2026-09-02T11:28:28Z,2026-09-02,persistence,2026-09-05,4,19.6000,14.5100,16.3000,17.6000,18.7000,19.7000,20.6000,21.6700,22.8000,24.8000
2026-09-03T11:25:26Z,2026-09-03,persistence,2026-09-05,3,20.5000,15.8300,17.6000,18.8000,19.7000,20.5500,21.4000,22.3000,23.5000,25.1000
2026-09-04T11:28:01Z,2026-09-04,persistence,2026-09-05,2,22.9000,19.0500,20.4000,21.3000,22.2000,22.9000,23.7000,24.5000,25.5000,26.7000
2026-09-05T10:44:54Z,2026-09-05,persistence,2026-09-05,1,23.9000,21.4000,22.3000,22.9000,23.4000,23.9000,24.4000,24.9000,25.5000,26.5000
2026-08-30T12:01:02Z,2026-08-30,seasonal_naive,2026-09-05,7,16.6000,,,,,,,,,
2026-08-31T14:05:50Z,2026-08-31,seasonal_naive,2026-09-05,6,16.6000,,,,,,,,,
2026-09-01T11:47:50Z,2026-09-01,seasonal_naive,2026-09-05,5,16.6000,,,,,,,,,
2026-09-02T11:28:28Z,2026-09-02,seasonal_naive,2026-09-05,4,16.6000,,,,,,,,,
2026-09-03T11:25:26Z,2026-09-03,seasonal_naive,2026-09-05,3,16.6000,,,,,,,,,
2026-09-04T11:28:01Z,2026-09-04,seasonal_naive,2026-09-05,2,16.6000,,,,,,,,,
2026-09-05T10:44:54Z,2026-09-05,seasonal_naive,2026-09-05,1,16.6000,,,,,,,,,
2026-08-30T12:01:02Z,2026-08-30,tabicl,2026-09-05,7,19.2588,14.7872,16.4680,17.5595,18.4468,19.2922,20.0974,21.0253,22.1404,23.7325
2026-08-31T14:05:50Z,2026-08-31,tabicl,2026-09-05,6,19.9145,15.6628,17.1763,18.1944,19.0335,19.8198,20.5885,21.4938,22.6402,24.3212
2026-09-01T11:47:50Z,2026-09-01,tabicl,2026-09-05,5,19.7833,15.9790,17.3795,18.3186,19.0377,19.6971,20.3307,21.1127,22.1468,23.7062
2026-09-02T11:28:28Z,2026-09-02,tabicl,2026-09-05,4,19.1507,15.7309,17.0194,17.8971,18.5454,19.1298,19.6813,20.3687,21.2809,22.6196
2026-09-03T11:25:26Z,2026-09-03,tabicl,2026-09-05,3,20.0503,16.9713,18.0861,18.8612,19.4423,19.9728,20.4877,21.1018,21.9972,23.2761
2026-09-04T11:28:01Z,2026-09-04,tabicl,2026-09-05,2,22.2014,18.8120,19.9418,20.8224,21.5428,22.1660,22.7768,23.4380,24.3744,25.7151
2026-09-05T10:44:54Z,2026-09-05,tabicl,2026-09-05,1,23.8404,21.3373,22.2259,22.8888,23.3859,23.8285,24.2292,24.6784,25.3384,26.4251
2026-08-31T14:05:50Z,2026-08-31,climatology,2026-09-06,7,19.7424,16.0600,16.4800,17.3200,18.2800,19.3000,20.1200,21.8400,22.7200,24.4200
2026-09-01T11:47:50Z,2026-09-01,climatology,2026-09-06,6,19.7424,16.0600,16.4800,17.3200,18.2800,19.3000,20.1200,21.8400,22.7200,24.4200
2026-09-02T11:28:28Z,2026-09-02,climatology,2026-09-06,5,19.7382,16.0900,16.5200,17.5300,18.4200,19.4000,19.9200,21.5100,22.6800,24.3800
2026-09-03T11:25:26Z,2026-09-03,climatology,2026-09-06,4,19.7600,16.1200,16.5600,17.6000,18.4600,19.5000,20.2000,21.3200,22.6400,24.3400
2026-09-04T11:28:01Z,2026-09-04,climatology,2026-09-06,3,19.8472,16.1500,16.6000,17.6000,18.5000,19.5000,20.5000,21.9500,22.8000,24.3000
2026-09-05T10:44:54Z,2026-09-05,climatology,2026-09-06,2,19.9568,16.1800,16.6400,17.6000,18.7000,19.5000,20.5600,22.5000,22.8800,24.2600
2026-09-06T11:05:59Z,2026-09-06,climatology,2026-09-06,1,19.9711,16.2100,16.6800,17.6200,18.9000,19.5500,20.5200,22.3900,22.8600,24.2200
2026-08-31T14:05:50Z,2026-08-31,persistence,2026-09-06,7,20.8000,15.0000,17.3000,18.6000,19.7000,20.8000,21.8600,23.0200,24.5000,26.6000
2026-09-01T11:47:50Z,2026-09-01,persistence,2026-09-06,6,20.2000,14.5000,16.8000,18.3000,19.2000,20.1000,21.2800,22.4000,23.9000,25.9400
2026-09-02T11:28:28Z,2026-09-02,persistence,2026-09-06,5,19.6000,14.2000,16.2000,17.6000,18.7000,19.7000,20.6000,21.7000,23.2000,25.0000
2026-09-03T11:25:26Z,2026-09-03,persistence,2026-09-06,4,20.5000,15.4200,17.2000,18.5000,19.6000,20.6000,21.5000,22.5400,23.7000,25.7000
2026-09-04T11:28:01Z,2026-09-04,persistence,2026-09-06,3,22.9000,18.2400,20.0000,21.2000,22.1000,23.0000,23.8000,24.7000,25.9000,27.5000
2026-09-05T10:44:54Z,2026-09-05,persistence,2026-09-06,2,23.9000,20.0600,21.4000,22.3000,23.2000,23.9000,24.7000,25.5000,26.5000,27.7000
2026-09-06T11:05:59Z,2026-09-06,persistence,2026-09-06,1,20.5000,17.9800,18.9000,19.5000,20.0000,20.5000,21.0000,21.5000,22.1000,23.1000
2026-08-31T14:05:50Z,2026-08-31,seasonal_naive,2026-09-06,7,17.8000,,,,,,,,,
2026-09-01T11:47:50Z,2026-09-01,seasonal_naive,2026-09-06,6,17.8000,,,,,,,,,
2026-09-02T11:28:28Z,2026-09-02,seasonal_naive,2026-09-06,5,17.8000,,,,,,,,,
2026-09-03T11:25:26Z,2026-09-03,seasonal_naive,2026-09-06,4,17.8000,,,,,,,,,
2026-09-04T11:28:01Z,2026-09-04,seasonal_naive,2026-09-06,3,17.8000,,,,,,,,,
2026-09-05T10:44:54Z,2026-09-05,seasonal_naive,2026-09-06,2,17.8000,,,,,,,,,
2026-09-06T11:05:59Z,2026-09-06,seasonal_naive,2026-09-06,1,17.8000,,,,,,,,,
2026-08-31T14:05:50Z,2026-08-31,tabicl,2026-09-06,7,19.6325,15.1896,16.7871,17.8500,18.7292,19.5418,20.3444,21.2848,22.4795,24.2246
2026-09-01T11:47:50Z,2026-09-01,tabicl,2026-09-06,6,19.6639,15.7001,17.1659,18.1441,18.9005,19.5900,20.2529,21.0652,22.1355,23.7425
2026-09-02T11:28:28Z,2026-09-02,tabicl,2026-09-06,5,19.0621,15.3707,16.7783,17.7221,18.4231,19.0505,19.6437,20.3840,21.3660,22.8180
2026-09-03T11:25:26Z,2026-09-03,tabicl,2026-09-06,4,19.7184,16.2571,17.5512,18.4195,19.0784,19.6675,20.2406,20.9278,21.9051,23.3090
2026-09-04T11:28:01Z,2026-09-04,tabicl,2026-09-06,3,21.6169,17.8097,19.0691,20.0248,20.8148,21.5160,22.2234,23.0160,24.1110,25.6503
2026-09-05T10:44:54Z,2026-09-05,tabicl,2026-09-06,2,23.5690,20.3419,21.4295,22.2815,22.9491,23.5301,24.0944,24.7126,25.5804,26.9443
2026-09-06T11:05:59Z,2026-09-06,tabicl,2026-09-06,1,20.2453,17.8241,18.6616,19.3050,19.7580,20.1846,20.6284,21.1455,21.8120,22.7973
2026-09-01T11:47:50Z,2026-09-01,climatology,2026-09-07,7,19.5455,15.6600,16.3400,16.7200,17.7600,18.7000,20.1200,21.8400,22.7200,24.4200
2026-09-02T11:28:28Z,2026-09-02,climatology,2026-09-07,6,19.5455,15.6600,16.3400,16.7200,17.7600,18.7000,20.1200,21.8400,22.7200,24.4200
2026-09-03T11:25:26Z,2026-09-03,climatology,2026-09-07,5,19.5735,15.6900,16.3600,16.7800,17.9200,19.1000,20.4000,21.5100,22.6800,24.3800
2026-09-04T11:28:01Z,2026-09-04,climatology,2026-09-07,4,19.6686,15.7200,16.3800,16.9600,18.1600,19.5000,20.5400,22.2800,22.8200,24.3400
2026-09-05T10:44:54Z,2026-09-05,climatology,2026-09-07,3,19.7861,15.7500,16.4000,17.2000,18.4000,19.5000,20.6000,22.5000,22.9000,24.3000
2026-09-06T11:05:59Z,2026-09-06,climatology,2026-09-07,2,19.8054,15.7800,16.4000,17.4400,18.4400,19.5000,20.5600,22.5000,22.8800,24.2600
2026-09-07T12:45:44Z,2026-09-07,climatology,2026-09-07,1,19.8553,15.8100,16.4000,17.6000,18.4800,19.7500,20.6800,22.4200,22.8600,24.2200
2026-09-01T11:47:50Z,2026-09-01,persistence,2026-09-07,7,20.2000,14.4000,16.7000,18.0000,19.1000,20.2000,21.2200,22.4000,23.9000,26.0000
2026-09-02T11:28:28Z,2026-09-02,persistence,2026-09-07,6,19.6000,13.9000,16.2000,17.6700,18.5600,19.5000,20.6400,21.8000,23.3000,25.3200
2026-09-03T11:25:26Z,2026-09-03,persistence,2026-09-07,5,20.5000,15.1000,17.1000,18.5000,19.6000,20.6000,21.5000,22.6000,24.1000,25.9000
2026-09-04T11:28:01Z,2026-09-04,persistence,2026-09-07,4,22.9000,17.8300,19.6000,20.9000,22.0000,23.0000,23.9000,25.0000,26.1000,28.1000
2026-09-05T10:44:54Z,2026-09-05,persistence,2026-09-07,3,23.9000,19.2500,21.0000,22.2000,23.1000,24.0000,24.8000,25.7000,26.9000,28.5000
2026-09-06T11:05:59Z,2026-09-06,persistence,2026-09-07,2,20.5000,16.6700,18.0000,18.9000,19.8000,20.5000,21.3000,22.1000,23.1000,24.3000
2026-09-07T12:45:44Z,2026-09-07,persistence,2026-09-07,1,21.7000,19.1900,20.1000,20.7000,21.2000,21.7000,22.2000,22.7000,23.3000,24.3000
2026-09-01T11:47:50Z,2026-09-01,seasonal_naive,2026-09-07,7,21.4000,,,,,,,,,
2026-09-02T11:28:28Z,2026-09-02,seasonal_naive,2026-09-07,6,21.4000,,,,,,,,,
2026-09-03T11:25:26Z,2026-09-03,seasonal_naive,2026-09-07,5,21.4000,,,,,,,,,
2026-09-04T11:28:01Z,2026-09-04,seasonal_naive,2026-09-07,4,21.4000,,,,,,,,,
2026-09-05T10:44:54Z,2026-09-05,seasonal_naive,2026-09-07,3,21.4000,,,,,,,,,
2026-09-06T11:05:59Z,2026-09-06,seasonal_naive,2026-09-07,2,21.4000,,,,,,,,,
2026-09-07T12:45:44Z,2026-09-07,seasonal_naive,2026-09-07,1,21.4000,,,,,,,,,
2026-09-01T11:47:50Z,2026-09-01,tabicl,2026-09-07,7,19.5276,15.2609,16.8563,17.9032,18.7229,19.4648,20.1773,21.0402,22.1802,23.8790
2026-09-02T11:28:28Z,2026-09-02,tabicl,2026-09-07,6,18.9965,15.0456,16.5606,17.5596,18.3101,18.9804,19.6141,20.4048,21.4514,23.0181
2026-09-03T11:25:26Z,2026-09-03,tabicl,2026-09-07,5,19.4670,15.5879,17.0729,18.0328,18.7737,19.4226,20.0651,20.8321,21.9031,23.4724
2026-09-04T11:28:01Z,2026-09-04,tabicl,2026-09-07,4,20.9765,16.8497,18.2584,19.2708,20.1089,20.8580,21.6248,22.5003,23.6749,25.3407
2026-09-05T10:44:54Z,2026-09-05,tabicl,2026-09-07,3,23.0396,19.1646,20.4396,21.4395,22.2529,22.9575,23.6578,24.4350,25.5117,27.1203
2026-09-06T11:05:59Z,2026-09-06,tabicl,2026-09-07,2,20.1171,17.0676,18.1240,18.9118,19.5034,20.0670,20.6270,21.2969,22.1155,23.3018
2026-09-07T12:45:44Z,2026-09-07,tabicl,2026-09-07,1,20.9584,18.3352,19.2303,19.8949,20.4220,20.9072,21.3944,21.9406,22.6565,23.7179
2026-09-02T11:28:28Z,2026-09-02,climatology,2026-09-08,7,19.1121,15.1000,16.1200,16.5200,17.6000,18.5000,19.5000,20.9200,22.7200,24.4200
2026-09-03T11:25:26Z,2026-09-03,climatology,2026-09-08,6,19.1121,15.1000,16.1200,16.5200,17.6000,18.5000,19.5000,20.9200,22.7200,24.4200
2026-09-04T11:28:01Z,2026-09-04,climatology,2026-09-08,5,19.2235,15.1500,16.1800,16.5800,17.6400,18.6000,19.5000,21.5100,22.8400,24.3800
2026-09-05T10:44:54Z,2026-09-05,climatology,2026-09-08,4,19.3571,15.2000,16.2400,16.6400,17.7200,18.7000,19.7000,22.2800,22.9200,24.3400
2026-09-06T11:05:59Z,2026-09-06,climatology,2026-09-08,3,19.3889,15.2500,16.3000,16.7000,17.8000,18.7000,20.0000,21.9500,22.9000,24.3000
2026-09-07T12:45:44Z,2026-09-07,climatology,2026-09-08,2,19.4514,15.3000,16.3200,16.7600,18.0400,18.7000,20.3000,21.8600,22.8800,24.2600
2026-09-08T11:28:12Z,2026-09-08,climatology,2026-09-08,1,19.5763,15.3500,16.3400,16.8800,18.2800,19.1000,20.5200,22.4200,22.9600,24.2900
2026-09-02T11:28:28Z,2026-09-02,persistence,2026-09-08,7,19.6000,13.8000,16.1000,17.4000,18.5000,19.6000,20.6000,21.8000,23.3000,25.4000
2026-09-03T11:25:26Z,2026-09-03,persistence,2026-09-08,6,20.5000,14.8000,17.1000,18.5000,19.4000,20.4000,21.5000,22.7000,24.2000,26.2000
2026-09-04T11:28:01Z,2026-09-04,persistence,2026-09-08,5,22.9000,17.5000,19.5000,20.9000,22.0000,23.0000,23.9000,25.0000,26.5000,28.3000
2026-09-05T10:44:54Z,2026-09-05,persistence,2026-09-08,4,23.9000,18.8400,20.6000,21.9000,23.0000,24.0000,24.9000,26.0000,27.1200,29.1000
2026-09-06T11:05:59Z,2026-09-06,persistence,2026-09-08,3,20.5000,15.8600,17.6000,18.8000,19.7400,20.6000,21.4000,22.3000,23.5000,25.1000
2026-09-07T12:45:44Z,2026-09-07,persistence,2026-09-08,2,21.7000,17.8800,19.2000,20.1000,21.0000,21.7000,22.5000,23.3000,24.3000,25.5000
2026-09-08T11:28:12Z,2026-09-08,persistence,2026-09-08,1,24.2000,21.7000,22.6000,23.2000,23.7000,24.2000,24.7000,25.2000,25.8000,26.8000
2026-09-02T11:28:28Z,2026-09-02,seasonal_naive,2026-09-08,7,20.0000,,,,,,,,,
2026-09-03T11:25:26Z,2026-09-03,seasonal_naive,2026-09-08,6,20.0000,,,,,,,,,
2026-09-04T11:28:01Z,2026-09-04,seasonal_naive,2026-09-08,5,20.0000,,,,,,,,,
2026-09-05T10:44:54Z,2026-09-05,seasonal_naive,2026-09-08,4,20.0000,,,,,,,,,
2026-09-06T11:05:59Z,2026-09-06,seasonal_naive,2026-09-08,3,20.0000,,,,,,,,,
2026-09-07T12:45:44Z,2026-09-07,seasonal_naive,2026-09-08,2,20.0000,,,,,,,,,
2026-09-08T11:28:12Z,2026-09-08,seasonal_naive,2026-09-08,1,20.0000,,,,,,,,,
2026-09-02T11:28:28Z,2026-09-02,tabicl,2026-09-08,7,18.9485,14.7773,16.3896,17.4336,18.2250,18.9290,19.5977,20.4291,21.5330,23.1919
2026-09-03T11:25:26Z,2026-09-03,tabicl,2026-09-08,6,19.2803,15.1025,16.7202,17.7528,18.5516,19.2470,19.9388,20.7596,21.8970,23.5671
2026-09-04T11:28:01Z,2026-09-04,tabicl,2026-09-08,5,20.5989,16.1508,17.6976,18.7844,19.6823,20.4789,21.2973,22.2388,23.5007,25.2923
2026-09-05T10:44:54Z,2026-09-05,tabicl,2026-09-08,4,22.5257,18.1626,19.6111,20.7292,21.6453,22.4409,23.2315,24.1135,25.3203,27.1105
2026-09-06T11:05:59Z,2026-09-06,tabicl,2026-09-08,3,20.0165,16.6101,17.8212,18.7038,19.3639,19.9901,20.6088,21.3463,22.2413,23.5389
2026-09-07T12:45:44Z,2026-09-07,tabicl,2026-09-08,2,20.7245,17.7980,18.8131,19.5552,20.1398,20.6776,21.2159,21.8252,22.6282,23.8061
2026-09-08T11:28:12Z,2026-09-08,tabicl,2026-09-08,1,23.5091,20.6303,21.6298,22.3832,22.9823,23.5372,24.0473,24.5716,25.2764,26.3467
2026-09-03T11:25:26Z,2026-09-03,climatology,2026-09-09,7,18.6000,14.8400,15.9400,16.3600,16.7600,17.8000,18.6200,19.7000,22.5600,24.4200
2026-09-04T11:28:01Z,2026-09-04,climatology,2026-09-09,6,18.6000,14.8400,15.9400,16.3600,16.7600,17.8000,18.6200,19.7000,22.5600,24.4200
2026-09-05T10:44:54Z,2026-09-05,climatology,2026-09-09,5,18.7559,14.8600,15.9600,16.3900,16.9600,18.1000,18.6800,20.1400,22.6800,24.3800
2026-09-06T11:05:59Z,2026-09-06,climatology,2026-09-09,4,18.8057,14.8800,15.9800,16.4000,17.2800,18.4000,18.7000,20.4000,22.6400,24.3400
2026-09-07T12:45:44Z,2026-09-07,climatology,2026-09-09,3,18.8861,14.9000,16.0000,16.4000,17.6000,18.4500,18.7000,20.9500,22.6000,24.3000
2026-09-08T11:28:12Z,2026-09-08,climatology,2026-09-09,2,19.0297,14.9200,16.0400,16.4000,17.6000,18.5000,19.1800,21.4600,22.7600,24.3200
2026-09-09T11:33:48Z,2026-09-09,climatology,2026-09-09,1,19.0921,14.9400,16.0800,16.4200,17.6000,18.5500,19.6000,21.4000,22.7200,24.2900
2026-09-03T11:25:26Z,2026-09-03,persistence,2026-09-09,7,20.5000,14.7000,17.0000,18.3000,19.3600,20.5000,21.5000,22.7000,24.2000,26.3000
2026-09-04T11:28:01Z,2026-09-04,persistence,2026-09-09,6,22.9000,17.2000,19.5000,20.9300,21.8400,22.8000,23.9600,25.1000,26.6000,28.6000
2026-09-05T10:44:54Z,2026-09-05,persistence,2026-09-09,5,23.9000,18.5000,20.5000,21.9000,23.0000,24.0000,24.9000,26.0100,27.5000,29.3000
2026-09-06T11:05:59Z,2026-09-06,persistence,2026-09-09,4,20.5000,15.4500,17.2000,18.5000,19.6000,20.6000,21.5000,22.6000,23.7000,25.7000
2026-09-07T12:45:44Z,2026-09-07,persistence,2026-09-09,3,21.7000,17.0700,18.8000,20.0000,20.9000,21.7500,22.6000,23.5000,24.7000,26.3000
2026-09-08T11:28:12Z,2026-09-08,persistence,2026-09-09,2,24.2000,20.3900,21.7000,22.6000,23.5000,24.2000,25.0000,25.8000,26.8000,28.0000
2026-09-09T11:33:48Z,2026-09-09,persistence,2026-09-09,1,21.4000,18.8100,19.8000,20.4000,20.9000,21.4000,21.9000,22.4000,23.0000,24.0000
2026-09-03T11:25:26Z,2026-09-03,seasonal_naive,2026-09-09,7,17.6000,,,,,,,,,
2026-09-04T11:28:01Z,2026-09-04,seasonal_naive,2026-09-09,6,17.6000,,,,,,,,,
2026-09-05T10:44:54Z,2026-09-05,seasonal_naive,2026-09-09,5,17.6000,,,,,,,,,
2026-09-06T11:05:59Z,2026-09-06,seasonal_naive,2026-09-09,4,17.6000,,,,,,,,,
2026-09-07T12:45:44Z,2026-09-07,seasonal_naive,2026-09-09,3,17.6000,,,,,,,,,
2026-09-08T11:28:12Z,2026-09-08,seasonal_naive,2026-09-09,2,17.6000,,,,,,,,,
2026-09-09T11:33:48Z,2026-09-09,seasonal_naive,2026-09-09,1,17.6000,,,,,,,,,
2026-09-03T11:25:26Z,2026-09-03,tabicl,2026-09-09,7,19.1475,14.7775,16.4743,17.5494,18.3857,19.1129,19.8369,20.6910,21.8685,23.6164
2026-09-04T11:28:01Z,2026-09-04,tabicl,2026-09-09,6,20.4736,15.7527,17.3924,18.5407,19.4955,20.3340,21.2019,22.2019,23.5481,25.4804
2026-09-05T10:44:54Z,2026-09-05,tabicl,2026-09-09,5,22.1423,17.3253,18.9530,20.1789,21.1863,22.0595,22.9315,23.9044,25.2280,27.1997
2026-09-06T11:05:59Z,2026-09-06,tabicl,2026-09-09,4,20.0199,16.2977,17.6567,18.6139,19.3317,20.0082,20.6800,21.4771,22.4433,23.8424
2026-09-07T12:45:44Z,2026-09-07,tabicl,2026-09-09,3,20.5661,17.2867,18.4550,19.2887,19.9385,20.5336,21.1305,21.8058,22.6971,23.9993
2026-09-08T11:28:12Z,2026-09-08,tabicl,2026-09-09,2,22.9868,19.3233,20.5227,21.4490,22.2197,22.9121,23.6145,24.3713,25.3860,26.8450
2026-09-09T11:33:48Z,2026-09-09,tabicl,2026-09-09,1,21.2003,18.5505,19.4775,20.1710,20.6760,21.1461,21.6234,22.1932,22.9102,23.9360
2026-09-04T11:28:01Z,2026-09-04,climatology,2026-09-10,7,18.2667,14.5600,15.6600,16.2600,16.5600,17.8000,18.5200,18.9000,22.0600,24.4200
2026-09-05T10:44:54Z,2026-09-05,climatology,2026-09-10,6,18.2667,14.5600,15.6600,16.2600,16.5600,17.8000,18.5200,18.9000,22.0600,24.4200
2026-09-06T11:05:59Z,2026-09-06,climatology,2026-09-10,5,18.3324,14.5900,15.7400,16.2900,16.6400,17.9000,18.5800,19.2800,21.8400,24.3800
2026-09-07T12:45:44Z,2026-09-07,climatology,2026-09-10,4,18.4286,14.6200,15.8200,16.3200,16.7200,18.0000,18.6400,19.8400,21.8600,24.3400
2026-09-08T11:28:12Z,2026-09-08,climatology,2026-09-10,3,18.5889,14.6500,15.9000,16.3500,16.8000,18.2000,18.7000,20.2500,22.5000,24.3500
2026-09-09T11:33:48Z,2026-09-09,climatology,2026-09-10,2,18.6649,14.6800,15.9200,16.3800,17.1200,18.4000,18.7000,20.6800,22.3400,24.3200
2026-09-10T11:31:07Z,2026-09-10,climatology,2026-09-10,1,18.6211,14.7100,15.9400,16.4000,16.9600,18.2000,18.7000,20.4500,22.1800,24.2900
2026-09-04T11:28:01Z,2026-09-04,persistence,2026-09-10,7,22.9000,17.1000,19.4000,20.7000,21.8000,22.9000,23.9000,25.1000,26.6000,28.7000
2026-09-05T10:44:54Z,2026-09-05,persistence,2026-09-10,6,23.9000,18.2000,20.5000,21.9600,22.8800,23.8000,25.0000,26.1000,27.6000,29.6000
2026-09-06T11:05:59Z,2026-09-06,persistence,2026-09-10,5,20.5000,15.1000,17.1000,18.5000,19.6000,20.6000,21.5000,22.6000,24.1000,25.9000
2026-09-07T12:45:44Z,2026-09-07,persistence,2026-09-10,4,21.7000,16.6600,18.4000,19.7000,20.8400,21.8000,22.7000,23.8000,24.9000,26.9000
2026-09-08T11:28:12Z,2026-09-08,persistence,2026-09-10,3,24.2000,19.5800,21.3000,22.5000,23.4200,24.3000,25.1000,26.0000,27.2000,28.8000
2026-09-09T11:33:48Z,2026-09-09,persistence,2026-09-10,2,21.4000,17.6000,18.9000,19.8000,20.7000,21.4000,22.2000,23.0000,24.0000,25.2000
2026-09-10T11:31:07Z,2026-09-10,persistence,2026-09-10,1,17.0000,14.4000,15.4000,16.0000,16.5000,17.0000,17.5000,18.0000,18.6000,19.6000
2026-09-04T11:28:01Z,2026-09-04,seasonal_naive,2026-09-10,7,16.4000,,,,,,,,,
2026-09-05T10:44:54Z,2026-09-05,seasonal_naive,2026-09-10,6,16.4000,,,,,,,,,
2026-09-06T11:05:59Z,2026-09-06,seasonal_naive,2026-09-10,5,16.4000,,,,,,,,,
2026-09-07T12:45:44Z,2026-09-07,seasonal_naive,2026-09-10,4,16.4000,,,,,,,,,
2026-09-08T11:28:12Z,2026-09-08,seasonal_naive,2026-09-10,3,16.4000,,,,,,,,,
2026-09-09T11:33:48Z,2026-09-09,seasonal_naive,2026-09-10,2,16.4000,,,,,,,,,
2026-09-10T11:31:07Z,2026-09-10,seasonal_naive,2026-09-10,1,16.4000,,,,,,,,,
2026-09-04T11:28:01Z,2026-09-04,tabicl,2026-09-10,7,20.3497,15.4263,17.1371,18.3343,19.3355,20.2104,21.1138,22.1492,23.5446,25.5686
2026-09-05T10:44:54Z,2026-09-05,tabicl,2026-09-10,6,21.8326,16.6719,18.4432,19.7491,20.8270,21.7593,22.6924,23.7311,25.1349,27.2280
2026-09-06T11:05:59Z,2026-09-06,tabicl,2026-09-10,5,20.0479,16.0526,17.5409,18.5545,19.3221,20.0431,20.7629,21.6116,22.6385,24.1259
2026-09-07T12:45:44Z,2026-09-07,tabicl,2026-09-10,4,20.4399,16.8675,18.1650,19.0720,19.7769,20.4204,21.0661,21.7943,22.7430,24.1373
2026-09-08T11:28:12Z,2026-09-08,tabicl,2026-09-10,3,22.4966,18.4058,19.7492,20.7670,21.6162,22.3817,23.1658,24.0353,25.1923,26.8419
2026-09-09T11:33:48Z,2026-09-09,tabicl,2026-09-10,2,21.0528,17.9306,19.0174,19.8213,20.4296,20.9957,21.5655,22.2422,23.0841,24.2904
2026-09-10T11:31:07Z,2026-09-10,tabicl,2026-09-10,1,17.0819,14.4287,15.4072,16.0741,16.5577,17.0309,17.5286,18.1250,18.8666,19.8825
2026-09-05T10:44:54Z,2026-09-05,climatology,2026-09-11,7,17.8727,12.5800,15.0800,15.9600,16.3800,17.6000,18.5200,18.9000,20.8400,23.8400
2026-09-06T11:05:59Z,2026-09-06,climatology,2026-09-11,6,17.8727,12.5800,15.0800,15.9600,16.3800,17.6000,18.5200,18.9000,20.8400,23.8400
2026-09-07T12:45:44Z,2026-09-07,climatology,2026-09-11,5,17.9853,12.8200,15.1200,15.9900,16.4000,17.7000,18.5800,19.2000,21.5200,23.7100
2026-09-08T11:28:12Z,2026-09-08,climatology,2026-09-11,4,18.1629,13.0600,15.1600,16.0400,16.4000,17.8000,18.6400,19.2000,21.8600,24.1600
2026-09-09T11:33:48Z,2026-09-09,climatology,2026-09-11,3,18.2528,13.3000,15.2000,16.1000,16.4000,17.9000,18.7000,19.6000,21.7000,24.1500
2026-09-10T11:31:07Z,2026-09-10,climatology,2026-09-11,2,18.2189,13.5400,15.2600,16.1600,16.5600,17.8000,18.6600,19.3600,21.6400,24.1400
2026-09-11T11:32:53Z,2026-09-11,climatology,2026-09-11,1,18.1763,13.7800,15.3200,16.2100,16.5600,17.7000,18.6200,19.2000,21.5800,24.1300
2026-09-05T10:44:54Z,2026-09-05,persistence,2026-09-11,7,23.9000,18.1000,20.4000,21.7000,22.8000,23.9000,24.9000,26.1000,27.6000,29.7000
2026-09-06T11:05:59Z,2026-09-06,persistence,2026-09-11,6,20.5000,14.8000,17.1000,18.5900,19.5000,20.4000,21.5800,22.7000,24.2000,26.2000
2026-09-07T12:45:44Z,2026-09-07,persistence,2026-09-11,5,21.7000,16.3000,18.3000,19.7000,20.8000,21.8000,22.7000,23.8000,25.3000,27.1000
2026-09-08T11:28:12Z,2026-09-08,persistence,2026-09-11,4,24.2000,19.1700,20.9000,22.2000,23.3800,24.3000,25.2000,26.2900,27.4000,29.4000
2026-09-09T11:33:48Z,2026-09-09,persistence,2026-09-11,3,21.4000,16.7900,18.5000,19.7000,20.6600,21.5000,22.3000,23.2000,24.4000,26.0000
2026-09-10T11:31:07Z,2026-09-10,persistence,2026-09-11,2,17.0000,13.1100,14.5000,15.4000,16.3000,17.0000,17.8000,18.6000,19.6000,20.8000
2026-09-11T11:32:53Z,2026-09-11,persistence,2026-09-11,1,16.6000,14.0000,15.0000,15.6000,16.1000,16.6000,17.1000,17.6000,18.2000,19.2000
2026-09-05T10:44:54Z,2026-09-05,seasonal_naive,2026-09-11,7,15.9000,,,,,,,,,
2026-09-06T11:05:59Z,2026-09-06,seasonal_naive,2026-09-11,6,15.9000,,,,,,,,,
2026-09-07T12:45:44Z,2026-09-07,seasonal_naive,2026-09-11,5,15.9000,,,,,,,,,
2026-09-08T11:28:12Z,2026-09-08,seasonal_naive,2026-09-11,4,15.9000,,,,,,,,,
2026-09-09T11:33:48Z,2026-09-09,seasonal_naive,2026-09-11,3,15.9000,,,,,,,,,
2026-09-10T11:31:07Z,2026-09-10,seasonal_naive,2026-09-11,2,15.9000,,,,,,,,,
2026-09-11T11:32:53Z,2026-09-11,seasonal_naive,2026-09-11,1,15.9000,,,,,,,,,
2026-09-05T10:44:54Z,2026-09-05,tabicl,2026-09-11,7,21.8858,16.3807,18.2848,19.6622,20.8036,21.7852,22.7759,23.8923,25.4023,27.6758
2026-09-06T11:05:59Z,2026-09-06,tabicl,2026-09-11,6,20.0960,15.8424,17.4520,18.5133,19.3274,20.0917,20.8561,21.7533,22.8407,24.4174
2026-09-07T12:45:44Z,2026-09-07,tabicl,2026-09-11,5,20.4191,16.6107,18.0193,18.9793,19.7243,20.4030,21.0819,21.8523,22.8498,24.3254
2026-09-08T11:28:12Z,2026-09-08,tabicl,2026-09-11,4,22.1922,17.7952,19.2596,20.3422,21.2455,22.0610,22.8984,23.8392,25.0789,26.8422
2026-09-09T11:33:48Z,2026-09-09,tabicl,2026-09-11,3,21.0437,17.4666,18.7340,19.6461,20.3460,20.9942,21.6383,22.4065,23.3661,24.7393
2026-09-10T11:31:07Z,2026-09-10,tabicl,2026-09-11,2,17.0896,13.7885,15.0448,15.8717,16.4902,17.0778,17.6785,18.4053,19.2820,20.4721
2026-09-11T11:32:53Z,2026-09-11,tabicl,2026-09-11,1,16.9895,14.6665,15.4860,16.0491,16.4428,16.8402,17.2849,17.8287,18.5420,19.5522
2026-09-06T11:05:59Z,2026-09-06,climatology,2026-09-12,7,17.6667,12.5600,14.8800,15.7400,16.3800,16.8000,18.5200,18.9000,20.1200,22.7400
2026-09-07T12:45:44Z,2026-09-07,climatology,2026-09-12,6,17.6667,12.5600,14.8800,15.7400,16.3800,16.8000,18.5200,18.9000,20.1200,22.7400
2026-09-08T11:28:12Z,2026-09-08,climatology,2026-09-12,5,17.8588,12.7900,14.9200,15.8600,16.4000,17.2000,18.5800,19.2000,20.6800,23.7800
2026-09-09T11:33:48Z,2026-09-09,climatology,2026-09-12,4,17.9600,13.0200,14.9600,15.9600,16.4000,17.6000,18.6400,19.2000,21.4000,23.6400
2026-09-10T11:31:07Z,2026-09-10,climatology,2026-09-12,3,17.9333,13.2500,15.0000,16.0500,16.4000,17.3000,18.6000,19.2000,21.4000,23.5000
2026-09-11T11:32:53Z,2026-09-11,climatology,2026-09-12,2,17.8973,13.4800,15.0400,16.1400,16.4400,17.0000,18.5600,19.2000,21.1600,23.3600
2026-09-12T10:57:33Z,2026-09-12,climatology,2026-09-12,1,17.9421,13.7100,15.0800,16.2100,16.4800,17.3000,18.6200,19.2000,20.9200,23.2200
2026-09-06T11:05:59Z,2026-09-06,persistence,2026-09-12,7,20.5000,14.7000,17.0000,18.3000,19.4000,20.5000,21.5000,22.7000,24.2000,26.3000
2026-09-07T12:45:44Z,2026-09-07,persistence,2026-09-12,6,21.7000,16.0000,18.3000,19.8000,20.7000,21.6000,22.8000,23.9000,25.4000,27.4000
2026-09-08T11:28:12Z,2026-09-08,persistence,2026-09-12,5,24.2000,18.8000,20.8000,22.2000,23.3000,24.3000,25.2000,26.3200,27.8000,29.6000
2026-09-09T11:33:48Z,2026-09-09,persistence,2026-09-12,4,21.4000,16.3800,18.1000,19.4000,20.5200,21.5000,22.4000,23.4600,24.6000,26.6000
2026-09-10T11:31:07Z,2026-09-10,persistence,2026-09-12,3,17.0000,12.3000,14.1000,15.3000,16.2000,17.1000,17.9000,18.8000,20.0000,21.6000
2026-09-11T11:32:53Z,2026-09-11,persistence,2026-09-12,2,16.6000,12.7000,14.1000,15.0000,15.9000,16.6000,17.4000,18.2000,19.2000,20.4000
2026-09-12T10:57:33Z,2026-09-12,persistence,2026-09-12,1,19.6000,17.0000,18.0000,18.6000,19.1000,19.6000,20.1000,20.6000,21.2000,22.2000
2026-09-06T11:05:59Z,2026-09-06,seasonal_naive,2026-09-12,7,15.5000,,,,,,,,,
2026-09-07T12:45:44Z,2026-09-07,seasonal_naive,2026-09-12,6,15.5000,,,,,,,,,
2026-09-08T11:28:12Z,2026-09-08,seasonal_naive,2026-09-12,5,15.5000,,,,,,,,,
2026-09-09T11:33:48Z,2026-09-09,seasonal_naive,2026-09-12,4,15.5000,,,,,,,,,
2026-09-10T11:31:07Z,2026-09-10,seasonal_naive,2026-09-12,3,15.5000,,,,,,,,,
2026-09-11T11:32:53Z,2026-09-11,seasonal_naive,2026-09-12,2,15.5000,,,,,,,,,
2026-09-12T10:57:33Z,2026-09-12,seasonal_naive,2026-09-12,1,15.5000,,,,,,,,,
2026-09-06T11:05:59Z,2026-09-06,tabicl,2026-09-12,7,20.1202,15.6193,17.3369,18.4453,19.3074,20.1152,20.9213,21.8643,23.0138,24.6799
2026-09-07T12:45:44Z,2026-09-07,tabicl,2026-09-12,6,20.3861,16.3769,17.8746,18.8750,19.6544,20.3649,21.0763,21.8864,22.9343,24.4896
2026-09-08T11:28:12Z,2026-09-08,tabicl,2026-09-12,5,21.9679,17.4140,18.9441,20.0595,20.9922,21.8286,22.6914,23.6639,24.9424,26.7565
2026-09-09T11:33:48Z,2026-09-09,tabicl,2026-09-12,4,20.8112,16.9788,18.3570,19.3274,20.0787,20.7674,21.4643,22.2805,23.2989,24.7521
2026-09-10T11:31:07Z,2026-09-10,tabicl,2026-09-12,3,17.3694,13.6221,15.0559,15.9859,16.6984,17.3727,18.0572,18.8762,19.8483,21.1737
2026-09-11T11:32:53Z,2026-09-11,tabicl,2026-09-12,2,17.1517,14.3730,15.3221,15.9803,16.4855,16.9911,17.5368,18.2030,19.0347,20.1929
2026-09-12T10:57:33Z,2026-09-12,tabicl,2026-09-12,1,19.5589,16.5512,17.5676,18.3346,18.9708,19.5463,20.0486,20.6465,21.4529,22.6122
2026-09-07T12:45:44Z,2026-09-07,climatology,2026-09-13,7,17.4212,12.5600,14.8800,15.6800,16.2800,16.5000,18.2600,18.7000,19.2000,22.0400
2026-09-08T11:28:12Z,2026-09-08,climatology,2026-09-13,6,17.4212,12.5600,14.8800,15.6800,16.2800,16.5000,18.2600,18.7000,19.2000,22.0400
2026-09-09T11:33:48Z,2026-09-09,climatology,2026-09-13,5,17.5382,12.7900,14.9200,15.7700,16.3200,17.0500,18.4400,18.7200,19.5200,22.1700
2026-09-10T11:31:07Z,2026-09-10,climatology,2026-09-13,4,17.5229,13.0200,14.9600,15.8200,16.3600,17.0000,18.3200,18.7000,19.3600,22.0600
2026-09-11T11:32:53Z,2026-09-11,climatology,2026-09-13,3,17.4972,13.2500,15.0000,15.8500,16.4000,16.8000,18.2000,18.7000,19.2000,21.9500
2026-09-12T10:57:33Z,2026-09-12,climatology,2026-09-13,2,17.5541,13.4800,15.0400,15.8800,16.4000,17.0000,18.3800,18.7400,19.5200,21.8400
2026-09-13T12:03:14Z,2026-09-13,climatology,2026-09-13,1,17.6289,13.7100,15.0800,15.9300,16.4000,17.3000,18.5200,18.8800,19.8400,21.7300
2026-09-07T12:45:44Z,2026-09-07,persistence,2026-09-13,7,21.7000,15.9000,18.2000,19.5000,20.6000,21.7000,22.7000,23.9000,25.4000,27.5000
2026-09-08T11:28:12Z,2026-09-08,persistence,2026-09-13,6,24.2000,18.5000,20.8000,22.3000,23.2000,24.1000,25.3000,26.4000,27.9000,29.9000
2026-09-09T11:33:48Z,2026-09-09,persistence,2026-09-13,5,21.4000,16.0000,18.0000,19.4000,20.5000,21.5000,22.4000,23.5000,25.0000,26.8000
2026-09-10T11:31:07Z,2026-09-10,persistence,2026-09-13,4,17.0000,11.9900,13.7000,15.0000,16.1000,17.1000,18.0000,19.0300,20.2000,22.2000
2026-09-11T11:32:53Z,2026-09-11,persistence,2026-09-13,3,16.6000,11.9000,13.7000,14.9000,15.8000,16.6500,17.5000,18.4000,19.6000,21.2000
2026-09-12T10:57:33Z,2026-09-12,persistence,2026-09-13,2,19.6000,15.7000,17.1000,18.0000,18.9000,19.6000,20.4000,21.2000,22.2000,23.4000
2026-09-13T12:03:14Z,2026-09-13,persistence,2026-09-13,1,20.4000,17.8000,18.8000,19.4000,19.9000,20.4000,20.9000,21.4000,22.0000,23.0000
2026-09-07T12:45:44Z,2026-09-07,seasonal_naive,2026-09-13,7,15.0000,,,,,,,,,
2026-09-08T11:28:12Z,2026-09-08,seasonal_naive,2026-09-13,6,15.0000,,,,,,,,,
2026-09-09T11:33:48Z,2026-09-09,seasonal_naive,2026-09-13,5,15.0000,,,,,,,,,
2026-09-10T11:31:07Z,2026-09-10,seasonal_naive,2026-09-13,4,15.0000,,,,,,,,,
2026-09-11T11:32:53Z,2026-09-11,seasonal_naive,2026-09-13,3,15.0000,,,,,,,,,
2026-09-12T10:57:33Z,2026-09-12,seasonal_naive,2026-09-13,2,15.0000,,,,,,,,,
2026-09-13T12:03:14Z,2026-09-13,seasonal_naive,2026-09-13,1,15.0000,,,,,,,,,
2026-09-07T12:45:44Z,2026-09-07,tabicl,2026-09-13,7,20.3980,16.2319,17.7972,18.8236,19.6278,20.3632,21.0996,21.9438,23.0400,24.6705
2026-09-08T11:28:12Z,2026-09-08,tabicl,2026-09-13,6,21.8877,17.2291,18.7979,19.9257,20.8748,21.7278,22.6122,23.6113,24.9236,26.7867
2026-09-09T11:33:48Z,2026-09-09,tabicl,2026-09-13,5,20.6980,16.6889,18.1460,19.1496,19.9351,20.6493,21.3793,22.2293,23.2981,24.8212
2026-09-10T11:31:07Z,2026-09-10,tabicl,2026-09-13,4,17.7280,13.6553,15.2140,16.2149,16.9986,17.7355,18.4885,19.3727,20.4134,21.8370
2026-09-11T11:32:53Z,2026-09-11,tabicl,2026-09-13,3,17.5221,14.3065,15.3945,16.1452,16.7572,17.3676,18.0001,18.7656,19.7036,21.0034
2026-09-12T10:57:33Z,2026-09-12,tabicl,2026-09-13,2,19.5072,16.0433,17.1653,18.0335,18.7469,19.4207,20.0476,20.8020,21.7551,23.1131
2026-09-13T12:03:14Z,2026-09-13,tabicl,2026-09-13,1,20.6351,17.7994,18.8065,19.5523,20.1135,20.6163,21.0816,21.6316,22.3798,23.4534
2026-09-08T11:28:12Z,2026-09-08,climatology,2026-09-14,7,17.1697,12.5600,14.8800,15.6800,16.2800,16.5000,18.0400,18.6400,19.0800,20.4400
2026-09-09T11:33:48Z,2026-09-09,climatology,2026-09-14,6,17.1697,12.5600,14.8800,15.6800,16.2800,16.5000,18.0400,18.6400,19.0800,20.4400
2026-09-10T11:31:07Z,2026-09-10,climatology,2026-09-14,5,17.1647,12.7900,14.9200,15.7700,16.3200,16.7500,17.9200,18.6100,19.0200,20.4100
2026-09-11T11:32:53Z,2026-09-11,climatology,2026-09-14,4,17.1486,13.0200,14.9600,15.8200,16.3600,16.6000,17.7600,18.5200,18.9600,20.3800
2026-09-12T10:57:33Z,2026-09-12,climatology,2026-09-14,3,17.2167,13.2500,15.0000,15.8500,16.4000,16.8000,18.0000,18.6500,19.2000,20.3500
2026-09-13T12:03:14Z,2026-09-13,climatology,2026-09-14,2,17.3027,13.4800,15.0400,15.8800,16.4000,17.0000,18.1200,18.7000,19.2000,20.4400
2026-09-14T13:01:16Z,2026-09-14,climatology,2026-09-14,1,17.4184,13.7100,15.0800,15.9300,16.4000,17.0000,18.2000,18.7000,19.4400,20.8600
2026-09-08T11:28:12Z,2026-09-08,persistence,2026-09-14,7,24.2000,18.4000,20.7000,22.0000,23.1000,24.2000,25.2000,26.4000,27.9000,30.0000
2026-09-09T11:33:48Z,2026-09-09,persistence,2026-09-14,6,21.4000,15.7000,18.0000,19.5000,20.4000,21.3000,22.5000,23.6000,25.1000,27.1000
2026-09-10T11:31:07Z,2026-09-10,persistence,2026-09-14,5,17.0000,11.6000,13.6000,15.0000,16.1000,17.1000,18.0000,19.1000,20.6000,22.4000
2026-09-11T11:32:53Z,2026-09-11,persistence,2026-09-14,4,16.6000,11.5000,13.3000,14.6000,15.7000,16.7000,17.6000,18.6000,19.8000,21.8000
2026-09-12T10:57:33Z,2026-09-12,persistence,2026-09-14,3,19.6000,14.9000,16.7000,17.9000,18.8000,19.6000,20.5000,21.4000,22.6000,24.2000
2026-09-13T12:03:14Z,2026-09-13,persistence,2026-09-14,2,20.4000,16.5000,17.9000,18.8000,19.7000,20.4000,21.2000,22.0000,23.0000,24.2000
2026-09-14T13:01:16Z,2026-09-14,persistence,2026-09-14,1,21.7000,19.1000,20.1000,20.7000,21.2000,21.7000,22.2000,22.7000,23.3000,24.3000
2026-09-08T11:28:12Z,2026-09-08,seasonal_naive,2026-09-14,7,16.2000,,,,,,,,,
2026-09-09T11:33:48Z,2026-09-09,seasonal_naive,2026-09-14,6,16.2000,,,,,,,,,
2026-09-10T11:31:07Z,2026-09-10,seasonal_naive,2026-09-14,5,16.2000,,,,,,,,,
2026-09-11T11:32:53Z,2026-09-11,seasonal_naive,2026-09-14,4,16.2000,,,,,,,,,
2026-09-12T10:57:33Z,2026-09-12,seasonal_naive,2026-09-14,3,16.2000,,,,,,,,,
2026-09-13T12:03:14Z,2026-09-13,seasonal_naive,2026-09-14,2,16.2000,,,,,,,,,
2026-09-14T13:01:16Z,2026-09-14,seasonal_naive,2026-09-14,1,16.2000,,,,,,,,,
2026-09-08T11:28:12Z,2026-09-08,tabicl,2026-09-14,7,22.0338,17.2842,18.8732,20.0104,20.9790,21.8421,22.7419,23.7618,25.1167,27.0703
2026-09-09T11:33:48Z,2026-09-09,tabicl,2026-09-14,6,20.8189,16.7424,18.2147,19.2136,20.0096,20.7438,21.4867,22.3569,23.4540,25.0198
2026-09-10T11:31:07Z,2026-09-10,tabicl,2026-09-14,5,18.2282,13.9119,15.5429,16.5968,17.4353,18.2293,19.0294,19.9586,21.0537,22.5532
2026-09-11T11:32:53Z,2026-09-11,tabicl,2026-09-14,4,18.2542,14.6022,15.8278,16.6787,17.3981,18.1175,18.8338,19.6777,20.7106,22.1242
2026-09-12T10:57:33Z,2026-09-12,tabicl,2026-09-14,3,19.3757,15.5924,16.8176,17.7512,18.5153,19.2499,19.9486,20.7853,21.8297,23.3030
2026-09-13T12:03:14Z,2026-09-13,tabicl,2026-09-14,2,20.7770,17.3360,18.4895,19.3813,20.0674,20.6878,21.2781,21.9924,22.9304,24.2618
2026-09-14T13:01:16Z,2026-09-14,tabicl,2026-09-14,1,21.6938,18.8914,19.8613,20.5894,21.1348,21.6311,22.1421,22.7004,23.4601,24.5389
2026-09-09T11:33:48Z,2026-09-09,climatology,2026-09-15,7,17.1788,12.5600,14.8800,15.6800,16.3600,17.0000,18.2800,18.7800,19.3200,20.4400
2026-09-10T11:31:07Z,2026-09-10,climatology,2026-09-15,6,17.1788,12.5600,14.8800,15.6800,16.3600,17.0000,18.2800,18.7800,19.3200,20.4400
2026-09-11T11:32:53Z,2026-09-11,climatology,2026-09-15,5,17.1618,12.7900,14.9200,15.7700,16.4000,16.8000,18.2000,18.7200,19.2800,20.4100
2026-09-12T10:57:33Z,2026-09-12,climatology,2026-09-15,4,17.2314,13.0200,14.9600,15.8200,16.4000,17.0000,18.3600,18.8600,19.4400,20.3800
2026-09-13T12:03:14Z,2026-09-13,climatology,2026-09-15,3,17.3194,13.2500,15.0000,15.8500,16.4000,17.5000,18.6000,19.0500,19.6000,20.4500
2026-09-14T13:01:16Z,2026-09-14,climatology,2026-09-15,2,17.4378,13.4800,15.0400,15.8800,16.4400,18.0000,18.6600,19.2000,19.8400,20.6200
2026-09-15T11:53:38Z,2026-09-15,climatology,2026-09-15,1,17.5947,13.7100,15.0800,15.9300,16.4800,18.1000,18.7000,19.2000,20.0800,21.0700
2026-09-09T11:33:48Z,2026-09-09,persistence,2026-09-15,7,21.4000,15.6000,17.9000,19.2000,20.3000,21.4500,22.4000,23.6000,25.1000,27.2000
2026-09-10T11:31:07Z,2026-09-10,persistence,2026-09-15,6,17.0000,11.3000,13.6000,15.1000,16.0000,16.9000,18.1000,19.2000,20.7000,22.7000
2026-09-11T11:32:53Z,2026-09-11,persistence,2026-09-15,5,16.6000,11.2000,13.2000,14.6000,15.7000,16.7000,17.6000,18.7000,20.2000,22.0000
2026-09-12T10:57:33Z,2026-09-12,persistence,2026-09-15,4,19.6000,14.5100,16.3000,17.6000,18.7000,19.7000,20.6000,21.6000,22.8000,24.8000
2026-09-13T12:03:14Z,2026-09-13,persistence,2026-09-15,3,20.4000,15.7000,17.5000,18.7000,19.6000,20.4500,21.3000,22.2000,23.4000,25.0000
2026-09-14T13:01:16Z,2026-09-14,persistence,2026-09-15,2,21.7000,17.8000,19.2000,20.1000,21.0000,21.7000,22.5000,23.3000,24.3000,25.5000
2026-09-15T11:53:38Z,2026-09-15,persistence,2026-09-15,1,23.4000,20.8000,21.8000,22.4000,22.9000,23.4000,23.9000,24.4000,25.0000,26.0000
2026-09-09T11:33:48Z,2026-09-09,seasonal_naive,2026-09-15,7,18.0000,,,,,,,,,
2026-09-10T11:31:07Z,2026-09-10,seasonal_naive,2026-09-15,6,18.0000,,,,,,,,,
2026-09-11T11:32:53Z,2026-09-11,seasonal_naive,2026-09-15,5,18.0000,,,,,,,,,
2026-09-12T10:57:33Z,2026-09-12,seasonal_naive,2026-09-15,4,18.0000,,,,,,,,,
2026-09-13T12:03:14Z,2026-09-13,seasonal_naive,2026-09-15,3,18.0000,,,,,,,,,
2026-09-14T13:01:16Z,2026-09-14,seasonal_naive,2026-09-15,2,18.0000,,,,,,,,,
2026-09-15T11:53:38Z,2026-09-15,seasonal_naive,2026-09-15,1,18.0000,,,,,,,,,
2026-09-09T11:33:48Z,2026-09-09,tabicl,2026-09-15,7,20.7852,16.6097,18.1223,19.1268,19.9359,20.6876,21.4495,22.3441,23.4791,25.1030
2026-09-10T11:31:07Z,2026-09-10,tabicl,2026-09-15,6,18.4030,13.8383,15.5745,16.6880,17.5789,18.4101,19.2536,20.2199,21.3638,22.9414
2026-09-11T11:32:53Z,2026-09-11,tabicl,2026-09-15,5,18.5819,14.5191,15.9232,16.8720,17.6771,18.4611,19.2441,20.1515,21.2684,22.8131
2026-09-12T10:57:33Z,2026-09-12,tabicl,2026-09-15,4,19.2861,15.2638,16.5913,17.5679,18.3747,19.1456,19.8879,20.7791,21.8830,23.4514
2026-09-13T12:03:14Z,2026-09-13,tabicl,2026-09-15,3,20.5714,16.7849,18.0390,19.0125,19.7591,20.4345,21.0901,21.8814,22.9189,24.4146
2026-09-14T13:01:16Z,2026-09-14,tabicl,2026-09-15,2,21.6337,18.5358,19.5959,20.4110,21.0173,21.5595,22.1121,22.7258,23.5660,24.7777
2026-09-15T11:53:38Z,2026-09-15,tabicl,2026-09-15,1,23.4775,21.0401,21.9126,22.5648,23.0340,23.4329,23.8219,24.2788,24.9464,25.9678
2026-09-10T11:31:07Z,2026-09-10,climatology,2026-09-16,7,16.8727,12.5600,14.8800,15.5000,16.1400,17.0000,18.2000,18.7000,19.2000,20.1400
2026-09-11T11:32:53Z,2026-09-11,climatology,2026-09-16,6,16.8727,12.5600,14.8800,15.5000,16.1400,17.0000,18.2000,18.7000,19.2000,20.1400
2026-09-12T10:57:33Z,2026-09-12,climatology,2026-09-16,5,16.9529,12.7900,14.9200,15.5000,16.2000,17.1000,18.2000,18.7200,19.2800,20.1100
2026-09-13T12:03:14Z,2026-09-13,climatology,2026-09-16,4,17.0514,13.0200,14.9600,15.5600,16.2000,17.2000,18.3600,18.8600,19.4400,20.3200
2026-09-14T13:01:16Z,2026-09-14,climatology,2026-09-16,3,17.1806,13.2500,15.0000,15.6500,16.2000,17.6000,18.6000,19.0500,19.6000,20.4500
2026-09-15T11:53:38Z,2026-09-15,climatology,2026-09-16,2,17.3486,13.4800,15.0400,15.7400,16.3200,18.0000,18.6600,19.2000,19.8400,20.6200
2026-09-16T11:48:05Z,2026-09-16,climatology,2026-09-16,1,17.5237,13.7100,15.0800,15.8100,16.4400,18.1000,18.7000,19.2000,20.0800,21.0700
2026-09-10T11:31:07Z,2026-09-10,persistence,2026-09-16,7,17.0000,11.2000,13.5000,14.8000,15.9000,17.0000,18.0000,19.2000,20.7000,22.8000
2026-09-11T11:32:53Z,2026-09-11,persistence,2026-09-16,6,16.6000,10.9000,13.2000,14.6400,15.6000,16.5000,17.6800,18.8000,20.3000,22.3000
2026-09-12T10:57:33Z,2026-09-12,persistence,2026-09-16,5,19.6000,14.2000,16.2000,17.6000,18.7000,19.7000,20.6000,21.7000,23.2000,25.0000
2026-09-13T12:03:14Z,2026-09-13,persistence,2026-09-16,4,20.4000,15.3200,17.1000,18.4000,19.5000,20.5000,21.4000,22.4000,23.6000,25.6000
2026-09-14T13:01:16Z,2026-09-14,persistence,2026-09-16,3,21.7000,17.0000,18.8000,20.0000,20.9000,21.8000,22.6000,23.5000,24.7000,26.3000
2026-09-15T11:53:38Z,2026-09-15,persistence,2026-09-16,2,23.4000,19.5000,20.9000,21.8000,22.7000,23.4000,24.2000,25.0000,26.0000,27.2000
2026-09-16T11:48:05Z,2026-09-16,persistence,2026-09-16,1,24.0000,21.4000,22.4000,23.0000,23.5000,24.0000,24.5000,25.0000,25.6000,26.6000
2026-09-10T11:31:07Z,2026-09-10,seasonal_naive,2026-09-16,7,15.2000,,,,,,,,,
2026-09-11T11:32:53Z,2026-09-11,seasonal_naive,2026-09-16,6,15.2000,,,,,,,,,
2026-09-12T10:57:33Z,2026-09-12,seasonal_naive,2026-09-16,5,15.2000,,,,,,,,,
2026-09-13T12:03:14Z,2026-09-13,seasonal_naive,2026-09-16,4,15.2000,,,,,,,,,
2026-09-14T13:01:16Z,2026-09-14,seasonal_naive,2026-09-16,3,15.2000,,,,,,,,,
2026-09-15T11:53:38Z,2026-09-15,seasonal_naive,2026-09-16,2,15.2000,,,,,,,,,
2026-09-16T11:48:05Z,2026-09-16,seasonal_naive,2026-09-16,1,15.2000,,,,,,,,,
2026-09-10T11:31:07Z,2026-09-10,tabicl,2026-09-16,7,18.4831,13.7145,15.5412,16.7063,17.6392,18.4988,19.3734,20.3660,21.5523,23.1950
2026-09-11T11:32:53Z,2026-09-11,tabicl,2026-09-16,6,18.6036,14.2903,15.8424,16.8554,17.7068,18.5181,19.3285,20.2631,21.4234,23.0424
2026-09-12T10:57:33Z,2026-09-12,tabicl,2026-09-16,5,19.2560,15.0392,16.4582,17.4697,18.3145,19.1190,19.9019,20.8337,21.9823,23.6223
2026-09-13T12:03:14Z,2026-09-13,tabicl,2026-09-16,4,20.1722,16.2151,17.5482,18.5496,19.3222,20.0308,20.7243,21.5557,22.6395,24.2191
2026-09-14T13:01:16Z,2026-09-14,tabicl,2026-09-16,3,21.2165,17.7662,18.9358,19.8360,20.5232,21.1398,21.7520,22.4392,23.3592,24.7065
2026-09-15T11:53:38Z,2026-09-15,tabicl,2026-09-16,2,23.1222,20.1559,21.1752,21.9579,22.5436,23.0635,23.5761,24.1539,24.9683,26.2037
2026-09-16T11:48:05Z,2026-09-16,tabicl,2026-09-16,1,23.9284,21.5699,22.4173,23.0698,23.5223,23.9308,24.3059,24.7245,25.3390,26.3286
2026-09-11T11:32:53Z,2026-09-11,climatology,2026-09-17,7,16.5727,12.2400,14.4400,15.3800,16.1200,17.0000,18.0400,18.6400,19.0800,19.8000
2026-09-12T10:57:33Z,2026-09-12,climatology,2026-09-17,6,16.5727,12.2400,14.4400,15.3800,16.1200,17.0000,18.0400,18.6400,19.0800,19.8000
2026-09-13T12:03:14Z,2026-09-13,climatology,2026-09-17,5,16.6853,12.3100,14.4600,15.4700,16.2000,17.1000,18.1600,18.7000,19.2000,20.1100
2026-09-14T13:01:16Z,2026-09-14,climatology,2026-09-17,4,16.8286,12.3800,14.4800,15.5000,16.2000,17.2000,18.2000,18.7000,19.2400,20.3200
2026-09-15T11:53:38Z,2026-09-15,climatology,2026-09-17,3,17.0111,12.4500,14.5000,15.5000,16.2000,17.2500,18.2000,18.8000,19.4000,20.4500
2026-09-16T11:48:05Z,2026-09-16,climatology,2026-09-17,2,17.2000,12.5200,14.6000,15.5000,16.3200,17.3000,18.4400,18.9600,19.8000,20.6200
2026-09-17T11:51:26Z,2026-09-17,climatology,2026-09-17,1,17.2289,12.5900,14.7000,15.5300,16.4400,17.6500,18.3600,18.8800,19.7000,20.5900
2026-09-11T11:32:53Z,2026-09-11,persistence,2026-09-17,7,16.6000,10.8000,13.1000,14.4000,15.5000,16.6000,17.6000,18.8000,20.3000,22.4000
2026-09-12T10:57:33Z,2026-09-12,persistence,2026-09-17,6,19.6000,13.9000,16.2000,17.6700,18.6000,19.5000,20.6400,21.8000,23.3000,25.3000
2026-09-13T12:03:14Z,2026-09-13,persistence,2026-09-17,5,20.4000,15.0000,17.0000,18.4000,19.5000,20.5000,21.4000,22.5000,24.0000,25.8000
2026-09-14T13:01:16Z,2026-09-14,persistence,2026-09-17,4,21.7000,16.6300,18.4000,19.7000,20.8000,21.8000,22.7000,23.7100,24.9000,26.9000
2026-09-15T11:53:38Z,2026-09-15,persistence,2026-09-17,3,23.4000,18.7000,20.5000,21.7000,22.6000,23.5000,24.3000,25.2000,26.4000,28.0000
2026-09-16T11:48:05Z,2026-09-16,persistence,2026-09-17,2,24.0000,20.1000,21.5000,22.4000,23.3000,24.0000,24.8000,25.6000,26.6000,27.8000
2026-09-17T11:51:26Z,2026-09-17,persistence,2026-09-17,1,18.3000,15.7000,16.7000,17.3000,17.8000,18.3000,18.8000,19.3000,19.9000,20.9000
2026-09-11T11:32:53Z,2026-09-11,seasonal_naive,2026-09-17,7,16.5000,,,,,,,,,
2026-09-12T10:57:33Z,2026-09-12,seasonal_naive,2026-09-17,6,16.5000,,,,,,,,,
2026-09-13T12:03:14Z,2026-09-13,seasonal_naive,2026-09-17,5,16.5000,,,,,,,,,
2026-09-14T13:01:16Z,2026-09-14,seasonal_naive,2026-09-17,4,16.5000,,,,,,,,,
2026-09-15T11:53:38Z,2026-09-15,seasonal_naive,2026-09-17,3,16.5000,,,,,,,,,
2026-09-16T11:48:05Z,2026-09-16,seasonal_naive,2026-09-17,2,16.5000,,,,,,,,,
2026-09-17T11:51:26Z,2026-09-17,seasonal_naive,2026-09-17,1,16.5000,,,,,,,,,
2026-09-11T11:32:53Z,2026-09-11,tabicl,2026-09-17,7,18.4582,13.9713,15.6357,16.6902,17.5705,18.3976,19.2275,20.1774,21.3648,23.0296
2026-09-12T10:57:33Z,2026-09-12,tabicl,2026-09-17,6,19.1437,14.8040,16.2994,17.3316,18.2003,19.0217,19.8319,20.7804,21.9543,23.6316
2026-09-13T12:03:14Z,2026-09-13,tabicl,2026-09-17,5,19.8624,15.7691,17.1777,18.1971,18.9963,19.7337,20.4610,21.3191,22.4354,24.0762
2026-09-14T13:01:16Z,2026-09-14,tabicl,2026-09-17,4,20.7354,17.0115,18.2889,19.2495,19.9997,20.6775,21.3431,22.0870,23.0591,24.4906
2026-09-15T11:53:38Z,2026-09-15,tabicl,2026-09-17,3,22.5332,19.1581,20.2998,21.1807,21.8647,22.4829,23.0878,23.7598,24.6700,26.0251
2026-09-16T11:48:05Z,2026-09-16,tabicl,2026-09-17,2,23.5807,20.6390,21.6622,22.4627,23.0429,23.5794,24.0842,24.6351,25.4059,26.5847
2026-09-17T11:51:26Z,2026-09-17,tabicl,2026-09-17,1,18.2271,15.6442,16.5661,17.2241,17.7134,18.1885,18.6930,19.2653,19.9553,20.9012
2026-09-12T10:57:33Z,2026-09-12,climatology,2026-09-18,7,16.3818,11.8600,13.2800,15.1200,16.1200,17.0000,17.4400,18.3600,19.0800,19.8000
2026-09-13T12:03:14Z,2026-09-13,climatology,2026-09-18,6,16.3818,11.8600,13.2800,15.1200,16.1200,17.0000,17.4400,18.3600,19.0800,19.8000
2026-09-14T13:01:16Z,2026-09-14,climatology,2026-09-18,5,16.5382,11.8900,13.3200,15.1800,16.2000,17.1000,17.8600,18.6100,19.2000,20.1100
2026-09-15T11:53:38Z,2026-09-15,climatology,2026-09-18,4,16.7343,11.9200,13.3600,15.2600,16.2000,17.2000,18.0800,18.6800,19.2400,20.3800
2026-09-16T11:48:05Z,2026-09-16,climatology,2026-09-18,3,16.9361,11.9500,13.4000,15.3500,16.2000,17.2000,18.2000,18.8000,19.4000,20.6500
2026-09-17T11:51:26Z,2026-09-17,climatology,2026-09-18,2,16.9730,11.9800,13.6000,15.4400,16.3200,17.2000,18.2000,18.7400,19.3600,20.6200
2026-09-18T11:27:25Z,2026-09-18,climatology,2026-09-18,1,16.9868,12.0100,13.8000,15.5300,16.4400,17.2500,18.2000,18.6900,19.3200,20.5900
2026-09-12T10:57:33Z,2026-09-12,persistence,2026-09-18,7,19.6000,13.8000,16.1000,17.4000,18.5000,19.6000,20.6000,21.8000,23.3000,25.4000
2026-09-13T12:03:14Z,2026-09-13,persistence,2026-09-18,6,20.4000,14.7000,17.0000,18.5000,19.4000,20.3000,21.4000,22.6000,24.1000,26.1000
2026-09-14T13:01:16Z,2026-09-14,persistence,2026-09-18,5,21.7000,16.3000,18.3000,19.7000,20.8000,21.8000,22.7000,23.8000,25.3000,27.1000
2026-09-15T11:53:38Z,2026-09-15,persistence,2026-09-18,4,23.4000,18.3400,20.1000,21.4000,22.5000,23.5000,24.4000,25.4800,26.6200,28.6000
2026-09-16T11:48:05Z,2026-09-16,persistence,2026-09-18,3,24.0000,19.3000,21.1000,22.3000,23.2400,24.1000,24.9000,25.8200,27.0000,28.6000
2026-09-17T11:51:26Z,2026-09-17,persistence,2026-09-18,2,18.3000,14.4000,15.8000,16.7000,17.6000,18.3000,19.1000,19.9000,20.9000,22.1000
2026-09-18T11:27:25Z,2026-09-18,persistence,2026-09-18,1,17.5000,14.9000,15.9000,16.5000,17.0000,17.5000,18.0000,18.5000,19.1000,20.1000
2026-09-12T10:57:33Z,2026-09-12,seasonal_naive,2026-09-18,7,18.2000,,,,,,,,,
2026-09-13T12:03:14Z,2026-09-13,seasonal_naive,2026-09-18,6,18.2000,,,,,,,,,
2026-09-14T13:01:16Z,2026-09-14,seasonal_naive,2026-09-18,5,18.2000,,,,,,,,,
2026-09-15T11:53:38Z,2026-09-15,seasonal_naive,2026-09-18,4,18.2000,,,,,,,,,
2026-09-16T11:48:05Z,2026-09-16,seasonal_naive,2026-09-18,3,18.2000,,,,,,,,,
2026-09-17T11:51:26Z,2026-09-17,seasonal_naive,2026-09-18,2,18.2000,,,,,,,,,
2026-09-18T11:27:25Z,2026-09-18,seasonal_naive,2026-09-18,1,18.2000,,,,,,,,,
2026-09-12T10:57:33Z,2026-09-12,tabicl,2026-09-18,7,19.0150,14.5318,16.1089,17.1737,18.0700,18.9120,19.7511,20.7170,21.9191,23.6416
2026-09-13T12:03:14Z,2026-09-13,tabicl,2026-09-18,6,19.6145,15.3801,16.8601,17.9035,18.7345,19.5015,20.2612,21.1443,22.2956,24.0024
2026-09-14T13:01:16Z,2026-09-14,tabicl,2026-09-18,5,20.2592,16.2715,17.6684,18.6881,19.4995,20.2300,20.9425,21.7307,22.7549,24.2763
2026-09-15T11:53:38Z,2026-09-15,tabicl,2026-09-18,4,21.9058,18.1740,19.4279,20.3867,21.1565,21.8602,22.5463,23.3028,24.2954,25.7469
2026-09-16T11:48:05Z,2026-09-16,tabicl,2026-09-18,3,23.1831,19.7814,20.9444,21.8587,22.5453,23.1841,23.7856,24.4435,25.3334,26.6532
2026-09-17T11:51:26Z,2026-09-17,tabicl,2026-09-18,2,18.1495,15.0134,16.1641,16.9642,17.5785,18.1548,18.7593,19.4362,20.2452,21.3451
2026-09-18T11:27:25Z,2026-09-18,tabicl,2026-09-18,1,17.6511,15.0873,15.9354,16.5504,17.0171,17.4930,18.0155,18.6154,19.3805,20.4703
2026-09-13T12:03:14Z,2026-09-13,climatology,2026-09-19,7,16.2212,11.8600,13.2800,14.8800,15.7400,16.5000,17.2200,18.2000,19.0800,19.8000
2026-09-14T13:01:16Z,2026-09-14,climatology,2026-09-19,6,16.2212,11.8600,13.2800,14.8800,15.7400,16.5000,17.2200,18.2000,19.0800,19.8000
2026-09-15T11:53:38Z,2026-09-15,climatology,2026-09-19,5,16.4324,11.8900,13.3200,15.1200,15.8800,16.7500,17.2800,18.2400,19.2000,20.1100
2026-09-16T11:48:05Z,2026-09-16,climatology,2026-09-19,4,16.6486,11.9200,13.3600,15.2400,16.0400,17.0000,17.5800,18.5200,19.2400,20.3800
2026-09-17T11:51:26Z,2026-09-17,climatology,2026-09-19,3,16.6944,11.9500,13.4000,15.3000,16.2000,17.1000,18.0000,18.4500,19.2000,20.3500
2026-09-18T11:27:25Z,2026-09-18,climatology,2026-09-19,2,16.7162,11.9800,13.4000,15.3600,16.2000,17.2000,17.8000,18.3600,19.2000,20.3200
2026-09-19T11:11:06Z,2026-09-19,climatology,2026-09-19,1,16.7368,12.0100,13.4000,15.4100,16.2000,17.2000,17.6000,18.2900,19.2000,20.2900
2026-09-13T12:03:14Z,2026-09-13,persistence,2026-09-19,7,20.4000,14.6000,16.9000,18.2000,19.3000,20.4000,21.4000,22.6000,24.1000,26.2000
2026-09-14T13:01:16Z,2026-09-14,persistence,2026-09-19,6,21.7000,16.0000,18.3000,19.7300,20.6400,21.6000,22.7000,23.9000,25.4000,27.4000
2026-09-15T11:53:38Z,2026-09-15,persistence,2026-09-19,5,23.4000,18.0000,20.0000,21.4000,22.5000,23.5000,24.4000,25.5000,27.0000,28.8000
2026-09-16T11:48:05Z,2026-09-16,persistence,2026-09-19,4,24.0000,18.9500,20.7000,22.0000,23.1000,24.1000,25.0000,26.1000,27.3000,29.2000
2026-09-17T11:51:26Z,2026-09-17,persistence,2026-09-19,3,18.3000,13.6000,15.4000,16.6000,17.5000,18.4000,19.2000,20.1000,21.3000,22.9000
2026-09-18T11:27:25Z,2026-09-18,persistence,2026-09-19,2,17.5000,13.6000,15.0000,15.9000,16.8000,17.5000,18.3000,19.1000,20.1000,21.3000
2026-09-19T11:11:06Z,2026-09-19,persistence,2026-09-19,1,17.5000,14.9000,15.9000,16.5000,17.0000,17.5000,18.0000,18.5000,19.1000,20.1000
2026-09-13T12:03:14Z,2026-09-13,seasonal_naive,2026-09-19,7,20.5000,,,,,,,,,
2026-09-14T13:01:16Z,2026-09-14,seasonal_naive,2026-09-19,6,20.5000,,,,,,,,,
2026-09-15T11:53:38Z,2026-09-15,seasonal_naive,2026-09-19,5,20.5000,,,,,,,,,
2026-09-16T11:48:05Z,2026-09-16,seasonal_naive,2026-09-19,4,20.5000,,,,,,,,,
2026-09-17T11:51:26Z,2026-09-17,seasonal_naive,2026-09-19,3,20.5000,,,,,,,,,
2026-09-18T11:27:25Z,2026-09-18,seasonal_naive,2026-09-19,2,20.5000,,,,,,,,,
2026-09-19T11:11:06Z,2026-09-19,seasonal_naive,2026-09-19,1,20.5000,,,,,,,,,
2026-09-13T12:03:14Z,2026-09-13,tabicl,2026-09-19,7,19.5390,15.1819,16.7145,17.7760,18.6333,19.4198,20.2064,21.1143,22.3034,24.0948
2026-09-14T13:01:16Z,2026-09-14,tabicl,2026-09-19,6,20.0135,15.8352,17.3140,18.3725,19.2246,19.9877,20.7316,21.5516,22.6281,24.2531
2026-09-15T11:53:38Z,2026-09-15,tabicl,2026-09-19,5,21.4067,17.4100,18.7580,19.7693,20.5992,21.3590,22.1037,22.9208,23.9804,25.5156
2026-09-16T11:48:05Z,2026-09-16,tabicl,2026-09-19,4,22.8485,19.0914,20.3698,21.3691,22.1408,22.8573,23.5338,24.2714,25.2460,26.6665
2026-09-17T11:51:26Z,2026-09-17,tabicl,2026-09-19,3,18.3497,14.8831,16.1740,17.0534,17.7353,18.3743,19.0371,19.7840,20.6722,21.8828
2026-09-18T11:27:25Z,2026-09-18,tabicl,2026-09-19,2,17.4873,14.3828,15.4324,16.1735,16.7629,17.3391,17.9651,18.6865,19.5769,20.8427
2026-09-19T11:11:06Z,2026-09-19,tabicl,2026-09-19,1,18.0046,15.8518,16.5764,17.0906,17.4557,17.8297,18.2347,18.7487,19.4283,20.4070
2026-09-14T13:01:16Z,2026-09-14,climatology,2026-09-20,7,16.0818,11.8600,13.2800,14.7600,15.4800,16.2000,17.2000,18.0800,19.0800,19.8000
2026-09-15T11:53:38Z,2026-09-15,climatology,2026-09-20,6,16.0818,11.8600,13.2800,14.7600,15.4800,16.2000,17.2000,18.0800,19.0800,19.8000
2026-09-16T11:48:05Z,2026-09-16,climatology,2026-09-20,5,16.3147,11.8900,13.3200,14.9400,15.5600,16.3500,17.2000,18.2000,19.2000,20.1100
2026-09-17T11:51:26Z,2026-09-17,climatology,2026-09-20,4,16.3714,11.9200,13.3600,15.0400,15.6800,16.5000,17.2400,18.2000,19.2000,20.0800
2026-09-18T11:27:25Z,2026-09-18,climatology,2026-09-20,3,16.4028,11.9500,13.4000,15.1000,15.8000,16.7500,17.3000,18.2000,19.2000,20.0500
2026-09-19T11:11:06Z,2026-09-19,climatology,2026-09-20,2,16.4324,11.9800,13.4000,15.1600,15.8000,17.0000,17.4200,18.2000,19.1400,20.0200
2026-09-20T11:35:50Z,2026-09-20,climatology,2026-09-20,1,16.5132,12.0100,13.4000,15.2200,15.8000,17.1000,17.5000,18.2000,19.2000,19.9900
2026-09-14T13:01:16Z,2026-09-14,persistence,2026-09-20,7,21.7000,15.9000,18.2000,19.5000,20.6000,21.7000,22.7000,23.9000,25.4000,27.5000
2026-09-15T11:53:38Z,2026-09-15,persistence,2026-09-20,6,23.4000,17.7000,20.0000,21.4600,22.3800,23.3000,24.4200,25.6000,27.1000,29.1000
2026-09-16T11:48:05Z,2026-09-16,persistence,2026-09-20,5,24.0000,18.6000,20.6000,22.0000,23.1000,24.1000,25.0000,26.1000,27.6000,29.4000
2026-09-17T11:51:26Z,2026-09-17,persistence,2026-09-20,4,18.3000,13.2600,15.0000,16.3000,17.4000,18.4000,19.3000,20.4000,21.5800,23.5000
2026-09-18T11:27:25Z,2026-09-18,persistence,2026-09-20,3,17.5000,12.8000,14.6000,15.8000,16.7000,17.6000,18.4000,19.3000,20.5000,22.1000
2026-09-19T11:11:06Z,2026-09-19,persistence,2026-09-20,2,17.5000,13.6000,15.0000,15.9000,16.8000,17.5000,18.3000,19.1000,20.1000,21.3000
2026-09-20T11:35:50Z,2026-09-20,persistence,2026-09-20,1,19.5000,16.9000,17.9000,18.5000,19.0000,19.5000,20.0000,20.5000,21.1000,22.1000
2026-09-14T13:01:16Z,2026-09-14,seasonal_naive,2026-09-20,7,20.8000,,,,,,,,,
2026-09-15T11:53:38Z,2026-09-15,seasonal_naive,2026-09-20,6,20.8000,,,,,,,,,
2026-09-16T11:48:05Z,2026-09-16,seasonal_naive,2026-09-20,5,20.8000,,,,,,,,,
2026-09-17T11:51:26Z,2026-09-17,seasonal_naive,2026-09-20,4,20.8000,,,,,,,,,
2026-09-18T11:27:25Z,2026-09-18,seasonal_naive,2026-09-20,3,20.8000,,,,,,,,,
2026-09-19T11:11:06Z,2026-09-19,seasonal_naive,2026-09-20,2,20.8000,,,,,,,,,
2026-09-20T11:35:50Z,2026-09-20,seasonal_naive,2026-09-20,1,20.8000,,,,,,,,,
2026-09-14T13:01:16Z,2026-09-14,tabicl,2026-09-20,7,19.9555,15.6534,17.1858,18.2635,19.1383,19.9184,20.6804,21.5225,22.6410,24.3632
2026-09-15T11:53:38Z,2026-09-15,tabicl,2026-09-20,6,21.1127,16.9266,18.3457,19.3925,20.2608,21.0577,21.8406,22.6993,23.8090,25.4136
2026-09-16T11:48:05Z,2026-09-16,tabicl,2026-09-20,5,22.6472,18.6424,20.0079,21.0633,21.8921,22.6543,23.3794,24.1692,25.2079,26.7152
2026-09-17T11:51:26Z,2026-09-17,tabicl,2026-09-20,4,18.4902,14.8261,16.2034,17.1302,17.8504,18.5264,19.2247,20.0117,20.9469,22.2226
2026-09-18T11:27:25Z,2026-09-18,tabicl,2026-09-20,3,17.5831,14.1446,15.3268,16.1449,16.8043,17.4440,18.1283,18.9260,19.9017,21.2801
2026-09-19T11:11:06Z,2026-09-19,tabicl,2026-09-20,2,18.1282,15.5556,16.4201,17.0296,17.4905,17.9537,18.4393,19.0521,19.8272,20.9577
2026-09-20T11:35:50Z,2026-09-20,tabicl,2026-09-20,1,20.0779,17.5889,18.4693,19.1065,19.5929,20.0077,20.4169,20.9396,21.6443,22.6177
2026-09-15T11:53:38Z,2026-09-15,climatology,2026-09-21,7,15.9212,11.8600,13.2800,14.4600,15.3600,15.8000,17.0400,17.3800,18.6200,19.8000
2026-09-16T11:48:05Z,2026-09-16,climatology,2026-09-21,6,15.9212,11.8600,13.2800,14.4600,15.3600,15.8000,17.0400,17.3800,18.6200,19.8000
2026-09-17T11:51:26Z,2026-09-17,climatology,2026-09-21,5,15.9912,11.8900,13.3200,14.4900,15.4200,16.0000,17.1600,17.5700,18.5400,19.7500
2026-09-18T11:27:25Z,2026-09-18,climatology,2026-09-21,4,16.0343,11.9200,13.3600,14.6000,15.4600,16.2000,17.2000,17.5000,18.4200,19.7000
2026-09-19T11:11:06Z,2026-09-19,climatology,2026-09-21,3,16.0750,11.9500,13.4000,14.7500,15.5000,16.3500,17.2000,17.5000,18.3000,19.6500
2026-09-20T11:35:50Z,2026-09-20,climatology,2026-09-21,2,16.1676,11.9800,13.4000,14.9000,15.6200,16.5000,17.2600,17.6400,18.7800,19.6600
2026-09-21T13:00:07Z,2026-09-21,climatology,2026-09-21,1,16.2526,12.0100,13.4000,15.0200,15.7400,16.7500,17.3400,18.1300,19.0800,19.6200
2026-09-15T11:53:38Z,2026-09-15,persistence,2026-09-21,7,23.4000,17.6000,19.9000,21.2000,22.3000,23.4000,24.4000,25.6000,27.1000,29.2000
2026-09-16T11:48:05Z,2026-09-16,persistence,2026-09-21,6,24.0000,18.3000,20.6000,22.0900,23.0000,23.9000,25.0800,26.2000,27.7000,29.7000
2026-09-17T11:51:26Z,2026-09-17,persistence,2026-09-21,5,18.3000,12.9000,14.9000,16.3000,17.4000,18.4000,19.3000,20.4000,21.9000,23.7000
2026-09-18T11:27:25Z,2026-09-18,persistence,2026-09-21,4,17.5000,12.4700,14.2000,15.5000,16.6000,17.6000,18.5000,19.5900,20.7600,22.7000
2026-09-19T11:11:06Z,2026-09-19,persistence,2026-09-21,3,17.5000,12.8000,14.6000,15.8000,16.7000,17.5500,18.4000,19.3000,20.5000,22.1000
2026-09-20T11:35:50Z,2026-09-20,persistence,2026-09-21,2,19.5000,15.6000,17.0000,17.9000,18.8000,19.5000,20.3000,21.1000,22.1000,23.3000
2026-09-21T13:00:07Z,2026-09-21,persistence,2026-09-21,1,19.4000,16.8000,17.8000,18.4000,18.9000,19.4000,19.9000,20.4000,21.0000,22.0000
2026-09-15T11:53:38Z,2026-09-15,seasonal_naive,2026-09-21,7,15.5000,,,,,,,,,
2026-09-16T11:48:05Z,2026-09-16,seasonal_naive,2026-09-21,6,15.5000,,,,,,,,,
2026-09-17T11:51:26Z,2026-09-17,seasonal_naive,2026-09-21,5,15.5000,,,,,,,,,
2026-09-18T11:27:25Z,2026-09-18,seasonal_naive,2026-09-21,4,15.5000,,,,,,,,,
2026-09-19T11:11:06Z,2026-09-19,seasonal_naive,2026-09-21,3,15.5000,,,,,,,,,
2026-09-20T11:35:50Z,2026-09-20,seasonal_naive,2026-09-21,2,15.5000,,,,,,,,,
2026-09-21T13:00:07Z,2026-09-21,seasonal_naive,2026-09-21,1,15.5000,,,,,,,,,
2026-09-15T11:53:38Z,2026-09-15,tabicl,2026-09-21,7,21.0931,16.7006,18.1975,19.2833,20.1919,21.0208,21.8345,22.7313,23.9037,25.6229
2026-09-16T11:48:05Z,2026-09-16,tabicl,2026-09-21,6,22.5452,18.2796,19.7417,20.8536,21.7415,22.5478,23.3196,24.1623,25.2667,26.8800
2026-09-17T11:51:26Z,2026-09-17,tabicl,2026-09-21,5,18.6434,14.8034,16.2525,17.2194,17.9668,18.6799,19.4043,20.2291,21.2065,22.5434
2026-09-18T11:27:25Z,2026-09-18,tabicl,2026-09-21,4,17.7753,14.0814,15.3594,16.2366,16.9452,17.6366,18.3661,19.2234,20.2615,21.7218
2026-09-19T11:11:06Z,2026-09-19,tabicl,2026-09-21,3,18.3632,15.4138,16.3986,17.0905,17.6320,18.1761,18.7285,19.4345,20.3132,21.5893
2026-09-20T11:35:50Z,2026-09-20,tabicl,2026-09-21,2,20.0898,16.9141,17.9635,18.7523,19.3872,19.9718,20.5584,21.2506,22.1521,23.4052
2026-09-21T13:00:07Z,2026-09-21,tabicl,2026-09-21,1,20.1539,17.5224,18.4023,19.0388,19.5241,20.0049,20.5051,21.1159,21.9106,22.9596
2026-09-16T11:48:05Z,2026-09-16,climatology,2026-09-22,7,15.9242,11.8400,13.2800,14.4600,15.4800,16.0000,17.0400,17.3800,18.4400,19.8000
2026-09-17T11:51:26Z,2026-09-17,climatology,2026-09-22,6,15.9242,11.8400,13.2800,14.4600,15.4800,16.0000,17.0400,17.3800,18.4400,19.8000
2026-09-18T11:27:25Z,2026-09-18,climatology,2026-09-22,5,15.9706,11.8600,13.3200,14.4900,15.5600,16.1000,17.1600,17.5000,18.3600,19.7500
2026-09-19T11:11:06Z,2026-09-19,climatology,2026-09-22,4,16.0143,11.8800,13.3600,14.6000,15.6800,16.2000,17.2000,17.5000,18.2800,19.7000
2026-09-20T11:35:50Z,2026-09-20,climatology,2026-09-22,3,16.1111,11.9000,13.4000,14.7500,15.8000,16.3500,17.2000,17.5000,18.6000,19.7000
2026-09-21T13:00:07Z,2026-09-21,climatology,2026-09-22,2,16.2000,11.9200,13.4000,14.9000,15.8000,16.5000,17.2600,17.6400,18.8400,19.6600
2026-09-22T11:50:23Z,2026-09-22,climatology,2026-09-22,1,16.2342,11.9400,13.4000,15.0400,15.8000,16.7500,17.3400,17.5000,18.7800,19.6200
2026-09-16T11:48:05Z,2026-09-16,persistence,2026-09-22,7,24.0000,18.2000,20.5000,21.8000,22.9000,24.0000,25.0000,26.2000,27.7000,29.8000
2026-09-17T11:51:26Z,2026-09-17,persistence,2026-09-22,6,18.3000,12.6000,14.9000,16.4000,17.3000,18.2000,19.4000,20.5000,22.0000,24.0000
2026-09-18T11:27:25Z,2026-09-18,persistence,2026-09-22,5,17.5000,12.1000,14.1000,15.5000,16.6000,17.6000,18.5000,19.6000,21.1000,22.9000
2026-09-19T11:11:06Z,2026-09-19,persistence,2026-09-22,4,17.5000,12.4000,14.2000,15.5000,16.6000,17.6000,18.5000,19.5600,20.7400,22.7000
2026-09-20T11:35:50Z,2026-09-20,persistence,2026-09-22,3,19.5000,14.8000,16.6000,17.8000,18.7000,19.6000,20.4000,21.3000,22.5000,24.1000
2026-09-21T13:00:07Z,2026-09-21,persistence,2026-09-22,2,19.4000,15.5000,16.9000,17.8000,18.7000,19.4000,20.2000,21.0000,22.0000,23.2000
2026-09-22T11:50:23Z,2026-09-22,persistence,2026-09-22,1,17.5000,14.9000,15.9000,16.5000,17.0000,17.5000,18.0000,18.5000,19.1000,20.1000
2026-09-16T11:48:05Z,2026-09-16,seasonal_naive,2026-09-22,7,12.8000,,,,,,,,,
2026-09-17T11:51:26Z,2026-09-17,seasonal_naive,2026-09-22,6,12.8000,,,,,,,,,
2026-09-18T11:27:25Z,2026-09-18,seasonal_naive,2026-09-22,5,12.8000,,,,,,,,,
2026-09-19T11:11:06Z,2026-09-19,seasonal_naive,2026-09-22,4,12.8000,,,,,,,,,
2026-09-20T11:35:50Z,2026-09-20,seasonal_naive,2026-09-22,3,12.8000,,,,,,,,,
2026-09-21T13:00:07Z,2026-09-21,seasonal_naive,2026-09-22,2,12.8000,,,,,,,,,
2026-09-22T11:50:23Z,2026-09-22,seasonal_naive,2026-09-22,1,12.8000,,,,,,,,,
2026-09-16T11:48:05Z,2026-09-16,tabicl,2026-09-22,7,22.4218,17.9527,19.4914,20.6437,21.5747,22.4141,23.2218,24.1041,25.2644,26.9725
2026-09-17T11:51:26Z,2026-09-17,tabicl,2026-09-22,6,18.8271,14.8822,16.3673,17.3512,18.1147,18.8496,19.5951,20.4473,21.4595,22.8469
2026-09-18T11:27:25Z,2026-09-18,tabicl,2026-09-22,5,18.0402,14.1659,15.5087,16.4278,17.1731,17.9034,18.6650,19.5589,20.6464,22.1664
2026-09-19T11:11:06Z,2026-09-19,tabicl,2026-09-22,4,18.6786,15.4283,16.5131,17.2684,17.8718,18.4837,19.0934,19.8680,20.8241,22.1994
2026-09-20T11:35:50Z,2026-09-20,tabicl,2026-09-22,3,20.0586,16.5844,17.7357,18.5845,19.2746,19.9170,20.5630,21.3200,22.3064,23.6761
2026-09-21T13:00:07Z,2026-09-21,tabicl,2026-09-22,2,20.6000,17.5813,18.5884,19.3211,19.8988,20.4710,21.0507,21.7207,22.5835,23.7137
2026-09-22T11:50:23Z,2026-09-22,tabicl,2026-09-22,1,18.3692,16.1266,16.8615,17.3740,17.7692,18.1773,18.6372,19.2056,19.8904,20.8180
2026-09-17T11:51:26Z,2026-09-17,climatology,2026-09-23,7,15.7303,11.8400,13.0000,13.4000,15.3200,15.8000,17.0400,17.3800,18.4400,19.3000
2026-09-18T11:27:25Z,2026-09-18,climatology,2026-09-23,6,15.7303,11.8400,13.0000,13.4000,15.3200,15.8000,17.0400,17.3800,18.4400,19.3000
2026-09-19T11:11:06Z,2026-09-19,climatology,2026-09-23,5,15.7824,11.8600,13.0000,13.4000,15.4200,15.9000,17.1600,17.5000,18.3600,19.2500
2026-09-20T11:35:50Z,2026-09-20,climatology,2026-09-23,4,15.8886,11.8800,13.0000,13.6200,15.4600,16.0000,17.2000,17.5000,18.6200,19.4600
2026-09-21T13:00:07Z,2026-09-21,climatology,2026-09-23,3,15.9861,11.9000,13.0000,13.9500,15.5000,16.1000,17.2000,17.8500,18.7000,19.4500
2026-09-22T11:50:23Z,2026-09-22,climatology,2026-09-23,2,16.0270,11.9200,13.0400,14.2800,15.6200,16.2000,17.2600,17.6400,18.6800,19.4400
2026-09-23T11:49:50Z,2026-09-23,climatology,2026-09-23,1,16.0816,11.9400,13.0800,14.5500,15.7400,16.6000,17.3400,18.0400,18.6600,19.4300
2026-09-17T11:51:26Z,2026-09-17,persistence,2026-09-23,7,18.3000,12.5000,14.8000,16.1000,17.2000,18.3000,19.3000,20.5000,22.0000,24.1000
2026-09-18T11:27:25Z,2026-09-18,persistence,2026-09-23,6,17.5000,11.8000,14.1000,15.5500,16.5000,17.4000,18.6000,19.7000,21.2000,23.2000
2026-09-19T11:11:06Z,2026-09-19,persistence,2026-09-23,5,17.5000,12.1000,14.1000,15.5000,16.5800,17.6000,18.5000,19.6000,21.1000,22.9000
2026-09-20T11:35:50Z,2026-09-20,persistence,2026-09-23,4,19.5000,14.4000,16.2000,17.5000,18.6000,19.6000,20.5000,21.5300,22.7200,24.7000
2026-09-21T13:00:07Z,2026-09-21,persistence,2026-09-23,3,19.4000,14.7000,16.5000,17.7000,18.6000,19.5000,20.3000,21.2000,22.4000,24.0000
2026-09-22T11:50:23Z,2026-09-22,persistence,2026-09-23,2,17.5000,13.6000,15.0000,15.9000,16.8000,17.5000,18.3000,19.1000,20.1000,21.3000
2026-09-23T11:49:50Z,2026-09-23,persistence,2026-09-23,1,18.1000,15.5000,16.5000,17.1000,17.6000,18.1000,18.6000,19.1000,19.7000,20.7000
2026-09-17T11:51:26Z,2026-09-17,seasonal_naive,2026-09-23,7,11.8000,,,,,,,,,
2026-09-18T11:27:25Z,2026-09-18,seasonal_naive,2026-09-23,6,11.8000,,,,,,,,,
2026-09-19T11:11:06Z,2026-09-19,seasonal_naive,2026-09-23,5,11.8000,,,,,,,,,
2026-09-20T11:35:50Z,2026-09-20,seasonal_naive,2026-09-23,4,11.8000,,,,,,,,,
2026-09-21T13:00:07Z,2026-09-21,seasonal_naive,2026-09-23,3,11.8000,,,,,,,,,
2026-09-22T11:50:23Z,2026-09-22,seasonal_naive,2026-09-23,2,11.8000,,,,,,,,,
2026-09-23T11:49:50Z,2026-09-23,seasonal_naive,2026-09-23,1,11.8000,,,,,,,,,
2026-09-17T11:51:26Z,2026-09-17,tabicl,2026-09-23,7,19.0135,14.9502,16.4805,17.4814,18.2570,19.0180,19.7858,20.6687,21.7172,23.1637
2026-09-18T11:27:25Z,2026-09-18,tabicl,2026-09-23,6,18.2777,14.2732,15.6659,16.6137,17.3819,18.1393,18.9223,19.8416,20.9635,22.5297
2026-09-19T11:11:06Z,2026-09-19,tabicl,2026-09-23,5,18.9087,15.3467,16.5482,17.3703,18.0312,18.7106,19.3831,20.2212,21.2517,22.7238
2026-09-20T11:35:50Z,2026-09-20,tabicl,2026-09-23,4,20.1375,16.3187,17.6050,18.5219,19.2750,19.9798,20.6882,21.5157,22.5855,24.0814
2026-09-21T13:00:07Z,2026-09-21,tabicl,2026-09-23,3,20.8107,17.3811,18.5456,19.3731,20.0386,20.6878,21.3417,22.0735,23.0168,24.2637
2026-09-22T11:50:23Z,2026-09-22,tabicl,2026-09-23,2,18.6658,16.0033,16.8707,17.4856,17.9820,18.4938,19.0168,19.6599,20.4577,21.5066
2026-09-23T11:49:50Z,2026-09-23,tabicl,2026-09-23,1,18.7181,16.7641,17.4292,17.8866,18.2220,18.5364,18.9048,19.3940,20.0044,20.8891
2026-09-18T11:27:25Z,2026-09-18,climatology,2026-09-24,7,15.4333,11.4800,12.8800,13.3200,14.3800,15.5000,16.3600,17.2400,18.4400,19.2600
2026-09-19T11:11:06Z,2026-09-19,climatology,2026-09-24,6,15.4333,11.4800,12.8800,13.3200,14.3800,15.5000,16.3600,17.2400,18.4400,19.2600
2026-09-20T11:35:50Z,2026-09-20,climatology,2026-09-24,5,15.5529,11.5200,12.9200,13.3800,14.6000,15.6500,16.8400,17.3200,18.6400,19.4700
2026-09-21T13:00:07Z,2026-09-21,climatology,2026-09-24,4,15.6629,11.5600,12.9600,13.4000,14.8000,15.8000,17.0800,17.4600,18.7000,19.4600
2026-09-22T11:50:23Z,2026-09-22,climatology,2026-09-24,3,15.7139,11.6000,13.0000,13.4000,15.0000,15.9000,17.2000,17.5000,18.7000,19.4500
2026-09-23T11:49:50Z,2026-09-23,climatology,2026-09-24,2,15.7784,11.6400,13.0000,13.4000,15.1600,16.0000,17.2000,17.6200,18.6800,19.4400
2026-09-24T11:57:14Z,2026-09-24,climatology,2026-09-24,1,15.8763,11.6800,13.0000,13.4500,15.3200,16.1000,17.2200,18.0400,18.7000,19.5000
2026-09-18T11:27:25Z,2026-09-18,persistence,2026-09-24,7,17.5000,11.7000,14.0000,15.3000,16.4000,17.5000,18.5000,19.7000,21.2000,23.3000
2026-09-19T11:11:06Z,2026-09-19,persistence,2026-09-24,6,17.5000,11.8000,14.1000,15.5000,16.4400,17.4000,18.5600,19.7000,21.2000,23.2000
2026-09-20T11:35:50Z,2026-09-20,persistence,2026-09-24,5,19.5000,14.1000,16.1000,17.5000,18.5200,19.6000,20.5000,21.6000,23.1000,24.9000
2026-09-21T13:00:07Z,2026-09-21,persistence,2026-09-24,4,19.4000,14.3000,16.1000,17.4000,18.5000,19.5000,20.4000,21.4000,22.6000,24.6000
2026-09-22T11:50:23Z,2026-09-22,persistence,2026-09-24,3,17.5000,12.8000,14.6000,15.8000,16.7000,17.6000,18.4000,19.3000,20.5000,22.1000
2026-09-23T11:49:50Z,2026-09-23,persistence,2026-09-24,2,18.1000,14.2000,15.6000,16.5000,17.4000,18.1000,18.9000,19.7000,20.7000,21.9000
2026-09-24T11:57:14Z,2026-09-24,persistence,2026-09-24,1,19.5000,16.9000,17.9000,18.5000,19.0000,19.5000,20.0000,20.5000,21.1000,22.1000
2026-09-18T11:27:25Z,2026-09-18,seasonal_naive,2026-09-24,7,10.7000,,,,,,,,,
2026-09-19T11:11:06Z,2026-09-19,seasonal_naive,2026-09-24,6,10.7000,,,,,,,,,
2026-09-20T11:35:50Z,2026-09-20,seasonal_naive,2026-09-24,5,10.7000,,,,,,,,,
2026-09-21T13:00:07Z,2026-09-21,seasonal_naive,2026-09-24,4,10.7000,,,,,,,,,
2026-09-22T11:50:23Z,2026-09-22,seasonal_naive,2026-09-24,3,10.7000,,,,,,,,,
2026-09-23T11:49:50Z,2026-09-23,seasonal_naive,2026-09-24,2,10.7000,,,,,,,,,
2026-09-24T11:57:14Z,2026-09-24,seasonal_naive,2026-09-24,1,10.7000,,,,,,,,,
2026-09-18T11:27:25Z,2026-09-18,tabicl,2026-09-24,7,18.4531,14.3593,15.7880,16.7540,17.5371,18.3167,19.1129,20.0486,21.1897,22.7897
2026-09-19T11:11:06Z,2026-09-19,tabicl,2026-09-24,6,18.9592,15.2387,16.5125,17.3735,18.0631,18.7726,19.4747,20.3434,21.4079,22.9210
2026-09-20T11:35:50Z,2026-09-20,tabicl,2026-09-24,5,20.1301,16.0937,17.4788,18.4402,19.2318,19.9780,20.7276,21.6012,22.7091,24.2702
2026-09-21T13:00:07Z,2026-09-21,tabicl,2026-09-24,4,20.5730,16.9706,18.2222,19.0833,19.7716,20.4454,21.1283,21.9044,22.8828,24.1884
2026-09-22T11:50:23Z,2026-09-22,tabicl,2026-09-24,3,18.7766,15.8782,16.8209,17.4949,18.0473,18.6084,19.1690,19.8532,20.7101,21.8354
2026-09-23T11:49:50Z,2026-09-23,tabicl,2026-09-24,2,18.6630,16.4857,17.2117,17.7333,18.1271,18.4949,18.8931,19.4219,20.0887,21.0594
2026-09-24T11:57:14Z,2026-09-24,tabicl,2026-09-24,1,19.8927,17.9188,18.6110,19.1101,19.4714,19.7771,20.0867,20.5160,21.1454,22.0340
2026-09-19T11:11:06Z,2026-09-19,climatology,2026-09-25,7,14.9000,10.9200,12.3200,13.1200,13.5600,14.9000,15.5600,16.6000,17.4200,18.7000
2026-09-20T11:35:50Z,2026-09-20,climatology,2026-09-25,6,14.9000,10.9200,12.3200,13.1200,13.5600,14.9000,15.5600,16.6000,17.4200,18.7000
2026-09-21T13:00:07Z,2026-09-21,climatology,2026-09-25,5,15.0324,10.9800,12.4800,13.1800,13.6600,14.9500,15.7400,17.2000,17.9400,19.1900
2026-09-22T11:50:23Z,2026-09-22,climatology,2026-09-25,4,15.1029,11.0400,12.6400,13.2400,13.7800,15.0000,15.8800,17.2000,17.7200,19.1200
2026-09-23T11:49:50Z,2026-09-23,climatology,2026-09-25,3,15.1861,11.1000,12.8000,13.3000,13.9000,15.2000,16.0000,17.2500,18.1000,19.0500
2026-09-24T11:57:14Z,2026-09-24,climatology,2026-09-25,2,15.3027,11.1600,12.8400,13.3600,14.1400,15.4000,16.1200,17.3400,18.5000,19.4000
2026-09-19T11:11:06Z,2026-09-19,persistence,2026-09-25,7,17.5000,11.7000,14.0000,15.3000,16.4000,17.5000,18.5000,19.7000,21.2000,23.3000
2026-09-20T11:35:50Z,2026-09-20,persistence,2026-09-25,6,19.5000,13.8000,16.1000,17.5000,18.4000,19.4000,20.5200,21.7000,23.2000,25.2000
2026-09-21T13:00:07Z,2026-09-21,persistence,2026-09-25,5,19.4000,14.0000,15.9800,17.3700,18.4000,19.4500,20.4000,21.5000,23.0000,24.8000
2026-09-22T11:50:23Z,2026-09-22,persistence,2026-09-25,4,17.5000,12.4100,14.2000,15.5000,16.6000,17.6000,18.5000,19.5000,20.7000,22.7000
2026-09-23T11:49:50Z,2026-09-23,persistence,2026-09-25,3,18.1000,13.4000,15.2000,16.4000,17.3000,18.1500,19.0000,19.9000,21.1000,22.7000
2026-09-24T11:57:14Z,2026-09-24,persistence,2026-09-25,2,19.5000,15.6000,17.0000,17.9000,18.8000,19.5000,20.3000,21.1000,22.1000,23.3000
2026-09-19T11:11:06Z,2026-09-19,seasonal_naive,2026-09-25,7,10.8000,,,,,,,,,
2026-09-20T11:35:50Z,2026-09-20,seasonal_naive,2026-09-25,6,10.8000,,,,,,,,,
2026-09-21T13:00:07Z,2026-09-21,seasonal_naive,2026-09-25,5,10.8000,,,,,,,,,
2026-09-22T11:50:23Z,2026-09-22,seasonal_naive,2026-09-25,4,10.8000,,,,,,,,,
2026-09-23T11:49:50Z,2026-09-23,seasonal_naive,2026-09-25,3,10.8000,,,,,,,,,
2026-09-24T11:57:14Z,2026-09-24,seasonal_naive,2026-09-25,2,10.8000,,,,,,,,,
2026-09-19T11:11:06Z,2026-09-19,tabicl,2026-09-25,7,18.8447,14.9971,16.3450,17.2385,17.9500,18.6774,19.3975,20.2833,21.3666,22.9144
2026-09-20T11:35:50Z,2026-09-20,tabicl,2026-09-25,6,20.0446,15.7879,17.2800,18.2878,19.1187,19.9053,20.6966,21.6121,22.7545,24.3714
2026-09-21T13:00:07Z,2026-09-21,tabicl,2026-09-25,5,20.2653,16.5119,17.8480,18.7402,19.4471,20.1348,20.8400,21.6544,22.6592,24.0181
2026-09-22T11:50:23Z,2026-09-22,tabicl,2026-09-25,4,18.7136,15.6191,16.6488,17.3710,17.9592,18.5509,19.1417,19.8607,20.7535,21.9457
2026-09-23T11:49:50Z,2026-09-23,tabicl,2026-09-25,3,18.5660,16.1500,16.9584,17.5410,17.9861,18.4067,18.8420,19.4071,20.1355,21.2025
2026-09-24T11:57:14Z,2026-09-24,tabicl,2026-09-25,2,20.0225,17.4841,18.3003,18.9081,19.4097,19.8674,20.3355,20.9076,21.6724,22.8169
2026-09-20T11:35:50Z,2026-09-20,climatology,2026-09-26,7,14.4606,10.9200,12.3200,13.1200,13.4000,14.5000,15.0800,15.8800,17.2000,17.6600
2026-09-21T13:00:07Z,2026-09-21,climatology,2026-09-26,6,14.4606,10.9200,12.3200,13.1200,13.4000,14.5000,15.0800,15.8800,17.2000,17.6600
2026-09-22T11:50:23Z,2026-09-22,climatology,2026-09-26,5,14.5500,10.9800,12.4800,13.1800,13.4400,14.6000,15.3200,16.0200,17.2400,17.6400
2026-09-23T11:49:50Z,2026-09-23,climatology,2026-09-26,4,14.6514,11.0400,12.6400,13.2000,13.5200,14.7000,15.4400,16.1600,17.3400,17.9400
2026-09-24T11:57:14Z,2026-09-24,climatology,2026-09-26,3,14.7861,11.1000,12.8000,13.2000,13.6000,14.8000,15.5000,16.7000,17.5000,18.3500
2026-09-20T11:35:50Z,2026-09-20,persistence,2026-09-26,7,19.5000,13.7000,16.0000,17.3000,18.4000,19.5000,20.5000,21.7000,23.1800,25.3000
2026-09-21T13:00:07Z,2026-09-21,persistence,2026-09-26,6,19.4000,13.7000,16.0000,17.4000,18.3000,19.3000,20.4000,21.6000,23.1000,25.1000
2026-09-22T11:50:23Z,2026-09-22,persistence,2026-09-26,5,17.5000,12.1000,14.1000,15.5000,16.5000,17.5000,18.5000,19.6000,21.1000,22.9000
2026-09-23T11:49:50Z,2026-09-23,persistence,2026-09-26,4,18.1000,13.0200,14.8000,16.1000,17.2000,18.2000,19.1000,20.1000,21.3000,23.3000
2026-09-24T11:57:14Z,2026-09-24,persistence,2026-09-26,3,19.5000,14.8000,16.6000,17.8000,18.7000,19.6000,20.4000,21.3000,22.5000,24.1000
2026-09-20T11:35:50Z,2026-09-20,seasonal_naive,2026-09-26,7,11.4000,,,,,,,,,
2026-09-21T13:00:07Z,2026-09-21,seasonal_naive,2026-09-26,6,11.4000,,,,,,,,,
2026-09-22T11:50:23Z,2026-09-22,seasonal_naive,2026-09-26,5,11.4000,,,,,,,,,
2026-09-23T11:49:50Z,2026-09-23,seasonal_naive,2026-09-26,4,11.4000,,,,,,,,,
2026-09-24T11:57:14Z,2026-09-24,seasonal_naive,2026-09-26,3,11.4000,,,,,,,,,
2026-09-20T11:35:50Z,2026-09-20,tabicl,2026-09-26,7,19.7951,15.4293,17.0003,18.0346,18.8835,19.6841,20.4886,21.4164,22.5665,24.1980
2026-09-21T13:00:07Z,2026-09-21,tabicl,2026-09-26,6,19.8113,15.9619,17.3716,18.2900,19.0047,19.6895,20.3978,21.2302,22.2504,23.6543
2026-09-22T11:50:23Z,2026-09-22,tabicl,2026-09-26,5,18.5381,15.2460,16.3827,17.1534,17.7757,18.3931,19.0124,19.7637,20.6850,21.9401
2026-09-23T11:49:50Z,2026-09-23,tabicl,2026-09-26,4,18.4738,15.8109,16.7203,17.3642,17.8605,18.3309,18.8081,19.4137,20.1939,21.3310
2026-09-24T11:57:14Z,2026-09-24,tabicl,2026-09-26,3,19.6741,16.9564,17.8247,18.4715,19.0069,19.5069,20.0195,20.6272,21.4326,22.6588
2026-09-21T13:00:07Z,2026-09-21,climatology,2026-09-27,7,14.3788,10.9200,12.3200,13.0000,13.3600,13.9000,14.7400,15.5600,17.2600,18.4200
2026-09-22T11:50:23Z,2026-09-22,climatology,2026-09-27,6,14.3788,10.9200,12.3200,13.0000,13.3600,13.9000,14.7400,15.5600,17.2600,18.4200
2026-09-23T11:49:50Z,2026-09-23,climatology,2026-09-27,5,14.4882,10.9800,12.4800,13.0000,13.4000,13.9500,14.8600,15.8200,17.3800,18.4500
2026-09-24T11:57:14Z,2026-09-24,climatology,2026-09-27,4,14.6314,11.0400,12.6400,13.0400,13.4000,14.0000,14.9400,15.9600,17.5400,18.6600
2026-09-21T13:00:07Z,2026-09-21,persistence,2026-09-27,7,19.4000,13.6000,15.9000,17.2000,18.3000,19.4000,20.4000,21.6000,23.0600,25.2000
2026-09-22T11:50:23Z,2026-09-22,persistence,2026-09-27,6,17.5000,11.8000,14.1000,15.5000,16.4000,17.4000,18.5000,19.7000,21.2000,23.2000
2026-09-23T11:49:50Z,2026-09-23,persistence,2026-09-27,5,18.1000,12.7100,14.7000,16.1000,17.1400,18.1500,19.1000,20.2000,21.7000,23.5000
2026-09-24T11:57:14Z,2026-09-24,persistence,2026-09-27,4,19.5000,14.4300,16.2000,17.5000,18.6000,19.6000,20.5000,21.5000,22.7000,24.7000
2026-09-21T13:00:07Z,2026-09-21,seasonal_naive,2026-09-27,7,12.0000,,,,,,,,,
2026-09-22T11:50:23Z,2026-09-22,seasonal_naive,2026-09-27,6,12.0000,,,,,,,,,
2026-09-23T11:49:50Z,2026-09-23,seasonal_naive,2026-09-27,5,12.0000,,,,,,,,,
2026-09-24T11:57:14Z,2026-09-24,seasonal_naive,2026-09-27,4,12.0000,,,,,,,,,
2026-09-21T13:00:07Z,2026-09-21,tabicl,2026-09-27,7,19.3739,15.3208,16.8531,17.8260,18.5759,19.2816,20.0108,20.8656,21.9119,23.3765
2026-09-22T11:50:23Z,2026-09-22,tabicl,2026-09-27,6,18.2867,14.7897,16.0476,16.8716,17.5319,18.1747,18.8198,19.5974,20.5399,21.8462
2026-09-23T11:49:50Z,2026-09-23,tabicl,2026-09-27,5,18.2824,15.3535,16.4023,17.1150,17.6639,18.1779,18.6951,19.3392,20.1610,21.3621
2026-09-24T11:57:14Z,2026-09-24,tabicl,2026-09-27,4,19.2718,16.3816,17.3244,18.0176,18.5880,19.1250,19.6688,20.3044,21.1319,22.3866
2026-09-22T11:50:23Z,2026-09-22,climatology,2026-09-28,7,14.4121,10.9200,12.4000,13.0600,13.3800,13.9000,14.7400,15.5600,17.3800,18.4800
2026-09-23T11:49:50Z,2026-09-23,climatology,2026-09-28,6,14.4121,10.9200,12.4000,13.0600,13.3800,13.9000,14.7400,15.5600,17.3800,18.4800
2026-09-24T11:57:14Z,2026-09-24,climatology,2026-09-28,5,14.5618,10.9800,12.6000,13.0900,13.4000,13.9500,14.8600,15.8200,17.5800,18.6700
2026-09-22T11:50:23Z,2026-09-22,persistence,2026-09-28,7,17.5000,11.7000,14.0000,15.3000,16.4000,17.5000,18.5000,19.7000,21.1400,23.3000
2026-09-23T11:49:50Z,2026-09-23,persistence,2026-09-28,6,18.1000,12.4000,14.7000,16.1000,17.0000,18.0000,19.1000,20.3000,21.8000,23.8000
2026-09-24T11:57:14Z,2026-09-24,persistence,2026-09-28,5,19.5000,14.1200,16.1000,17.5000,18.5800,19.6000,20.5000,21.6000,23.1000,24.9000
2026-09-22T11:50:23Z,2026-09-22,seasonal_naive,2026-09-28,7,13.0000,,,,,,,,,
2026-09-23T11:49:50Z,2026-09-23,seasonal_naive,2026-09-28,6,13.0000,,,,,,,,,
2026-09-24T11:57:14Z,2026-09-24,seasonal_naive,2026-09-28,5,13.0000,,,,,,,,,
2026-09-22T11:50:23Z,2026-09-22,tabicl,2026-09-28,7,17.8993,14.1080,15.5520,16.4479,17.1559,17.8331,18.5089,19.3241,20.3006,21.6706
2026-09-23T11:49:50Z,2026-09-23,tabicl,2026-09-28,6,17.9511,14.7261,15.9509,16.7343,17.3380,17.8959,18.4554,19.1412,20.0046,21.2611
2026-09-24T11:57:14Z,2026-09-24,tabicl,2026-09-28,5,18.8594,15.7551,16.8050,17.5535,18.1680,18.7415,19.3209,19.9933,20.8558,22.1395
2026-09-23T11:49:50Z,2026-09-23,climatology,2026-09-29,7,14.3424,10.9200,12.4000,13.0600,13.3800,13.9000,14.7400,15.1600,16.9000,18.4800
2026-09-24T11:57:14Z,2026-09-24,climatology,2026-09-29,6,14.3424,10.9200,12.4000,13.0600,13.3800,13.9000,14.7400,15.1600,16.9000,18.4800
2026-09-23T11:49:50Z,2026-09-23,persistence,2026-09-29,7,18.1000,12.3000,14.6000,15.9000,17.0000,18.1000,19.1000,20.3000,21.7200,23.9000
2026-09-24T11:57:14Z,2026-09-24,persistence,2026-09-29,6,19.5000,13.8000,16.1000,17.5000,18.4000,19.4000,20.5000,21.7000,23.2000,25.2000
2026-09-23T11:49:50Z,2026-09-23,seasonal_naive,2026-09-29,7,13.9000,,,,,,,,,
2026-09-24T11:57:14Z,2026-09-24,seasonal_naive,2026-09-29,6,13.9000,,,,,,,,,
2026-09-23T11:49:50Z,2026-09-23,tabicl,2026-09-29,7,17.8331,14.3343,15.6981,16.5454,17.1992,17.7995,18.4016,19.1361,20.0514,21.3708
2026-09-24T11:57:14Z,2026-09-24,tabicl,2026-09-29,6,18.6841,15.3998,16.5330,17.3292,17.9776,18.5820,19.1919,19.8959,20.7896,22.1053
2026-09-24T11:57:14Z,2026-09-24,climatology,2026-09-30,7,14.2333,10.9200,12.2000,13.0000,13.2800,13.6000,14.5400,15.0000,16.9000,18.4800
2026-09-24T11:57:14Z,2026-09-24,persistence,2026-09-30,7,19.5000,13.7000,16.0000,17.3000,18.4000,19.5000,20.5000,21.7000,23.1000,25.3000
2026-09-24T11:57:14Z,2026-09-24,seasonal_naive,2026-09-30,7,13.6000,,,,,,,,,
2026-09-24T11:57:14Z,2026-09-24,tabicl,2026-09-30,7,18.6376,15.1459,16.3643,17.2079,17.8921,18.5323,19.1798,19.9279,20.8723,22.2453
