target_ts,model,issued_at,issued_day,horizon,point,actual,abs_err,sq_err,pinball,covered80
2026-08-09,climatology,2026-08-09T15:15:28Z,2026-08-09,1,21.4605,26.4000,4.9395,24.3987,1.9271,0
2026-08-09,persistence,2026-08-09T15:15:28Z,2026-08-09,1,24.1000,26.4000,2.3000,5.2900,0.7889,1
2026-08-09,seasonal_naive,2026-08-09T15:15:28Z,2026-08-09,1,21.5000,26.4000,4.9000,24.0100,,
2026-08-09,tabicl,2026-08-09T15:15:28Z,2026-08-09,1,23.4397,26.4000,2.9603,8.7634,1.0266,1
2026-08-10,climatology,2026-08-09T15:15:28Z,2026-08-09,2,21.5054,26.3000,4.7946,22.9882,1.9236,0
2026-08-10,climatology,2026-08-10T08:09:15Z,2026-08-10,1,21.6342,26.3000,4.6658,21.7697,1.8348,0
2026-08-10,persistence,2026-08-09T15:15:28Z,2026-08-09,2,24.1000,26.3000,2.2000,4.8400,0.7212,1
2026-08-10,persistence,2026-08-10T08:09:15Z,2026-08-10,1,26.4000,26.3000,0.1000,0.0100,0.2444,1
2026-08-10,seasonal_naive,2026-08-09T15:15:28Z,2026-08-09,2,20.7000,26.3000,5.6000,31.3600,,
2026-08-10,seasonal_naive,2026-08-10T08:09:15Z,2026-08-10,1,20.7000,26.3000,5.6000,31.3600,,
2026-08-10,tabicl,2026-08-09T15:15:28Z,2026-08-09,2,23.2803,26.3000,3.0197,9.1186,1.0177,1
2026-08-10,tabicl,2026-08-10T08:09:15Z,2026-08-10,1,25.5697,26.3000,0.7303,0.5333,0.3997,1
2026-08-11,climatology,2026-08-09T15:15:28Z,2026-08-09,3,21.7028,25.7000,3.9972,15.9776,1.5500,0
2026-08-11,climatology,2026-08-10T08:09:15Z,2026-08-10,2,21.8297,25.7000,3.8703,14.9792,1.4709,1
2026-08-11,climatology,2026-08-11T07:42:26Z,2026-08-11,1,21.9474,25.7000,3.7526,14.0820,1.4132,1
2026-08-11,persistence,2026-08-09T15:15:28Z,2026-08-09,3,24.1000,25.7000,1.6000,2.5600,0.5858,1
2026-08-11,persistence,2026-08-10T08:09:15Z,2026-08-10,2,26.4000,25.7000,0.7000,0.4900,0.4111,1
2026-08-11,persistence,2026-08-11T07:42:26Z,2026-08-11,1,26.3000,25.7000,0.6000,0.3600,0.2833,1
2026-08-11,seasonal_naive,2026-08-09T15:15:28Z,2026-08-09,3,24.1000,25.7000,1.6000,2.5600,,
2026-08-11,seasonal_naive,2026-08-10T08:09:15Z,2026-08-10,2,24.1000,25.7000,1.6000,2.5600,,
2026-08-11,seasonal_naive,2026-08-11T07:42:26Z,2026-08-11,1,24.1000,25.7000,1.6000,2.5600,,
2026-08-11,tabicl,2026-08-09T15:15:28Z,2026-08-09,3,23.1433,25.7000,2.5567,6.5367,0.8648,1
2026-08-11,tabicl,2026-08-10T08:09:15Z,2026-08-10,2,25.7889,25.7000,0.0889,0.0079,0.4194,1
2026-08-11,tabicl,2026-08-11T07:42:26Z,2026-08-11,1,26.3604,25.7000,0.6604,0.4361,0.3148,1
2026-08-12,climatology,2026-08-09T15:15:28Z,2026-08-09,4,22.0057,28.1000,6.0943,37.1405,2.7073,0
2026-08-12,climatology,2026-08-10T08:09:15Z,2026-08-10,3,22.1278,28.1000,5.9722,35.6672,2.5783,0
2026-08-12,climatology,2026-08-11T07:42:26Z,2026-08-11,2,22.2405,28.1000,5.8595,34.3337,2.4882,0
2026-08-12,climatology,2026-08-12T07:56:30Z,2026-08-12,1,22.3316,28.1000,5.7684,33.2744,2.4320,0
2026-08-12,persistence,2026-08-09T15:15:28Z,2026-08-09,4,24.1000,28.1000,4.0000,16.0000,1.3363,1
2026-08-12,persistence,2026-08-10T08:09:15Z,2026-08-10,3,26.4000,28.1000,1.7000,2.8900,0.6007,1
2026-08-12,persistence,2026-08-11T07:42:26Z,2026-08-11,2,26.3000,28.1000,1.8000,3.2400,0.6044,1
2026-08-12,persistence,2026-08-12T07:56:30Z,2026-08-12,1,25.7000,28.1000,2.4000,5.7600,0.8278,1
2026-08-12,seasonal_naive,2026-08-09T15:15:28Z,2026-08-09,4,27.4000,28.1000,0.7000,0.4900,,
2026-08-12,seasonal_naive,2026-08-10T08:09:15Z,2026-08-10,3,27.4000,28.1000,0.7000,0.4900,,
2026-08-12,seasonal_naive,2026-08-11T07:42:26Z,2026-08-11,2,27.4000,28.1000,0.7000,0.4900,,
2026-08-12,seasonal_naive,2026-08-12T07:56:30Z,2026-08-12,1,27.4000,28.1000,0.7000,0.4900,,
2026-08-12,tabicl,2026-08-09T15:15:28Z,2026-08-09,4,22.8992,28.1000,5.2008,27.0483,1.8300,0
2026-08-12,tabicl,2026-08-10T08:09:15Z,2026-08-10,3,25.7488,28.1000,2.3512,5.5281,0.8091,1
2026-08-12,tabicl,2026-08-11T07:42:26Z,2026-08-11,2,26.1316,28.1000,1.9684,3.8746,0.6669,1
2026-08-12,tabicl,2026-08-12T07:56:30Z,2026-08-12,1,25.1607,28.1000,2.9393,8.6395,1.0148,0
2026-08-13,climatology,2026-08-09T15:15:28Z,2026-08-09,5,22.2088,30.1000,7.8912,62.2710,3.5894,0
2026-08-13,climatology,2026-08-10T08:09:15Z,2026-08-10,4,22.3286,30.1000,7.7714,60.3947,3.4993,0
2026-08-13,climatology,2026-08-11T07:42:26Z,2026-08-11,3,22.4389,30.1000,7.6611,58.6925,3.4456,0
2026-08-13,climatology,2026-08-12T07:56:30Z,2026-08-12,2,22.5270,30.1000,7.5730,57.3503,3.3624,0
2026-08-13,climatology,2026-08-13T07:58:13Z,2026-08-13,1,22.6737,30.1000,7.4263,55.1499,3.2504,0
2026-08-13,persistence,2026-08-09T15:15:28Z,2026-08-09,5,24.1000,30.1000,6.0000,36.0000,2.1429,0
2026-08-13,persistence,2026-08-10T08:09:15Z,2026-08-10,4,26.4000,30.1000,3.7000,13.6900,1.2178,1
2026-08-13,persistence,2026-08-11T07:42:26Z,2026-08-11,3,26.3000,30.1000,3.8000,14.4400,1.2600,1
2026-08-13,persistence,2026-08-12T07:56:30Z,2026-08-12,2,25.7000,30.1000,4.4000,19.3600,1.5833,0
2026-08-13,persistence,2026-08-13T07:58:13Z,2026-08-13,1,28.1000,30.1000,2.0000,4.0000,0.6722,1
2026-08-13,seasonal_naive,2026-08-09T15:15:28Z,2026-08-09,5,26.8000,30.1000,3.3000,10.8900,,
2026-08-13,seasonal_naive,2026-08-10T08:09:15Z,2026-08-10,4,26.8000,30.1000,3.3000,10.8900,,
2026-08-13,seasonal_naive,2026-08-11T07:42:26Z,2026-08-11,3,26.8000,30.1000,3.3000,10.8900,,
2026-08-13,seasonal_naive,2026-08-12T07:56:30Z,2026-08-12,2,26.8000,30.1000,3.3000,10.8900,,
2026-08-13,seasonal_naive,2026-08-13T07:58:13Z,2026-08-13,1,26.8000,30.1000,3.3000,10.8900,,
2026-08-13,tabicl,2026-08-09T15:15:28Z,2026-08-09,5,22.5448,30.1000,7.5552,57.0810,2.9447,0
2026-08-13,tabicl,2026-08-10T08:09:15Z,2026-08-10,4,25.4903,30.1000,4.6097,21.2493,1.5654,1
2026-08-13,tabicl,2026-08-11T07:42:26Z,2026-08-11,3,25.6994,30.1000,4.4006,19.3653,1.5756,0
2026-08-13,tabicl,2026-08-12T07:56:30Z,2026-08-12,2,24.7808,30.1000,5.3192,28.2939,2.1375,0
2026-08-13,tabicl,2026-08-13T07:58:13Z,2026-08-13,1,27.4671,30.1000,2.6329,6.9322,0.9271,0
2026-08-14,climatology,2026-08-09T15:15:28Z,2026-08-09,6,22.2667,31.6000,9.3333,87.1105,4.3309,0
2026-08-14,climatology,2026-08-10T08:09:15Z,2026-08-10,5,22.3882,31.6000,9.2118,84.8573,4.2231,0
2026-08-14,climatology,2026-08-11T07:42:26Z,2026-08-11,4,22.5000,31.6000,9.1000,82.8100,4.1338,0
2026-08-14,climatology,2026-08-12T07:56:30Z,2026-08-12,3,22.5889,31.6000,9.0111,81.1999,4.0472,0
2026-08-14,climatology,2026-08-13T07:58:13Z,2026-08-13,2,22.7378,31.6000,8.8622,78.5386,3.9360,0
2026-08-14,climatology,2026-08-14T07:54:34Z,2026-08-14,1,22.9316,31.6000,8.6684,75.1412,3.8407,0
2026-08-14,persistence,2026-08-09T15:15:28Z,2026-08-09,6,24.1000,31.6000,7.5000,56.2500,2.8583,0
2026-08-14,persistence,2026-08-10T08:09:15Z,2026-08-10,5,26.4000,31.6000,5.2000,27.0400,1.7661,1
2026-08-14,persistence,2026-08-11T07:42:26Z,2026-08-11,4,26.3000,31.6000,5.3000,28.0900,1.8460,0
2026-08-14,persistence,2026-08-12T07:56:30Z,2026-08-12,3,25.7000,31.6000,5.9000,34.8100,2.2207,0
2026-08-14,persistence,2026-08-13T07:58:13Z,2026-08-13,2,28.1000,31.6000,3.5000,12.2500,1.1744,1
2026-08-14,persistence,2026-08-14T07:54:34Z,2026-08-14,1,30.1000,31.6000,1.5000,2.2500,0.4889,1
2026-08-14,seasonal_naive,2026-08-09T15:15:28Z,2026-08-09,6,25.6000,31.6000,6.0000,36.0000,,
2026-08-14,seasonal_naive,2026-08-10T08:09:15Z,2026-08-10,5,25.6000,31.6000,6.0000,36.0000,,
2026-08-14,seasonal_naive,2026-08-11T07:42:26Z,2026-08-11,4,25.6000,31.6000,6.0000,36.0000,,
2026-08-14,seasonal_naive,2026-08-12T07:56:30Z,2026-08-12,3,25.6000,31.6000,6.0000,36.0000,,
2026-08-14,seasonal_naive,2026-08-13T07:58:13Z,2026-08-13,2,25.6000,31.6000,6.0000,36.0000,,
2026-08-14,seasonal_naive,2026-08-14T07:54:34Z,2026-08-14,1,25.6000,31.6000,6.0000,36.0000,,
2026-08-14,tabicl,2026-08-09T15:15:28Z,2026-08-09,6,21.9210,31.6000,9.6790,93.6830,3.9245,0
2026-08-14,tabicl,2026-08-10T08:09:15Z,2026-08-10,5,24.9373,31.6000,6.6627,44.3916,2.3692,0
2026-08-14,tabicl,2026-08-11T07:42:26Z,2026-08-11,4,25.1494,31.6000,6.4506,41.6102,2.5254,0
2026-08-14,tabicl,2026-08-12T07:56:30Z,2026-08-12,3,24.4087,31.6000,7.1913,51.7148,3.0095,0
2026-08-14,tabicl,2026-08-13T07:58:13Z,2026-08-13,2,26.9331,31.6000,4.6669,21.7800,1.8390,0
2026-08-14,tabicl,2026-08-14T07:54:34Z,2026-08-14,1,29.6025,31.6000,1.9975,3.9900,0.6852,1
2026-08-15,climatology,2026-08-09T15:15:28Z,2026-08-09,7,22.1788,27.7000,5.5212,30.4836,2.3758,0
2026-08-15,climatology,2026-08-10T08:09:15Z,2026-08-10,6,22.1788,27.7000,5.5212,30.4836,2.3758,0
2026-08-15,climatology,2026-08-11T07:42:26Z,2026-08-11,5,22.3000,27.7000,5.4000,29.1600,2.2537,0
2026-08-15,climatology,2026-08-12T07:56:30Z,2026-08-12,4,22.3971,27.7000,5.3029,28.1207,2.1833,0
2026-08-15,climatology,2026-08-13T07:58:13Z,2026-08-13,3,22.5556,27.7000,5.1444,26.4649,2.0583,0
2026-08-15,climatology,2026-08-14T07:54:34Z,2026-08-14,2,22.7595,27.7000,4.9405,24.4085,1.9382,0
2026-08-15,climatology,2026-08-15T07:01:57Z,2026-08-15,1,22.9921,27.7000,4.7079,22.1643,1.8340,0
2026-08-15,persistence,2026-08-09T15:15:28Z,2026-08-09,7,24.1000,27.7000,3.6000,12.9600,1.1516,1
2026-08-15,persistence,2026-08-10T08:09:15Z,2026-08-10,6,26.4000,27.7000,1.3000,1.6900,0.6138,1
2026-08-15,persistence,2026-08-11T07:42:26Z,2026-08-11,5,26.3000,27.7000,1.4000,1.9600,0.6100,1
2026-08-15,persistence,2026-08-12T07:56:30Z,2026-08-12,4,25.7000,27.7000,2.0000,4.0000,0.6878,1
2026-08-15,persistence,2026-08-13T07:58:13Z,2026-08-13,3,28.1000,27.7000,0.4000,0.1600,0.4480,1
2026-08-15,persistence,2026-08-14T07:54:34Z,2026-08-14,2,30.1000,27.7000,2.4000,5.7600,0.7911,1
2026-08-15,persistence,2026-08-15T07:01:57Z,2026-08-15,1,31.6000,27.7000,3.9000,15.2100,1.5667,0
2026-08-15,seasonal_naive,2026-08-09T15:15:28Z,2026-08-09,7,24.0000,27.7000,3.7000,13.6900,,
2026-08-15,seasonal_naive,2026-08-10T08:09:15Z,2026-08-10,6,24.0000,27.7000,3.7000,13.6900,,
2026-08-15,seasonal_naive,2026-08-11T07:42:26Z,2026-08-11,5,24.0000,27.7000,3.7000,13.6900,,
2026-08-15,seasonal_naive,2026-08-12T07:56:30Z,2026-08-12,4,24.0000,27.7000,3.7000,13.6900,,
2026-08-15,seasonal_naive,2026-08-13T07:58:13Z,2026-08-13,3,24.0000,27.7000,3.7000,13.6900,,
2026-08-15,seasonal_naive,2026-08-14T07:54:34Z,2026-08-14,2,24.0000,27.7000,3.7000,13.6900,,
2026-08-15,seasonal_naive,2026-08-15T07:01:57Z,2026-08-15,1,24.0000,27.7000,3.7000,13.6900,,
2026-08-15,tabicl,2026-08-09T15:15:28Z,2026-08-09,7,21.2700,27.7000,6.4300,41.3449,2.2244,0
2026-08-15,tabicl,2026-08-10T08:09:15Z,2026-08-10,6,24.1488,27.7000,3.5512,12.6110,1.1567,1
2026-08-15,tabicl,2026-08-11T07:42:26Z,2026-08-11,5,24.3552,27.7000,3.3448,11.1877,1.0482,1
2026-08-15,tabicl,2026-08-12T07:56:30Z,2026-08-12,4,23.9524,27.7000,3.7476,14.0445,1.2328,1
2026-08-15,tabicl,2026-08-13T07:58:13Z,2026-08-13,3,26.3360,27.7000,1.3640,1.8605,0.5029,1
2026-08-15,tabicl,2026-08-14T07:54:34Z,2026-08-14,2,28.9618,27.7000,1.2618,1.5921,0.4897,1
2026-08-15,tabicl,2026-08-15T07:01:57Z,2026-08-15,1,31.0068,27.7000,3.3068,10.9349,1.2026,0
2026-08-16,climatology,2026-08-10T08:09:15Z,2026-08-10,7,22.0576,26.1000,4.0424,16.3410,1.5940,0
2026-08-16,climatology,2026-08-11T07:42:26Z,2026-08-11,6,22.0576,26.1000,4.0424,16.3410,1.5940,0
2026-08-16,climatology,2026-08-12T07:56:30Z,2026-08-12,5,22.1647,26.1000,3.9353,15.4866,1.5113,0
2026-08-16,climatology,2026-08-13T07:58:13Z,2026-08-13,4,22.3343,26.1000,3.7657,14.1805,1.3953,1
2026-08-16,climatology,2026-08-14T07:54:34Z,2026-08-14,3,22.5500,26.1000,3.5500,12.6025,1.3278,1
2026-08-16,climatology,2026-08-15T07:01:57Z,2026-08-15,2,22.7946,26.1000,3.3054,10.9257,1.2629,1
2026-08-16,climatology,2026-08-16T07:04:42Z,2026-08-16,1,22.9237,26.1000,3.1763,10.0889,1.2170,1
2026-08-16,persistence,2026-08-10T08:09:15Z,2026-08-10,7,26.4000,26.1000,0.3000,0.0900,0.5567,1
2026-08-16,persistence,2026-08-11T07:42:26Z,2026-08-11,6,26.3000,26.1000,0.2000,0.0400,0.5192,1
2026-08-16,persistence,2026-08-12T07:56:30Z,2026-08-12,5,25.7000,26.1000,0.4000,0.1600,0.5104,1
2026-08-16,persistence,2026-08-13T07:58:13Z,2026-08-13,4,28.1000,26.1000,2.0000,4.0000,0.7318,1
2026-08-16,persistence,2026-08-14T07:54:34Z,2026-08-14,3,30.1000,26.1000,4.0000,16.0000,1.3990,1
2026-08-16,persistence,2026-08-15T07:01:57Z,2026-08-15,2,31.6000,26.1000,5.5000,30.2500,2.1744,0
2026-08-16,persistence,2026-08-16T07:04:42Z,2026-08-16,1,27.7000,26.1000,1.6000,2.5600,0.5167,1
2026-08-16,seasonal_naive,2026-08-10T08:09:15Z,2026-08-10,7,23.2000,26.1000,2.9000,8.4100,,
2026-08-16,seasonal_naive,2026-08-11T07:42:26Z,2026-08-11,6,23.2000,26.1000,2.9000,8.4100,,
2026-08-16,seasonal_naive,2026-08-12T07:56:30Z,2026-08-12,5,23.2000,26.1000,2.9000,8.4100,,
2026-08-16,seasonal_naive,2026-08-13T07:58:13Z,2026-08-13,4,23.2000,26.1000,2.9000,8.4100,,
2026-08-16,seasonal_naive,2026-08-14T07:54:34Z,2026-08-14,3,23.2000,26.1000,2.9000,8.4100,,
2026-08-16,seasonal_naive,2026-08-15T07:01:57Z,2026-08-15,2,23.2000,26.1000,2.9000,8.4100,,
2026-08-16,seasonal_naive,2026-08-16T07:04:42Z,2026-08-16,1,23.2000,26.1000,2.9000,8.4100,,
2026-08-16,tabicl,2026-08-10T08:09:15Z,2026-08-10,7,23.4201,26.1000,2.6799,7.1819,0.9186,1
2026-08-16,tabicl,2026-08-11T07:42:26Z,2026-08-11,6,23.6284,26.1000,2.4716,6.1088,0.7923,1
2026-08-16,tabicl,2026-08-12T07:56:30Z,2026-08-12,5,23.4644,26.1000,2.6356,6.9464,0.8042,1
2026-08-16,tabicl,2026-08-13T07:58:13Z,2026-08-13,4,25.7683,26.1000,0.3317,0.1100,0.4303,1
2026-08-16,tabicl,2026-08-14T07:54:34Z,2026-08-14,3,28.3290,26.1000,2.2290,4.9684,0.7451,1
2026-08-16,tabicl,2026-08-15T07:01:57Z,2026-08-15,2,30.6150,26.1000,4.5150,20.3852,1.6447,0
2026-08-16,tabicl,2026-08-16T07:04:42Z,2026-08-16,1,26.1788,26.1000,0.0788,0.0062,0.3437,1
2026-08-17,climatology,2026-08-11T07:42:26Z,2026-08-11,7,21.7242,24.9000,3.1758,10.0857,1.1356,1
2026-08-17,climatology,2026-08-12T07:56:30Z,2026-08-12,6,21.7242,24.9000,3.1758,10.0857,1.1356,1
2026-08-17,climatology,2026-08-13T07:58:13Z,2026-08-13,5,21.9118,24.9000,2.9882,8.9293,1.0929,1
2026-08-17,climatology,2026-08-14T07:54:34Z,2026-08-14,4,22.1457,24.9000,2.7543,7.5862,1.0387,1
2026-08-17,climatology,2026-08-15T07:01:57Z,2026-08-15,3,22.4083,24.9000,2.4917,6.2086,0.9528,1
2026-08-17,climatology,2026-08-16T07:04:42Z,2026-08-16,2,22.5514,24.9000,2.3486,5.5159,0.9227,1
2026-08-17,climatology,2026-08-17T07:27:08Z,2026-08-17,1,22.6447,24.9000,2.2553,5.0864,0.9127,1
2026-08-17,persistence,2026-08-11T07:42:26Z,2026-08-11,7,26.3000,24.9000,1.4000,1.9600,0.6511,1
2026-08-17,persistence,2026-08-12T07:56:30Z,2026-08-12,6,25.7000,24.9000,0.8000,0.6400,0.5524,1
2026-08-17,persistence,2026-08-13T07:58:13Z,2026-08-13,5,28.1000,24.9000,3.2000,10.2400,1.0678,1
2026-08-17,persistence,2026-08-14T07:54:34Z,2026-08-14,4,30.1000,24.9000,5.2000,27.0400,1.8593,0
2026-08-17,persistence,2026-08-15T07:01:57Z,2026-08-15,3,31.6000,24.9000,6.7000,44.8900,2.6864,0
2026-08-17,persistence,2026-08-16T07:04:42Z,2026-08-16,2,27.7000,24.9000,2.8000,7.8400,0.9340,1
2026-08-17,persistence,2026-08-17T07:27:08Z,2026-08-17,1,26.1000,24.9000,1.2000,1.4400,0.4056,1
2026-08-17,seasonal_naive,2026-08-11T07:42:26Z,2026-08-11,7,21.2000,24.9000,3.7000,13.6900,,
2026-08-17,seasonal_naive,2026-08-12T07:56:30Z,2026-08-12,6,21.2000,24.9000,3.7000,13.6900,,
2026-08-17,seasonal_naive,2026-08-13T07:58:13Z,2026-08-13,5,21.2000,24.9000,3.7000,13.6900,,
2026-08-17,seasonal_naive,2026-08-14T07:54:34Z,2026-08-14,4,21.2000,24.9000,3.7000,13.6900,,
2026-08-17,seasonal_naive,2026-08-15T07:01:57Z,2026-08-15,3,21.2000,24.9000,3.7000,13.6900,,
2026-08-17,seasonal_naive,2026-08-16T07:04:42Z,2026-08-16,2,21.2000,24.9000,3.7000,13.6900,,
2026-08-17,seasonal_naive,2026-08-17T07:27:08Z,2026-08-17,1,21.2000,24.9000,3.7000,13.6900,,
2026-08-17,tabicl,2026-08-11T07:42:26Z,2026-08-11,7,23.2089,24.9000,1.6911,2.8598,0.6684,1
2026-08-17,tabicl,2026-08-12T07:56:30Z,2026-08-12,6,23.0210,24.9000,1.8790,3.5306,0.6426,1
2026-08-17,tabicl,2026-08-13T07:58:13Z,2026-08-13,5,24.8146,24.9000,0.0854,0.0073,0.4698,1
2026-08-17,tabicl,2026-08-14T07:54:34Z,2026-08-14,4,27.0993,24.9000,2.1993,4.8369,0.7737,1
2026-08-17,tabicl,2026-08-15T07:01:57Z,2026-08-15,3,29.7302,24.9000,4.8302,23.3308,1.6564,1
2026-08-17,tabicl,2026-08-16T07:04:42Z,2026-08-16,2,25.5252,24.9000,0.6252,0.3909,0.4891,1
2026-08-17,tabicl,2026-08-17T07:27:08Z,2026-08-17,1,25.4696,24.9000,0.5696,0.3244,0.3894,1
2026-08-18,climatology,2026-08-12T07:56:30Z,2026-08-12,7,21.2970,23.6000,2.3030,5.3038,0.7273,1
2026-08-18,climatology,2026-08-13T07:58:13Z,2026-08-13,6,21.2970,23.6000,2.3030,5.3038,0.7273,1
2026-08-18,climatology,2026-08-14T07:54:34Z,2026-08-14,5,21.5559,23.6000,2.0441,4.1783,0.7049,1
2026-08-18,climatology,2026-08-15T07:01:57Z,2026-08-15,4,21.8429,23.6000,1.7571,3.0874,0.6778,1
2026-08-18,climatology,2026-08-16T07:04:42Z,2026-08-16,3,22.0056,23.6000,1.5944,2.5421,0.6467,1
2026-08-18,climatology,2026-08-17T07:27:08Z,2026-08-17,2,22.1162,23.6000,1.4838,2.2017,0.6156,1
2026-08-18,climatology,2026-08-18T07:09:37Z,2026-08-18,1,22.1895,23.6000,1.4105,1.9895,0.5928,1
2026-08-18,persistence,2026-08-12T07:56:30Z,2026-08-12,7,25.7000,23.6000,2.1000,4.4100,0.7647,1
2026-08-18,persistence,2026-08-13T07:58:13Z,2026-08-13,6,28.1000,23.6000,4.5000,20.2500,1.5581,1
2026-08-18,persistence,2026-08-14T07:54:34Z,2026-08-14,5,30.1000,23.6000,6.5000,42.2500,2.4844,0
2026-08-18,persistence,2026-08-15T07:01:57Z,2026-08-15,4,31.6000,23.6000,8.0000,64.0000,3.2620,0
2026-08-18,persistence,2026-08-16T07:04:42Z,2026-08-16,3,27.7000,23.6000,4.1000,16.8100,1.4428,1
2026-08-18,persistence,2026-08-17T07:27:08Z,2026-08-17,2,26.1000,23.6000,2.5000,6.2500,0.8122,1
2026-08-18,persistence,2026-08-18T07:09:37Z,2026-08-18,1,24.9000,23.6000,1.3000,1.6900,0.4333,1
2026-08-18,seasonal_naive,2026-08-12T07:56:30Z,2026-08-12,7,22.1000,23.6000,1.5000,2.2500,,
2026-08-18,seasonal_naive,2026-08-13T07:58:13Z,2026-08-13,6,22.1000,23.6000,1.5000,2.2500,,
2026-08-18,seasonal_naive,2026-08-14T07:54:34Z,2026-08-14,5,22.1000,23.6000,1.5000,2.2500,,
2026-08-18,seasonal_naive,2026-08-15T07:01:57Z,2026-08-15,4,22.1000,23.6000,1.5000,2.2500,,
2026-08-18,seasonal_naive,2026-08-16T07:04:42Z,2026-08-16,3,22.1000,23.6000,1.5000,2.2500,,
2026-08-18,seasonal_naive,2026-08-17T07:27:08Z,2026-08-17,2,22.1000,23.6000,1.5000,2.2500,,
2026-08-18,seasonal_naive,2026-08-18T07:09:37Z,2026-08-18,1,22.1000,23.6000,1.5000,2.2500,,
2026-08-18,tabicl,2026-08-12T07:56:30Z,2026-08-12,7,22.6466,23.6000,0.9534,0.9090,0.5499,1
2026-08-18,tabicl,2026-08-13T07:58:13Z,2026-08-13,6,24.1777,23.6000,0.5777,0.3337,0.5337,1
2026-08-18,tabicl,2026-08-14T07:54:34Z,2026-08-14,5,26.2155,23.6000,2.6155,6.8408,0.9013,1
2026-08-18,tabicl,2026-08-15T07:01:57Z,2026-08-15,4,28.9300,23.6000,5.3300,28.4089,1.8367,1
2026-08-18,tabicl,2026-08-16T07:04:42Z,2026-08-16,3,24.9689,23.6000,1.3689,1.8739,0.6296,1
2026-08-18,tabicl,2026-08-17T07:27:08Z,2026-08-17,2,24.4466,23.6000,0.8466,0.7167,0.4491,1
2026-08-18,tabicl,2026-08-18T07:09:37Z,2026-08-18,1,24.0210,23.6000,0.4210,0.1772,0.2860,1
2026-08-19,climatology,2026-08-13T07:58:13Z,2026-08-13,7,20.8970,23.6000,2.7030,7.3062,0.8222,1
2026-08-19,climatology,2026-08-14T07:54:34Z,2026-08-14,6,20.8970,23.6000,2.7030,7.3062,0.8222,1
2026-08-19,climatology,2026-08-15T07:01:57Z,2026-08-15,5,21.2118,23.6000,2.3882,5.7035,0.7901,1
2026-08-19,climatology,2026-08-16T07:04:42Z,2026-08-16,4,21.3971,23.6000,2.2029,4.8528,0.7442,1
2026-08-19,climatology,2026-08-17T07:27:08Z,2026-08-17,3,21.5278,23.6000,2.0722,4.2940,0.7078,1
2026-08-19,climatology,2026-08-18T07:09:37Z,2026-08-18,2,21.6189,23.6000,1.9811,3.9248,0.6716,1
2026-08-19,climatology,2026-08-19T07:10:27Z,2026-08-19,1,21.6711,23.6000,1.9289,3.7207,0.6281,1
2026-08-19,persistence,2026-08-13T07:58:13Z,2026-08-13,7,28.1000,23.6000,4.5000,20.2500,1.5456,1
2026-08-19,persistence,2026-08-14T07:54:34Z,2026-08-14,6,30.1000,23.6000,6.5000,42.2500,2.4378,0
2026-08-19,persistence,2026-08-15T07:01:57Z,2026-08-15,5,31.6000,23.6000,8.0000,64.0000,3.2344,0
2026-08-19,persistence,2026-08-16T07:04:42Z,2026-08-16,4,27.7000,23.6000,4.1000,16.8100,1.4138,1
2026-08-19,persistence,2026-08-17T07:27:08Z,2026-08-17,3,26.1000,23.6000,2.5000,6.2500,0.8547,1
2026-08-19,persistence,2026-08-18T07:09:37Z,2026-08-18,2,24.9000,23.6000,1.3000,1.6900,0.5113,1
2026-08-19,persistence,2026-08-19T07:10:27Z,2026-08-19,1,23.6000,23.6000,0.0000,0.0000,0.2389,1
2026-08-19,seasonal_naive,2026-08-13T07:58:13Z,2026-08-13,7,22.6000,23.6000,1.0000,1.0000,,
2026-08-19,seasonal_naive,2026-08-14T07:54:34Z,2026-08-14,6,22.6000,23.6000,1.0000,1.0000,,
2026-08-19,seasonal_naive,2026-08-15T07:01:57Z,2026-08-15,5,22.6000,23.6000,1.0000,1.0000,,
2026-08-19,seasonal_naive,2026-08-16T07:04:42Z,2026-08-16,4,22.6000,23.6000,1.0000,1.0000,,
2026-08-19,seasonal_naive,2026-08-17T07:27:08Z,2026-08-17,3,22.6000,23.6000,1.0000,1.0000,,
2026-08-19,seasonal_naive,2026-08-18T07:09:37Z,2026-08-18,2,22.6000,23.6000,1.0000,1.0000,,
2026-08-19,seasonal_naive,2026-08-19T07:10:27Z,2026-08-19,1,22.6000,23.6000,1.0000,1.0000,,
2026-08-19,tabicl,2026-08-13T07:58:13Z,2026-08-13,7,23.6839,23.6000,0.0839,0.0070,0.5305,1
2026-08-19,tabicl,2026-08-14T07:54:34Z,2026-08-14,6,25.6182,23.6000,2.0182,4.0731,0.7920,1
2026-08-19,tabicl,2026-08-15T07:01:57Z,2026-08-15,5,28.1662,23.6000,4.5662,20.8502,1.5170,1
2026-08-19,tabicl,2026-08-16T07:04:42Z,2026-08-16,4,24.7027,23.6000,1.1027,1.2159,0.6099,1
2026-08-19,tabicl,2026-08-17T07:27:08Z,2026-08-17,3,23.8257,23.6000,0.2257,0.0509,0.4396,1
2026-08-19,tabicl,2026-08-18T07:09:37Z,2026-08-18,2,23.6363,23.6000,0.0363,0.0013,0.3266,1
2026-08-19,tabicl,2026-08-19T07:10:27Z,2026-08-19,1,23.0154,23.6000,0.5846,0.3418,0.2626,1
2026-08-20,climatology,2026-08-14T07:54:34Z,2026-08-14,7,20.6939,20.2000,0.4939,0.2439,0.3549,1
2026-08-20,climatology,2026-08-15T07:01:57Z,2026-08-15,6,20.6939,20.2000,0.4939,0.2439,0.3549,1
2026-08-20,climatology,2026-08-16T07:04:42Z,2026-08-16,5,20.9000,20.2000,0.7000,0.4900,0.3650,1
2026-08-20,climatology,2026-08-17T07:27:08Z,2026-08-17,4,21.0486,20.2000,0.8486,0.7201,0.3976,1
2026-08-20,climatology,2026-08-18T07:09:37Z,2026-08-18,3,21.1556,20.2000,0.9556,0.9132,0.4333,1
2026-08-20,climatology,2026-08-19T07:10:27Z,2026-08-19,2,21.2216,20.2000,1.0216,1.0437,0.4487,1
2026-08-20,climatology,2026-08-20T07:11:18Z,2026-08-20,1,21.2842,20.2000,1.0842,1.1755,0.4629,1
2026-08-20,persistence,2026-08-14T07:54:34Z,2026-08-14,7,30.1000,20.2000,9.9000,98.0100,4.1012,0
2026-08-20,persistence,2026-08-15T07:01:57Z,2026-08-15,6,31.6000,20.2000,11.4000,129.9600,4.8896,0
2026-08-20,persistence,2026-08-16T07:04:42Z,2026-08-16,5,27.7000,20.2000,7.5000,56.2500,2.9844,0
2026-08-20,persistence,2026-08-17T07:27:08Z,2026-08-17,4,26.1000,20.2000,5.9000,34.8100,2.2156,0
2026-08-20,persistence,2026-08-18T07:09:37Z,2026-08-18,3,24.9000,20.2000,4.7000,22.0900,1.6767,0
2026-08-20,persistence,2026-08-19T07:10:27Z,2026-08-19,2,23.6000,20.2000,3.4000,11.5600,1.1612,1
2026-08-20,persistence,2026-08-20T07:11:18Z,2026-08-20,1,23.6000,20.2000,3.4000,11.5600,1.3167,0
2026-08-20,seasonal_naive,2026-08-14T07:54:34Z,2026-08-14,7,19.7000,20.2000,0.5000,0.2500,,
2026-08-20,seasonal_naive,2026-08-15T07:01:57Z,2026-08-15,6,19.7000,20.2000,0.5000,0.2500,,
2026-08-20,seasonal_naive,2026-08-16T07:04:42Z,2026-08-16,5,19.7000,20.2000,0.5000,0.2500,,
2026-08-20,seasonal_naive,2026-08-17T07:27:08Z,2026-08-17,4,19.7000,20.2000,0.5000,0.2500,,
2026-08-20,seasonal_naive,2026-08-18T07:09:37Z,2026-08-18,3,19.7000,20.2000,0.5000,0.2500,,
2026-08-20,seasonal_naive,2026-08-19T07:10:27Z,2026-08-19,2,19.7000,20.2000,0.5000,0.2500,,
2026-08-20,seasonal_naive,2026-08-20T07:11:18Z,2026-08-20,1,19.7000,20.2000,0.5000,0.2500,,
2026-08-20,tabicl,2026-08-14T07:54:34Z,2026-08-14,7,25.1422,20.2000,4.9422,24.4253,1.6467,1
2026-08-20,tabicl,2026-08-15T07:01:57Z,2026-08-15,6,27.3719,20.2000,7.1719,51.4361,2.5569,0
2026-08-20,tabicl,2026-08-16T07:04:42Z,2026-08-16,5,24.6021,20.2000,4.4021,19.3785,1.5169,1
2026-08-20,tabicl,2026-08-17T07:27:08Z,2026-08-17,4,23.5823,20.2000,3.3823,11.4400,1.1497,1
2026-08-20,tabicl,2026-08-18T07:09:37Z,2026-08-18,3,23.5735,20.2000,3.3735,11.3805,1.1745,1
2026-08-20,tabicl,2026-08-19T07:10:27Z,2026-08-19,2,22.9438,20.2000,2.7438,7.5284,0.9593,1
2026-08-20,tabicl,2026-08-20T07:11:18Z,2026-08-20,1,23.7011,20.2000,3.5011,12.2577,1.4219,0
2026-08-21,climatology,2026-08-15T07:01:57Z,2026-08-15,7,20.4091,19.4000,1.0091,1.0183,0.5144,1
2026-08-21,climatology,2026-08-16T07:04:42Z,2026-08-16,6,20.4091,19.4000,1.0091,1.0183,0.5144,1
2026-08-21,climatology,2026-08-17T07:27:08Z,2026-08-17,5,20.5765,19.4000,1.1765,1.3842,0.5374,1
2026-08-21,climatology,2026-08-18T07:09:37Z,2026-08-18,4,20.7000,19.4000,1.3000,1.6900,0.5591,1
2026-08-21,climatology,2026-08-19T07:10:27Z,2026-08-19,3,20.7806,19.4000,1.3806,1.9061,0.5544,1
2026-08-21,climatology,2026-08-20T07:11:18Z,2026-08-20,2,20.8568,19.4000,1.4568,2.1223,0.5776,1
2026-08-21,climatology,2026-08-21T07:12:27Z,2026-08-21,1,20.8395,19.4000,1.4395,2.0722,0.5771,1
2026-08-21,persistence,2026-08-15T07:01:57Z,2026-08-15,7,31.6000,19.4000,12.2000,148.8400,5.2522,0
2026-08-21,persistence,2026-08-16T07:04:42Z,2026-08-16,6,27.7000,19.4000,8.3000,68.8900,3.3391,0
2026-08-21,persistence,2026-08-17T07:27:08Z,2026-08-17,5,26.1000,19.4000,6.7000,44.8900,2.5844,0
2026-08-21,persistence,2026-08-18T07:09:37Z,2026-08-18,4,24.9000,19.4000,5.5000,30.2500,2.0064,0
2026-08-21,persistence,2026-08-19T07:10:27Z,2026-08-19,3,23.6000,19.4000,4.2000,17.6400,1.4711,1
2026-08-21,persistence,2026-08-20T07:11:18Z,2026-08-20,2,23.6000,19.4000,4.2000,17.6400,1.5167,0
2026-08-21,persistence,2026-08-21T07:12:27Z,2026-08-21,1,20.2000,19.4000,0.8000,0.6400,0.3167,1
2026-08-21,seasonal_naive,2026-08-15T07:01:57Z,2026-08-15,7,18.6000,19.4000,0.8000,0.6400,,
2026-08-21,seasonal_naive,2026-08-16T07:04:42Z,2026-08-16,6,18.6000,19.4000,0.8000,0.6400,,
2026-08-21,seasonal_naive,2026-08-17T07:27:08Z,2026-08-17,5,18.6000,19.4000,0.8000,0.6400,,
2026-08-21,seasonal_naive,2026-08-18T07:09:37Z,2026-08-18,4,18.6000,19.4000,0.8000,0.6400,,
2026-08-21,seasonal_naive,2026-08-19T07:10:27Z,2026-08-19,3,18.6000,19.4000,0.8000,0.6400,,
2026-08-21,seasonal_naive,2026-08-20T07:11:18Z,2026-08-20,2,18.6000,19.4000,0.8000,0.6400,,
2026-08-21,seasonal_naive,2026-08-21T07:12:27Z,2026-08-21,1,18.6000,19.4000,0.8000,0.6400,,
2026-08-21,tabicl,2026-08-15T07:01:57Z,2026-08-15,7,26.7480,19.4000,7.3480,53.9931,2.5995,0
2026-08-21,tabicl,2026-08-16T07:04:42Z,2026-08-16,6,24.5663,19.4000,5.1663,26.6907,1.7951,1
2026-08-21,tabicl,2026-08-17T07:27:08Z,2026-08-17,5,23.5658,19.4000,4.1658,17.3539,1.4463,1
2026-08-21,tabicl,2026-08-18T07:09:37Z,2026-08-18,4,23.6218,19.4000,4.2218,17.8236,1.4924,1
2026-08-21,tabicl,2026-08-19T07:10:27Z,2026-08-19,3,23.1203,19.4000,3.7203,13.8406,1.3224,0
2026-08-21,tabicl,2026-08-20T07:11:18Z,2026-08-20,2,23.7436,19.4000,4.3436,18.8669,1.7705,0
2026-08-21,tabicl,2026-08-21T07:12:27Z,2026-08-21,1,20.9388,19.4000,1.5388,2.3679,0.4850,1
2026-08-22,climatology,2026-08-16T07:04:42Z,2026-08-16,7,20.1303,18.6000,1.5303,2.3418,0.5778,1
2026-08-22,climatology,2026-08-17T07:27:08Z,2026-08-17,6,20.1303,18.6000,1.5303,2.3418,0.5778,1
2026-08-22,climatology,2026-08-18T07:09:37Z,2026-08-18,5,20.2706,18.6000,1.6706,2.7909,0.6272,1
2026-08-22,climatology,2026-08-19T07:10:27Z,2026-08-19,4,20.3657,18.6000,1.7657,3.1177,0.6684,1
2026-08-22,climatology,2026-08-20T07:11:18Z,2026-08-20,3,20.4556,18.6000,1.8556,3.4433,0.7067,1
2026-08-22,climatology,2026-08-21T07:12:27Z,2026-08-21,2,20.4486,18.6000,1.8486,3.4173,0.6827,1
2026-08-22,climatology,2026-08-22T07:04:37Z,2026-08-22,1,20.4211,18.6000,1.8211,3.3164,0.6471,1
2026-08-22,persistence,2026-08-16T07:04:42Z,2026-08-16,7,27.7000,18.6000,9.1000,82.8100,3.7048,0
2026-08-22,persistence,2026-08-17T07:27:08Z,2026-08-17,6,26.1000,18.6000,7.5000,56.2500,2.9387,0
2026-08-22,persistence,2026-08-18T07:09:37Z,2026-08-18,5,24.9000,18.6000,6.3000,39.6900,2.3844,0
2026-08-22,persistence,2026-08-19T07:10:27Z,2026-08-19,4,23.6000,18.6000,5.0000,25.0000,1.7478,1
2026-08-22,persistence,2026-08-20T07:11:18Z,2026-08-20,3,23.6000,18.6000,5.0000,25.0000,1.8240,0
2026-08-22,persistence,2026-08-21T07:12:27Z,2026-08-21,2,20.2000,18.6000,1.6000,2.5600,0.5610,1
2026-08-22,persistence,2026-08-22T07:04:37Z,2026-08-22,1,19.4000,18.6000,0.8000,0.6400,0.3167,1
2026-08-22,seasonal_naive,2026-08-16T07:04:42Z,2026-08-16,7,16.9000,18.6000,1.7000,2.8900,,
2026-08-22,seasonal_naive,2026-08-17T07:27:08Z,2026-08-17,6,16.9000,18.6000,1.7000,2.8900,,
2026-08-22,seasonal_naive,2026-08-18T07:09:37Z,2026-08-18,5,16.9000,18.6000,1.7000,2.8900,,
2026-08-22,seasonal_naive,2026-08-19T07:10:27Z,2026-08-19,4,16.9000,18.6000,1.7000,2.8900,,
2026-08-22,seasonal_naive,2026-08-20T07:11:18Z,2026-08-20,3,16.9000,18.6000,1.7000,2.8900,,
2026-08-22,seasonal_naive,2026-08-21T07:12:27Z,2026-08-21,2,16.9000,18.6000,1.7000,2.8900,,
2026-08-22,seasonal_naive,2026-08-22T07:04:37Z,2026-08-22,1,16.9000,18.6000,1.7000,2.8900,,
2026-08-22,tabicl,2026-08-16T07:04:42Z,2026-08-16,7,24.5520,18.6000,5.9520,35.4263,2.0813,1
2026-08-22,tabicl,2026-08-17T07:27:08Z,2026-08-17,6,23.6503,18.6000,5.0503,25.5055,1.7774,1
2026-08-22,tabicl,2026-08-18T07:09:37Z,2026-08-18,5,23.7355,18.6000,5.1355,26.3734,1.8725,0
2026-08-22,tabicl,2026-08-19T07:10:27Z,2026-08-19,4,23.3029,18.6000,4.7029,22.1173,1.7444,0
2026-08-22,tabicl,2026-08-20T07:11:18Z,2026-08-20,3,23.7954,18.6000,5.1954,26.9922,2.1243,0
2026-08-22,tabicl,2026-08-21T07:12:27Z,2026-08-21,2,21.2708,18.6000,2.6708,7.1332,0.8879,1
2026-08-22,tabicl,2026-08-22T07:04:37Z,2026-08-22,1,19.8088,18.6000,1.2088,1.4612,0.3922,1
2026-08-23,climatology,2026-08-17T07:27:08Z,2026-08-17,7,19.8606,19.3000,0.5606,0.3143,0.4447,1
2026-08-23,climatology,2026-08-18T07:09:37Z,2026-08-18,6,19.8606,19.3000,0.5606,0.3143,0.4447,1
2026-08-23,climatology,2026-08-19T07:10:27Z,2026-08-19,5,19.9706,19.3000,0.6706,0.4497,0.4690,1
2026-08-23,climatology,2026-08-20T07:11:18Z,2026-08-20,4,20.0743,19.3000,0.7743,0.5995,0.4853,1
2026-08-23,climatology,2026-08-21T07:12:27Z,2026-08-21,3,20.0778,19.3000,0.7778,0.6050,0.4639,1
2026-08-23,climatology,2026-08-22T07:04:37Z,2026-08-22,2,20.0595,19.3000,0.7595,0.5768,0.4393,1
2026-08-23,climatology,2026-08-23T07:06:35Z,2026-08-23,1,20.0211,19.3000,0.7211,0.5200,0.4342,1
2026-08-23,persistence,2026-08-17T07:27:08Z,2026-08-17,7,26.1000,19.3000,6.8000,46.2400,2.5529,0
2026-08-23,persistence,2026-08-18T07:09:37Z,2026-08-18,6,24.9000,19.3000,5.6000,31.3600,1.9882,1
2026-08-23,persistence,2026-08-19T07:10:27Z,2026-08-19,5,23.6000,19.3000,4.3000,18.4900,1.4849,1
2026-08-23,persistence,2026-08-20T07:11:18Z,2026-08-20,4,23.6000,19.3000,4.3000,18.4900,1.4702,1
2026-08-23,persistence,2026-08-21T07:12:27Z,2026-08-21,3,20.2000,19.3000,0.9000,0.8100,0.4922,1
2026-08-23,persistence,2026-08-22T07:04:37Z,2026-08-22,2,19.4000,19.3000,0.1000,0.0100,0.3784,1
2026-08-23,persistence,2026-08-23T07:06:35Z,2026-08-23,1,18.6000,19.3000,0.7000,0.4900,0.3000,1
2026-08-23,seasonal_naive,2026-08-17T07:27:08Z,2026-08-17,7,17.4000,19.3000,1.9000,3.6100,,
2026-08-23,seasonal_naive,2026-08-18T07:09:37Z,2026-08-18,6,17.4000,19.3000,1.9000,3.6100,,
2026-08-23,seasonal_naive,2026-08-19T07:10:27Z,2026-08-19,5,17.4000,19.3000,1.9000,3.6100,,
2026-08-23,seasonal_naive,2026-08-20T07:11:18Z,2026-08-20,4,17.4000,19.3000,1.9000,3.6100,,
2026-08-23,seasonal_naive,2026-08-21T07:12:27Z,2026-08-21,3,17.4000,19.3000,1.9000,3.6100,,
2026-08-23,seasonal_naive,2026-08-22T07:04:37Z,2026-08-22,2,17.4000,19.3000,1.9000,3.6100,,
2026-08-23,seasonal_naive,2026-08-23T07:06:35Z,2026-08-23,1,17.4000,19.3000,1.9000,3.6100,,
2026-08-23,tabicl,2026-08-17T07:27:08Z,2026-08-17,7,23.7292,19.3000,4.4292,19.6178,1.5220,1
2026-08-23,tabicl,2026-08-18T07:09:37Z,2026-08-18,6,23.8029,19.3000,4.5029,20.2761,1.5660,1
2026-08-23,tabicl,2026-08-19T07:10:27Z,2026-08-19,5,23.4981,19.3000,4.1981,17.6240,1.4584,1
2026-08-23,tabicl,2026-08-20T07:11:18Z,2026-08-20,4,23.9103,19.3000,4.6103,21.2549,1.7589,0
2026-08-23,tabicl,2026-08-21T07:12:27Z,2026-08-21,3,21.5684,19.3000,2.2684,5.1456,0.7163,1
2026-08-23,tabicl,2026-08-22T07:04:37Z,2026-08-22,2,19.9691,19.3000,0.6691,0.4477,0.3284,1
2026-08-23,tabicl,2026-08-23T07:06:35Z,2026-08-23,1,18.8503,19.3000,0.4497,0.2022,0.2707,1
2026-08-24,climatology,2026-08-18T07:09:37Z,2026-08-18,7,19.5121,20.7000,1.1879,1.4111,0.5671,1
2026-08-24,climatology,2026-08-19T07:10:27Z,2026-08-19,6,19.5121,20.7000,1.1879,1.4111,0.5671,1
2026-08-24,climatology,2026-08-20T07:11:18Z,2026-08-20,5,19.6324,20.7000,1.0676,1.1398,0.5412,1
2026-08-24,climatology,2026-08-21T07:12:27Z,2026-08-21,4,19.6486,20.7000,1.0514,1.1054,0.5091,1
2026-08-24,climatology,2026-08-22T07:04:37Z,2026-08-22,3,19.6417,20.7000,1.0583,1.1200,0.5089,1
2026-08-24,climatology,2026-08-23T07:06:35Z,2026-08-23,2,19.6135,20.7000,1.0865,1.1805,0.5104,1
2026-08-24,climatology,2026-08-24T07:32:39Z,2026-08-24,1,19.6053,20.7000,1.0947,1.1984,0.5044,1
2026-08-24,persistence,2026-08-18T07:09:37Z,2026-08-18,7,24.9000,20.7000,4.2000,17.6400,1.4297,1
2026-08-24,persistence,2026-08-19T07:10:27Z,2026-08-19,6,23.6000,20.7000,2.9000,8.4100,0.9933,1
2026-08-24,persistence,2026-08-20T07:11:18Z,2026-08-20,5,23.6000,20.7000,2.9000,8.4100,0.9869,1
2026-08-24,persistence,2026-08-21T07:12:27Z,2026-08-21,4,20.2000,20.7000,0.5000,0.2500,0.5027,1
2026-08-24,persistence,2026-08-22T07:04:37Z,2026-08-22,3,19.4000,20.7000,1.3000,1.6900,0.5394,1
2026-08-24,persistence,2026-08-23T07:06:35Z,2026-08-23,2,18.6000,20.7000,2.1000,4.4100,0.6907,1
2026-08-24,persistence,2026-08-24T07:32:39Z,2026-08-24,1,19.3000,20.7000,1.4000,1.9600,0.4611,1
2026-08-24,seasonal_naive,2026-08-18T07:09:37Z,2026-08-18,7,18.4000,20.7000,2.3000,5.2900,,
2026-08-24,seasonal_naive,2026-08-19T07:10:27Z,2026-08-19,6,18.4000,20.7000,2.3000,5.2900,,
2026-08-24,seasonal_naive,2026-08-20T07:11:18Z,2026-08-20,5,18.4000,20.7000,2.3000,5.2900,,
2026-08-24,seasonal_naive,2026-08-21T07:12:27Z,2026-08-21,4,18.4000,20.7000,2.3000,5.2900,,
2026-08-24,seasonal_naive,2026-08-22T07:04:37Z,2026-08-22,3,18.4000,20.7000,2.3000,5.2900,,
2026-08-24,seasonal_naive,2026-08-23T07:06:35Z,2026-08-23,2,18.4000,20.7000,2.3000,5.2900,,
2026-08-24,seasonal_naive,2026-08-24T07:32:39Z,2026-08-24,1,18.4000,20.7000,2.3000,5.2900,,
2026-08-24,tabicl,2026-08-18T07:09:37Z,2026-08-18,7,23.8352,20.7000,3.1352,9.8295,1.0258,1
2026-08-24,tabicl,2026-08-19T07:10:27Z,2026-08-19,6,23.7615,20.7000,3.0615,9.3728,0.9870,1
2026-08-24,tabicl,2026-08-20T07:11:18Z,2026-08-20,5,24.0884,20.7000,3.3884,11.4813,1.1174,1
2026-08-24,tabicl,2026-08-21T07:12:27Z,2026-08-21,4,22.1720,20.7000,1.4720,2.1668,0.5136,1
2026-08-24,tabicl,2026-08-22T07:04:37Z,2026-08-22,3,20.5035,20.7000,0.1965,0.0386,0.3741,1
2026-08-24,tabicl,2026-08-23T07:06:35Z,2026-08-23,2,20.0272,20.7000,0.6728,0.4527,0.4054,1
2026-08-24,tabicl,2026-08-24T07:32:39Z,2026-08-24,1,20.7679,20.7000,0.0679,0.0046,0.3042,1
2026-08-25,climatology,2026-08-19T07:10:27Z,2026-08-19,7,19.2333,22.0000,2.7667,7.6546,0.9584,1
2026-08-25,climatology,2026-08-20T07:11:18Z,2026-08-20,6,19.2333,22.0000,2.7667,7.6546,0.9584,1
2026-08-25,climatology,2026-08-21T07:12:27Z,2026-08-21,5,19.2618,22.0000,2.7382,7.4977,0.9512,1
2026-08-25,climatology,2026-08-22T07:04:37Z,2026-08-22,4,19.2657,22.0000,2.7343,7.4764,0.9518,1
2026-08-25,climatology,2026-08-23T07:06:35Z,2026-08-23,3,19.2472,22.0000,2.7528,7.5779,0.9733,1
2026-08-25,climatology,2026-08-24T07:32:39Z,2026-08-24,2,19.2486,22.0000,2.7514,7.5702,0.9831,1
2026-08-25,climatology,2026-08-25T07:13:22Z,2026-08-25,1,19.2868,22.0000,2.7132,7.3615,0.9241,1
2026-08-25,persistence,2026-08-19T07:10:27Z,2026-08-19,7,23.6000,22.0000,1.6000,2.5600,0.6851,1
2026-08-25,persistence,2026-08-20T07:11:18Z,2026-08-20,6,23.6000,22.0000,1.6000,2.5600,0.6660,1
2026-08-25,persistence,2026-08-21T07:12:27Z,2026-08-21,5,20.2000,22.0000,1.8000,3.2400,0.6820,1
2026-08-25,persistence,2026-08-22T07:04:37Z,2026-08-22,4,19.4000,22.0000,2.6000,6.7600,0.8522,1
2026-08-25,persistence,2026-08-23T07:06:35Z,2026-08-23,3,18.6000,22.0000,3.4000,11.5600,1.1153,1
2026-08-25,persistence,2026-08-24T07:32:39Z,2026-08-24,2,19.3000,22.0000,2.7000,7.2900,0.8724,1
2026-08-25,persistence,2026-08-25T07:13:22Z,2026-08-25,1,20.7000,22.0000,1.3000,1.6900,0.4333,1
2026-08-25,seasonal_naive,2026-08-19T07:10:27Z,2026-08-19,7,20.8000,22.0000,1.2000,1.4400,,
2026-08-25,seasonal_naive,2026-08-20T07:11:18Z,2026-08-20,6,20.8000,22.0000,1.2000,1.4400,,
2026-08-25,seasonal_naive,2026-08-21T07:12:27Z,2026-08-21,5,20.8000,22.0000,1.2000,1.4400,,
2026-08-25,seasonal_naive,2026-08-22T07:04:37Z,2026-08-22,4,20.8000,22.0000,1.2000,1.4400,,
2026-08-25,seasonal_naive,2026-08-23T07:06:35Z,2026-08-23,3,20.8000,22.0000,1.2000,1.4400,,
2026-08-25,seasonal_naive,2026-08-24T07:32:39Z,2026-08-24,2,20.8000,22.0000,1.2000,1.4400,,
2026-08-25,seasonal_naive,2026-08-25T07:13:22Z,2026-08-25,1,20.8000,22.0000,1.2000,1.4400,,
2026-08-25,tabicl,2026-08-19T07:10:27Z,2026-08-19,7,23.8794,22.0000,1.8794,3.5321,0.6651,1
2026-08-25,tabicl,2026-08-20T07:11:18Z,2026-08-20,6,24.1785,22.0000,2.1785,4.7459,0.6858,1
2026-08-25,tabicl,2026-08-21T07:12:27Z,2026-08-21,5,22.4802,22.0000,0.4802,0.2306,0.4085,1
2026-08-25,tabicl,2026-08-22T07:04:37Z,2026-08-22,4,20.7710,22.0000,1.2290,1.5104,0.5263,1
2026-08-25,tabicl,2026-08-23T07:06:35Z,2026-08-23,3,20.0905,22.0000,1.9095,3.6462,0.6894,1
2026-08-25,tabicl,2026-08-24T07:32:39Z,2026-08-24,2,21.1392,22.0000,0.8608,0.7410,0.4527,1
2026-08-25,tabicl,2026-08-25T07:13:22Z,2026-08-25,1,21.3484,22.0000,0.6516,0.4246,0.3050,1
2026-08-26,climatology,2026-08-20T07:11:18Z,2026-08-20,7,19.0030,24.5000,5.4970,30.2170,2.2782,0
2026-08-26,climatology,2026-08-21T07:12:27Z,2026-08-21,6,19.0030,24.5000,5.4970,30.2170,2.2782,0
2026-08-26,climatology,2026-08-22T07:04:37Z,2026-08-22,5,19.0147,24.5000,5.4853,30.0885,2.2767,0
2026-08-26,climatology,2026-08-23T07:06:35Z,2026-08-23,4,19.0029,24.5000,5.4971,30.2181,2.2891,0
2026-08-26,climatology,2026-08-24T07:32:39Z,2026-08-24,3,19.0111,24.5000,5.4889,30.1280,2.2761,0
2026-08-26,climatology,2026-08-25T07:13:22Z,2026-08-25,2,19.0568,24.5000,5.4432,29.6284,2.2727,0
2026-08-26,climatology,2026-08-26T07:13:19Z,2026-08-26,1,19.1342,24.5000,5.3658,28.7918,2.2129,0
2026-08-26,persistence,2026-08-20T07:11:18Z,2026-08-20,7,23.6000,24.5000,0.9000,0.8100,0.5822,1
2026-08-26,persistence,2026-08-21T07:12:27Z,2026-08-21,6,20.2000,24.5000,4.3000,18.4900,1.4167,1
2026-08-26,persistence,2026-08-22T07:04:37Z,2026-08-22,5,19.4000,24.5000,5.1000,26.0100,1.7277,1
2026-08-26,persistence,2026-08-23T07:06:35Z,2026-08-23,4,18.6000,24.5000,5.9000,34.8100,2.1490,0
2026-08-26,persistence,2026-08-24T07:32:39Z,2026-08-24,3,19.3000,24.5000,5.2000,27.0400,1.8819,0
2026-08-26,persistence,2026-08-25T07:13:22Z,2026-08-25,2,20.7000,24.5000,3.8000,14.4400,1.2944,1
2026-08-26,persistence,2026-08-26T07:13:19Z,2026-08-26,1,22.0000,24.5000,2.5000,6.2500,0.8667,1
2026-08-26,seasonal_naive,2026-08-20T07:11:18Z,2026-08-20,7,22.6000,24.5000,1.9000,3.6100,,
2026-08-26,seasonal_naive,2026-08-21T07:12:27Z,2026-08-21,6,22.6000,24.5000,1.9000,3.6100,,
2026-08-26,seasonal_naive,2026-08-22T07:04:37Z,2026-08-22,5,22.6000,24.5000,1.9000,3.6100,,
2026-08-26,seasonal_naive,2026-08-23T07:06:35Z,2026-08-23,4,22.6000,24.5000,1.9000,3.6100,,
2026-08-26,seasonal_naive,2026-08-24T07:32:39Z,2026-08-24,3,22.6000,24.5000,1.9000,3.6100,,
2026-08-26,seasonal_naive,2026-08-25T07:13:22Z,2026-08-25,2,22.6000,24.5000,1.9000,3.6100,,
2026-08-26,seasonal_naive,2026-08-26T07:13:19Z,2026-08-26,1,22.6000,24.5000,1.9000,3.6100,,
2026-08-26,tabicl,2026-08-20T07:11:18Z,2026-08-20,7,24.4075,24.5000,0.0925,0.0086,0.4300,1
2026-08-26,tabicl,2026-08-21T07:12:27Z,2026-08-21,6,22.8102,24.5000,1.6898,2.8554,0.6333,1
2026-08-26,tabicl,2026-08-22T07:04:37Z,2026-08-22,5,21.1045,24.5000,3.3955,11.5294,1.1762,1
2026-08-26,tabicl,2026-08-23T07:06:35Z,2026-08-23,4,20.1478,24.5000,4.3522,18.9416,1.5729,0
2026-08-26,tabicl,2026-08-24T07:32:39Z,2026-08-24,3,21.6078,24.5000,2.8922,8.3648,1.0401,1
2026-08-26,tabicl,2026-08-25T07:13:22Z,2026-08-25,2,21.7413,24.5000,2.7587,7.6104,1.0064,1
2026-08-26,tabicl,2026-08-26T07:13:19Z,2026-08-26,1,22.9182,24.5000,1.5818,2.5021,0.5614,1
2026-08-27,climatology,2026-08-21T07:12:27Z,2026-08-21,7,18.9061,22.9000,3.9939,15.9512,1.5336,0
2026-08-27,climatology,2026-08-22T07:04:37Z,2026-08-22,6,18.9061,22.9000,3.9939,15.9512,1.5336,0
2026-08-27,climatology,2026-08-23T07:06:35Z,2026-08-23,5,18.8971,22.9000,4.0029,16.0232,1.5424,0
2026-08-27,climatology,2026-08-24T07:32:39Z,2026-08-24,4,18.9086,22.9000,3.9914,15.9313,1.5376,0
2026-08-27,climatology,2026-08-25T07:13:22Z,2026-08-25,3,18.9583,22.9000,3.9417,15.5370,1.5300,0
2026-08-27,climatology,2026-08-26T07:13:19Z,2026-08-26,2,19.0405,22.9000,3.8595,14.8957,1.4742,0
2026-08-27,climatology,2026-08-27T17:41:46Z,2026-08-27,1,19.1842,22.9000,3.7158,13.8072,1.4011,0
2026-08-27,persistence,2026-08-21T07:12:27Z,2026-08-21,7,20.2000,22.9000,2.7000,7.2900,0.9071,1
2026-08-27,persistence,2026-08-22T07:04:37Z,2026-08-22,6,19.4000,22.9000,3.5000,12.2500,1.1278,1
2026-08-27,persistence,2026-08-23T07:06:35Z,2026-08-23,5,18.6000,22.9000,4.3000,18.4900,1.4189,1
2026-08-27,persistence,2026-08-24T07:32:39Z,2026-08-24,4,19.3000,22.9000,3.6000,12.9600,1.1791,1
2026-08-27,persistence,2026-08-25T07:13:22Z,2026-08-25,3,20.7000,22.9000,2.2000,4.8400,0.7373,1
2026-08-27,persistence,2026-08-26T07:13:19Z,2026-08-26,2,22.0000,22.9000,0.9000,0.8100,0.4331,1
2026-08-27,persistence,2026-08-27T17:41:46Z,2026-08-27,1,24.5000,22.9000,1.6000,2.5600,0.5167,1
2026-08-27,seasonal_naive,2026-08-21T07:12:27Z,2026-08-21,7,22.3000,22.9000,0.6000,0.3600,,
2026-08-27,seasonal_naive,2026-08-22T07:04:37Z,2026-08-22,6,22.3000,22.9000,0.6000,0.3600,,
2026-08-27,seasonal_naive,2026-08-23T07:06:35Z,2026-08-23,5,22.3000,22.9000,0.6000,0.3600,,
2026-08-27,seasonal_naive,2026-08-24T07:32:39Z,2026-08-24,4,22.3000,22.9000,0.6000,0.3600,,
2026-08-27,seasonal_naive,2026-08-25T07:13:22Z,2026-08-25,3,22.3000,22.9000,0.6000,0.3600,,
2026-08-27,seasonal_naive,2026-08-26T07:13:19Z,2026-08-26,2,22.3000,22.9000,0.6000,0.3600,,
2026-08-27,seasonal_naive,2026-08-27T17:41:46Z,2026-08-27,1,22.3000,22.9000,0.6000,0.3600,,
2026-08-27,tabicl,2026-08-21T07:12:27Z,2026-08-21,7,23.2601,22.9000,0.3601,0.1297,0.4491,1
2026-08-27,tabicl,2026-08-22T07:04:37Z,2026-08-22,6,21.6164,22.9000,1.2836,1.6476,0.5789,1
2026-08-27,tabicl,2026-08-23T07:06:35Z,2026-08-23,5,20.3798,22.9000,2.5202,6.3514,0.8764,1
2026-08-27,tabicl,2026-08-24T07:32:39Z,2026-08-24,4,21.5264,22.9000,1.3736,1.8868,0.6037,1
2026-08-27,tabicl,2026-08-25T07:13:22Z,2026-08-25,3,22.0112,22.9000,0.8888,0.7900,0.4372,1
2026-08-27,tabicl,2026-08-26T07:13:19Z,2026-08-26,2,23.3966,22.9000,0.4966,0.2466,0.2756,1
2026-08-27,tabicl,2026-08-27T17:41:46Z,2026-08-27,1,25.7012,22.9000,2.8012,7.8467,1.0183,0
2026-08-28,climatology,2026-08-22T07:04:37Z,2026-08-22,7,19.0000,19.9000,0.9000,0.8100,0.4511,1
2026-08-28,climatology,2026-08-23T07:06:35Z,2026-08-23,6,19.0000,19.9000,0.9000,0.8100,0.4511,1
2026-08-28,climatology,2026-08-24T07:32:39Z,2026-08-24,5,19.0088,19.9000,0.8912,0.7942,0.4486,1
2026-08-28,climatology,2026-08-25T07:13:22Z,2026-08-25,4,19.0571,19.9000,0.8429,0.7105,0.4280,1
2026-08-28,climatology,2026-08-26T07:13:19Z,2026-08-26,3,19.1389,19.9000,0.7611,0.5793,0.4317,1
2026-08-28,climatology,2026-08-27T17:41:46Z,2026-08-27,2,19.2838,19.9000,0.6162,0.3797,0.4213,1
2026-08-28,climatology,2026-08-28T18:49:45Z,2026-08-28,1,19.3789,19.9000,0.5211,0.2715,0.4102,1
2026-08-28,persistence,2026-08-22T07:04:37Z,2026-08-22,7,19.4000,19.9000,0.5000,0.2500,0.5639,1
2026-08-28,persistence,2026-08-23T07:06:35Z,2026-08-23,6,18.6000,19.9000,1.3000,1.6900,0.6177,1
2026-08-28,persistence,2026-08-24T07:32:39Z,2026-08-24,5,19.3000,19.9000,0.6000,0.3600,0.5244,1
2026-08-28,persistence,2026-08-25T07:13:22Z,2026-08-25,4,20.7000,19.9000,0.8000,0.6400,0.5270,1
2026-08-28,persistence,2026-08-26T07:13:19Z,2026-08-26,3,22.0000,19.9000,2.1000,4.4100,0.7344,1
2026-08-28,persistence,2026-08-27T17:41:46Z,2026-08-27,2,24.5000,19.9000,4.6000,21.1600,1.7129,0
2026-08-28,persistence,2026-08-28T18:49:45Z,2026-08-28,1,22.9000,19.9000,3.0000,9.0000,1.1167,0
2026-08-28,seasonal_naive,2026-08-22T07:04:37Z,2026-08-22,7,20.2000,19.9000,0.3000,0.0900,,
2026-08-28,seasonal_naive,2026-08-23T07:06:35Z,2026-08-23,6,20.2000,19.9000,0.3000,0.0900,,
2026-08-28,seasonal_naive,2026-08-24T07:32:39Z,2026-08-24,5,20.2000,19.9000,0.3000,0.0900,,
2026-08-28,seasonal_naive,2026-08-25T07:13:22Z,2026-08-25,4,20.2000,19.9000,0.3000,0.0900,,
2026-08-28,seasonal_naive,2026-08-26T07:13:19Z,2026-08-26,3,20.2000,19.9000,0.3000,0.0900,,
2026-08-28,seasonal_naive,2026-08-27T17:41:46Z,2026-08-27,2,20.2000,19.9000,0.3000,0.0900,,
2026-08-28,seasonal_naive,2026-08-28T18:49:45Z,2026-08-28,1,20.2000,19.9000,0.3000,0.0900,,
2026-08-28,tabicl,2026-08-22T07:04:37Z,2026-08-22,7,22.3496,19.9000,2.4496,6.0005,0.7827,1
2026-08-28,tabicl,2026-08-23T07:06:35Z,2026-08-23,6,20.8472,19.9000,0.9472,0.8972,0.4834,1
2026-08-28,tabicl,2026-08-24T07:32:39Z,2026-08-24,5,21.6203,19.9000,1.7203,2.9594,0.5600,1
2026-08-28,tabicl,2026-08-25T07:13:22Z,2026-08-25,4,22.3785,19.9000,2.4785,6.1430,0.7264,1
2026-08-28,tabicl,2026-08-26T07:13:19Z,2026-08-26,3,23.7001,19.9000,3.8001,14.4408,1.3391,0
2026-08-28,tabicl,2026-08-27T17:41:46Z,2026-08-27,2,26.5460,19.9000,6.6460,44.1693,2.8028,0
2026-08-28,tabicl,2026-08-28T18:49:45Z,2026-08-28,1,23.0479,19.9000,3.1479,9.9093,1.1633,0
2026-08-29,climatology,2026-08-23T07:06:35Z,2026-08-23,7,19.1121,19.5000,0.3879,0.1505,0.3876,1
2026-08-29,climatology,2026-08-24T07:32:39Z,2026-08-24,6,19.1121,19.5000,0.3879,0.1505,0.3876,1
2026-08-29,climatology,2026-08-25T07:13:22Z,2026-08-25,5,19.1588,19.5000,0.3412,0.1164,0.3683,1
2026-08-29,climatology,2026-08-26T07:13:19Z,2026-08-26,4,19.2400,19.5000,0.2600,0.0676,0.3580,1
2026-08-29,climatology,2026-08-27T17:41:46Z,2026-08-27,3,19.3861,19.5000,0.1139,0.0130,0.3444,1
2026-08-29,climatology,2026-08-28T18:49:45Z,2026-08-28,2,19.4811,19.5000,0.0189,0.0004,0.3564,1
2026-08-29,climatology,2026-08-29T12:44:34Z,2026-08-29,1,19.4921,19.5000,0.0079,0.0001,0.3511,1
2026-08-29,persistence,2026-08-23T07:06:35Z,2026-08-23,7,18.6000,19.5000,0.9000,0.8100,0.5869,1
2026-08-29,persistence,2026-08-24T07:32:39Z,2026-08-24,6,19.3000,19.5000,0.2000,0.0400,0.5367,1
2026-08-29,persistence,2026-08-25T07:13:22Z,2026-08-25,5,20.7000,19.5000,1.2000,1.4400,0.6022,1
2026-08-29,persistence,2026-08-26T07:13:19Z,2026-08-26,4,22.0000,19.5000,2.5000,6.2500,0.8571,1
2026-08-29,persistence,2026-08-27T17:41:46Z,2026-08-27,3,24.5000,19.5000,5.0000,25.0000,1.8160,0
2026-08-29,persistence,2026-08-28T18:49:45Z,2026-08-28,2,22.9000,19.5000,3.4000,11.5600,1.1604,1
2026-08-29,persistence,2026-08-29T12:44:34Z,2026-08-29,1,19.9000,19.5000,0.4000,0.1600,0.2611,1
2026-08-29,seasonal_naive,2026-08-23T07:06:35Z,2026-08-23,7,17.3000,19.5000,2.2000,4.8400,,
2026-08-29,seasonal_naive,2026-08-24T07:32:39Z,2026-08-24,6,17.3000,19.5000,2.2000,4.8400,,
2026-08-29,seasonal_naive,2026-08-25T07:13:22Z,2026-08-25,5,17.3000,19.5000,2.2000,4.8400,,
2026-08-29,seasonal_naive,2026-08-26T07:13:19Z,2026-08-26,4,17.3000,19.5000,2.2000,4.8400,,
2026-08-29,seasonal_naive,2026-08-27T17:41:46Z,2026-08-27,3,17.3000,19.5000,2.2000,4.8400,,
2026-08-29,seasonal_naive,2026-08-28T18:49:45Z,2026-08-28,2,17.3000,19.5000,2.2000,4.8400,,
2026-08-29,seasonal_naive,2026-08-29T12:44:34Z,2026-08-29,1,17.3000,19.5000,2.2000,4.8400,,
2026-08-29,tabicl,2026-08-23T07:06:35Z,2026-08-23,7,21.3664,19.5000,1.8664,3.4834,0.6444,1
2026-08-29,tabicl,2026-08-24T07:32:39Z,2026-08-24,6,21.7315,19.5000,2.2315,4.9796,0.6758,1
2026-08-29,tabicl,2026-08-25T07:13:22Z,2026-08-25,5,22.5014,19.5000,3.0014,9.0084,0.9108,1
2026-08-29,tabicl,2026-08-26T07:13:19Z,2026-08-26,4,23.7956,19.5000,4.2956,18.4522,1.5215,0
2026-08-29,tabicl,2026-08-27T17:41:46Z,2026-08-27,3,26.4332,19.5000,6.9332,48.0693,2.8317,0
2026-08-29,tabicl,2026-08-28T18:49:45Z,2026-08-28,2,23.3346,19.5000,3.8346,14.7042,1.4417,0
2026-08-29,tabicl,2026-08-29T12:44:34Z,2026-08-29,1,20.1344,19.5000,0.6344,0.4025,0.3057,1
2026-08-30,climatology,2026-08-24T07:32:39Z,2026-08-24,7,19.0667,20.8000,1.7333,3.0043,0.5993,1
2026-08-30,climatology,2026-08-25T07:13:22Z,2026-08-25,6,19.0667,20.8000,1.7333,3.0043,0.5993,1
2026-08-30,climatology,2026-08-26T07:13:19Z,2026-08-26,5,19.1529,20.8000,1.6471,2.7129,0.5462,1
2026-08-30,climatology,2026-08-27T17:41:46Z,2026-08-27,4,19.3057,20.8000,1.4943,2.2329,0.5131,1
2026-08-30,climatology,2026-08-28T18:49:45Z,2026-08-28,3,19.4056,20.8000,1.3944,1.9444,0.5022,1
2026-08-30,climatology,2026-08-29T12:44:34Z,2026-08-29,2,19.4189,20.8000,1.3811,1.9074,0.4873,1
2026-08-30,climatology,2026-08-30T12:01:02Z,2026-08-30,1,19.4211,20.8000,1.3789,1.9014,0.4787,1
2026-08-30,persistence,2026-08-24T07:32:39Z,2026-08-24,7,19.3000,20.8000,1.5000,2.2500,0.6663,1
2026-08-30,persistence,2026-08-25T07:13:22Z,2026-08-25,6,20.7000,20.8000,0.1000,0.0100,0.5318,1
2026-08-30,persistence,2026-08-26T07:13:19Z,2026-08-26,5,22.0000,20.8000,1.2000,1.4400,0.6022,1
2026-08-30,persistence,2026-08-27T17:41:46Z,2026-08-27,4,24.5000,20.8000,3.7000,13.6900,1.2356,1
2026-08-30,persistence,2026-08-28T18:49:45Z,2026-08-28,3,22.9000,20.8000,2.1000,4.4100,0.7370,1
2026-08-30,persistence,2026-08-29T12:44:34Z,2026-08-29,2,19.9000,20.8000,0.9000,0.8100,0.4334,1
2026-08-30,persistence,2026-08-30T12:01:02Z,2026-08-30,1,19.5000,20.8000,1.3000,1.6900,0.4333,1
2026-08-30,seasonal_naive,2026-08-24T07:32:39Z,2026-08-24,7,17.7000,20.8000,3.1000,9.6100,,
2026-08-30,seasonal_naive,2026-08-25T07:13:22Z,2026-08-25,6,17.7000,20.8000,3.1000,9.6100,,
2026-08-30,seasonal_naive,2026-08-26T07:13:19Z,2026-08-26,5,17.7000,20.8000,3.1000,9.6100,,
2026-08-30,seasonal_naive,2026-08-27T17:41:46Z,2026-08-27,4,17.7000,20.8000,3.1000,9.6100,,
2026-08-30,seasonal_naive,2026-08-28T18:49:45Z,2026-08-28,3,17.7000,20.8000,3.1000,9.6100,,
2026-08-30,seasonal_naive,2026-08-29T12:44:34Z,2026-08-29,2,17.7000,20.8000,3.1000,9.6100,,
2026-08-30,seasonal_naive,2026-08-30T12:01:02Z,2026-08-30,1,17.7000,20.8000,3.1000,9.6100,,
2026-08-30,tabicl,2026-08-24T07:32:39Z,2026-08-24,7,21.9140,20.8000,1.1140,1.2410,0.5039,1
2026-08-30,tabicl,2026-08-25T07:13:22Z,2026-08-25,6,22.5661,20.8000,1.7661,3.1191,0.5490,1
2026-08-30,tabicl,2026-08-26T07:13:19Z,2026-08-26,5,23.8414,20.8000,3.0414,9.2501,0.9309,1
2026-08-30,tabicl,2026-08-27T17:41:46Z,2026-08-27,4,26.0623,20.8000,5.2623,27.6918,1.9210,0
2026-08-30,tabicl,2026-08-28T18:49:45Z,2026-08-28,3,23.3644,20.8000,2.5644,6.5761,0.8399,1
2026-08-30,tabicl,2026-08-29T12:44:34Z,2026-08-29,2,20.6639,20.8000,0.1361,0.0185,0.3422,1
2026-08-30,tabicl,2026-08-30T12:01:02Z,2026-08-30,1,20.0680,20.8000,0.7320,0.5358,0.3469,1
2026-08-31,climatology,2026-08-25T07:13:22Z,2026-08-25,7,18.9788,20.2000,1.2212,1.4913,0.5180,1
2026-08-31,climatology,2026-08-26T07:13:19Z,2026-08-26,6,18.9788,20.2000,1.2212,1.4913,0.5180,1
2026-08-31,climatology,2026-08-27T17:41:46Z,2026-08-27,5,19.1412,20.2000,1.0588,1.1211,0.5233,1
2026-08-31,climatology,2026-08-28T18:49:45Z,2026-08-28,4,19.2486,20.2000,0.9514,0.9052,0.5344,1
2026-08-31,climatology,2026-08-29T12:44:34Z,2026-08-29,3,19.2667,20.2000,0.9333,0.8710,0.5261,1
2026-08-31,climatology,2026-08-30T12:01:02Z,2026-08-30,2,19.2730,20.2000,0.9270,0.8593,0.5053,1
2026-08-31,climatology,2026-08-31T14:05:50Z,2026-08-31,1,19.3132,20.2000,0.8868,0.7864,0.4800,1
2026-08-31,persistence,2026-08-25T07:13:22Z,2026-08-25,7,20.7000,20.2000,0.5000,0.2500,0.5689,1
2026-08-31,persistence,2026-08-26T07:13:19Z,2026-08-26,6,22.0000,20.2000,1.8000,3.2400,0.6927,1
2026-08-31,persistence,2026-08-27T17:41:46Z,2026-08-27,5,24.5000,20.2000,4.3000,18.4900,1.4744,1
2026-08-31,persistence,2026-08-28T18:49:45Z,2026-08-28,4,22.9000,20.2000,2.7000,7.2900,0.9151,1
2026-08-31,persistence,2026-08-29T12:44:34Z,2026-08-29,3,19.9000,20.2000,0.3000,0.0900,0.4369,1
2026-08-31,persistence,2026-08-30T12:01:02Z,2026-08-30,2,19.5000,20.2000,0.7000,0.4900,0.4111,1
2026-08-31,persistence,2026-08-31T14:05:50Z,2026-08-31,1,20.8000,20.2000,0.6000,0.3600,0.2833,1
2026-08-31,seasonal_naive,2026-08-25T07:13:22Z,2026-08-25,7,18.8000,20.2000,1.4000,1.9600,,
2026-08-31,seasonal_naive,2026-08-26T07:13:19Z,2026-08-26,6,18.8000,20.2000,1.4000,1.9600,,
2026-08-31,seasonal_naive,2026-08-27T17:41:46Z,2026-08-27,5,18.8000,20.2000,1.4000,1.9600,,
2026-08-31,seasonal_naive,2026-08-28T18:49:45Z,2026-08-28,4,18.8000,20.2000,1.4000,1.9600,,
2026-08-31,seasonal_naive,2026-08-29T12:44:34Z,2026-08-29,3,18.8000,20.2000,1.4000,1.9600,,
2026-08-31,seasonal_naive,2026-08-30T12:01:02Z,2026-08-30,2,18.8000,20.2000,1.4000,1.9600,,
2026-08-31,seasonal_naive,2026-08-31T14:05:50Z,2026-08-31,1,18.8000,20.2000,1.4000,1.9600,,
2026-08-31,tabicl,2026-08-25T07:13:22Z,2026-08-25,7,22.2668,20.2000,2.0668,4.2717,0.6231,1
2026-08-31,tabicl,2026-08-26T07:13:19Z,2026-08-26,6,23.4435,20.2000,3.2435,10.5203,1.0027,1
2026-08-31,tabicl,2026-08-27T17:41:46Z,2026-08-27,5,25.3196,20.2000,5.1196,26.2103,1.8076,0
2026-08-31,tabicl,2026-08-28T18:49:45Z,2026-08-28,4,22.8948,20.2000,2.6948,7.2619,0.8785,1
2026-08-31,tabicl,2026-08-29T12:44:34Z,2026-08-29,3,21.1812,20.2000,0.9812,0.9628,0.4350,1
2026-08-31,tabicl,2026-08-30T12:01:02Z,2026-08-30,2,20.5403,20.2000,0.3403,0.1158,0.3335,1
2026-08-31,tabicl,2026-08-31T14:05:50Z,2026-08-31,1,20.7923,20.2000,0.5923,0.3508,0.2994,1
2026-09-01,climatology,2026-08-26T07:13:19Z,2026-08-26,7,19.0121,19.6000,0.5879,0.3456,0.4191,1
2026-09-01,climatology,2026-08-27T17:41:46Z,2026-08-27,6,19.0121,19.6000,0.5879,0.3456,0.4191,1
2026-09-01,climatology,2026-08-28T18:49:45Z,2026-08-28,5,19.1265,19.6000,0.4735,0.2242,0.4271,1
2026-09-01,climatology,2026-08-29T12:44:34Z,2026-08-29,4,19.1486,19.6000,0.4514,0.2038,0.4116,1
2026-09-01,climatology,2026-08-30T12:01:02Z,2026-08-30,3,19.1583,19.6000,0.4417,0.1951,0.3983,1
2026-09-01,climatology,2026-08-31T14:05:50Z,2026-08-31,2,19.2027,19.6000,0.3973,0.1578,0.3882,1
2026-09-01,climatology,2026-09-01T11:47:50Z,2026-09-01,1,19.2289,19.6000,0.3711,0.1377,0.3566,1
2026-09-01,persistence,2026-08-26T07:13:19Z,2026-08-26,7,22.0000,19.6000,2.4000,5.7600,0.8272,1
2026-09-01,persistence,2026-08-27T17:41:46Z,2026-08-27,6,24.5000,19.6000,4.9000,24.0100,1.7020,1
2026-09-01,persistence,2026-08-28T18:49:45Z,2026-08-28,5,22.9000,19.6000,3.3000,10.8900,1.0983,1
2026-09-01,persistence,2026-08-29T12:44:34Z,2026-08-29,4,19.9000,19.6000,0.3000,0.0900,0.5036,1
2026-09-01,persistence,2026-08-30T12:01:02Z,2026-08-30,3,19.5000,19.6000,0.1000,0.0100,0.4294,1
2026-09-01,persistence,2026-08-31T14:05:50Z,2026-08-31,2,20.8000,19.6000,1.2000,1.4400,0.4943,1
2026-09-01,persistence,2026-09-01T11:47:50Z,2026-09-01,1,20.2000,19.6000,0.6000,0.3600,0.2833,1
2026-09-01,seasonal_naive,2026-08-26T07:13:19Z,2026-08-26,7,16.9000,19.6000,2.7000,7.2900,,
2026-09-01,seasonal_naive,2026-08-27T17:41:46Z,2026-08-27,6,16.9000,19.6000,2.7000,7.2900,,
2026-09-01,seasonal_naive,2026-08-28T18:49:45Z,2026-08-28,5,16.9000,19.6000,2.7000,7.2900,,
2026-09-01,seasonal_naive,2026-08-29T12:44:34Z,2026-08-29,4,16.9000,19.6000,2.7000,7.2900,,
2026-09-01,seasonal_naive,2026-08-30T12:01:02Z,2026-08-30,3,16.9000,19.6000,2.7000,7.2900,,
2026-09-01,seasonal_naive,2026-08-31T14:05:50Z,2026-08-31,2,16.9000,19.6000,2.7000,7.2900,,
2026-09-01,seasonal_naive,2026-09-01T11:47:50Z,2026-09-01,1,16.9000,19.6000,2.7000,7.2900,,
2026-09-01,tabicl,2026-08-26T07:13:19Z,2026-08-26,7,22.5813,19.6000,2.9813,8.8881,0.8924,1
2026-09-01,tabicl,2026-08-27T17:41:46Z,2026-08-27,6,23.9780,19.6000,4.3780,19.1669,1.4603,1
2026-09-01,tabicl,2026-08-28T18:49:45Z,2026-08-28,5,22.0716,19.6000,2.4716,6.1088,0.8059,1
2026-09-01,tabicl,2026-08-29T12:44:34Z,2026-08-29,4,20.7366,19.6000,1.1366,1.2919,0.5002,1
2026-09-01,tabicl,2026-08-30T12:01:02Z,2026-08-30,3,20.2049,19.6000,0.6049,0.3659,0.4051,1
2026-09-01,tabicl,2026-08-31T14:05:50Z,2026-08-31,2,20.4448,19.6000,0.8448,0.7137,0.3689,1
2026-09-01,tabicl,2026-09-01T11:47:50Z,2026-09-01,1,20.0545,19.6000,0.4545,0.2066,0.2748,1
2026-09-02,climatology,2026-08-27T17:41:46Z,2026-08-27,7,19.1545,20.5000,1.3455,1.8104,0.5644,1
2026-09-02,climatology,2026-08-28T18:49:45Z,2026-08-28,6,19.1545,20.5000,1.3455,1.8104,0.5644,1
2026-09-02,climatology,2026-08-29T12:44:34Z,2026-08-29,5,19.1765,20.5000,1.3235,1.7517,0.5500,1
2026-09-02,climatology,2026-08-30T12:01:02Z,2026-08-30,4,19.1857,20.5000,1.3143,1.7274,0.5304,1
2026-09-02,climatology,2026-08-31T14:05:50Z,2026-08-31,3,19.2306,20.5000,1.2694,1.6114,0.5150,1
2026-09-02,climatology,2026-09-01T11:47:50Z,2026-09-01,2,19.2568,20.5000,1.2432,1.5455,0.4778,1
2026-09-02,climatology,2026-09-02T11:28:28Z,2026-09-02,1,19.2658,20.5000,1.2342,1.5232,0.4640,1
2026-09-02,persistence,2026-08-27T17:41:46Z,2026-08-27,7,24.5000,20.5000,4.0000,16.0000,1.3244,1
2026-09-02,persistence,2026-08-28T18:49:45Z,2026-08-28,6,22.9000,20.5000,2.4000,5.7600,0.8458,1
2026-09-02,persistence,2026-08-29T12:44:34Z,2026-08-29,5,19.9000,20.5000,0.6000,0.3600,0.5251,1
2026-09-02,persistence,2026-08-30T12:01:02Z,2026-08-30,4,19.5000,20.5000,1.0000,1.0000,0.5309,1
2026-09-02,persistence,2026-08-31T14:05:50Z,2026-08-31,3,20.8000,20.5000,0.3000,0.0900,0.4433,1
2026-09-02,persistence,2026-09-01T11:47:50Z,2026-09-01,2,20.2000,20.5000,0.3000,0.0900,0.3887,1
2026-09-02,persistence,2026-09-02T11:28:28Z,2026-09-02,1,19.6000,20.5000,0.9000,0.8100,0.3333,1
2026-09-02,seasonal_naive,2026-08-27T17:41:46Z,2026-08-27,7,15.6000,20.5000,4.9000,24.0100,,
2026-09-02,seasonal_naive,2026-08-28T18:49:45Z,2026-08-28,6,15.6000,20.5000,4.9000,24.0100,,
2026-09-02,seasonal_naive,2026-08-29T12:44:34Z,2026-08-29,5,15.6000,20.5000,4.9000,24.0100,,
2026-09-02,seasonal_naive,2026-08-30T12:01:02Z,2026-08-30,4,15.6000,20.5000,4.9000,24.0100,,
2026-09-02,seasonal_naive,2026-08-31T14:05:50Z,2026-08-31,3,15.6000,20.5000,4.9000,24.0100,,
2026-09-02,seasonal_naive,2026-09-01T11:47:50Z,2026-09-01,2,15.6000,20.5000,4.9000,24.0100,,
2026-09-02,seasonal_naive,2026-09-02T11:28:28Z,2026-09-02,1,15.6000,20.5000,4.9000,24.0100,,
2026-09-02,tabicl,2026-08-27T17:41:46Z,2026-08-27,7,23.6457,20.5000,3.1457,9.8954,0.9970,1
2026-09-02,tabicl,2026-08-28T18:49:45Z,2026-08-28,6,21.5824,20.5000,1.0824,1.1716,0.4982,1
2026-09-02,tabicl,2026-08-29T12:44:34Z,2026-08-29,5,20.4646,20.5000,0.0354,0.0013,0.4058,1
2026-09-02,tabicl,2026-08-30T12:01:02Z,2026-08-30,4,20.1946,20.5000,0.3054,0.0933,0.4122,1
2026-09-02,tabicl,2026-08-31T14:05:50Z,2026-08-31,3,20.4512,20.5000,0.0488,0.0024,0.3527,1
2026-09-02,tabicl,2026-09-01T11:47:50Z,2026-09-01,2,19.8774,20.5000,0.6226,0.3876,0.3347,1
2026-09-02,tabicl,2026-09-02T11:28:28Z,2026-09-02,1,19.6636,20.5000,0.8364,0.6996,0.3137,1
2026-09-03,climatology,2026-08-28T18:49:45Z,2026-08-28,7,19.4121,22.9000,3.4879,12.1654,1.2631,1
2026-09-03,climatology,2026-08-29T12:44:34Z,2026-08-29,6,19.4121,22.9000,3.4879,12.1654,1.2631,1
2026-09-03,climatology,2026-08-30T12:01:02Z,2026-08-30,5,19.4147,22.9000,3.4853,12.1473,1.2774,1
2026-09-03,climatology,2026-08-31T14:05:50Z,2026-08-31,4,19.4543,22.9000,3.4457,11.8728,1.2731,1
2026-09-03,climatology,2026-09-01T11:47:50Z,2026-09-01,3,19.4750,22.9000,3.4250,11.7306,1.2633,1
2026-09-03,climatology,2026-09-02T11:28:28Z,2026-09-02,2,19.4784,22.9000,3.4216,11.7073,1.2620,0
2026-09-03,climatology,2026-09-03T11:25:26Z,2026-09-03,1,19.5053,22.9000,3.3947,11.5240,1.2438,0
2026-09-03,persistence,2026-08-28T18:49:45Z,2026-08-28,7,22.9000,22.9000,0.0000,0.0000,0.5393,1
2026-09-03,persistence,2026-08-29T12:44:34Z,2026-08-29,6,19.9000,22.9000,3.0000,9.0000,0.9894,1
2026-09-03,persistence,2026-08-30T12:01:02Z,2026-08-30,5,19.5000,22.9000,3.4000,11.5600,1.0911,1
2026-09-03,persistence,2026-08-31T14:05:50Z,2026-08-31,4,20.8000,22.9000,2.1000,4.4100,0.7138,1
2026-09-03,persistence,2026-09-01T11:47:50Z,2026-09-01,3,20.2000,22.9000,2.7000,7.2900,0.8738,1
2026-09-03,persistence,2026-09-02T11:28:28Z,2026-09-02,2,19.6000,22.9000,3.3000,10.8900,1.0997,1
2026-09-03,persistence,2026-09-03T11:25:26Z,2026-09-03,1,20.5000,22.9000,2.4000,5.7600,0.8278,1
2026-09-03,seasonal_naive,2026-08-28T18:49:45Z,2026-08-28,7,19.5000,22.9000,3.4000,11.5600,,
2026-09-03,seasonal_naive,2026-08-29T12:44:34Z,2026-08-29,6,19.5000,22.9000,3.4000,11.5600,,
2026-09-03,seasonal_naive,2026-08-30T12:01:02Z,2026-08-30,5,19.5000,22.9000,3.4000,11.5600,,
2026-09-03,seasonal_naive,2026-08-31T14:05:50Z,2026-08-31,4,19.5000,22.9000,3.4000,11.5600,,
2026-09-03,seasonal_naive,2026-09-01T11:47:50Z,2026-09-01,3,19.5000,22.9000,3.4000,11.5600,,
2026-09-03,seasonal_naive,2026-09-02T11:28:28Z,2026-09-02,2,19.5000,22.9000,3.4000,11.5600,,
2026-09-03,seasonal_naive,2026-09-03T11:25:26Z,2026-09-03,1,19.5000,22.9000,3.4000,11.5600,,
2026-09-03,tabicl,2026-08-28T18:49:45Z,2026-08-28,7,21.2069,22.9000,1.6931,2.8666,0.6175,1
2026-09-03,tabicl,2026-08-29T12:44:34Z,2026-08-29,6,20.0083,22.9000,2.8917,8.3619,0.9216,1
2026-09-03,tabicl,2026-08-30T12:01:02Z,2026-08-30,5,19.9250,22.9000,2.9750,8.8506,0.9558,1
2026-09-03,tabicl,2026-08-31T14:05:50Z,2026-08-31,4,20.2946,22.9000,2.6054,6.7881,0.8779,1
2026-09-03,tabicl,2026-09-01T11:47:50Z,2026-09-01,3,19.7447,22.9000,3.1553,9.9559,1.1158,1
2026-09-03,tabicl,2026-09-02T11:28:28Z,2026-09-02,2,19.4878,22.9000,3.4122,11.6431,1.3038,0
2026-09-03,tabicl,2026-09-03T11:25:26Z,2026-09-03,1,20.5674,22.9000,2.3326,5.4410,0.8412,0
2026-09-04,climatology,2026-08-29T12:44:34Z,2026-08-29,7,19.5727,23.9000,4.3273,18.7255,1.6160,0
2026-09-04,climatology,2026-08-30T12:01:02Z,2026-08-30,6,19.5727,23.9000,4.3273,18.7255,1.6160,0
2026-09-04,climatology,2026-08-31T14:05:50Z,2026-08-31,5,19.6088,23.9000,4.2912,18.4144,1.5984,0
2026-09-04,climatology,2026-09-01T11:47:50Z,2026-09-01,4,19.6257,23.9000,4.2743,18.2696,1.5896,0
2026-09-04,climatology,2026-09-02T11:28:28Z,2026-09-02,3,19.6250,23.9000,4.2750,18.2756,1.5989,0
2026-09-04,climatology,2026-09-03T11:25:26Z,2026-09-03,2,19.6486,23.9000,4.2514,18.0744,1.6069,0
2026-09-04,climatology,2026-09-04T11:28:01Z,2026-09-04,1,19.7342,23.9000,4.1658,17.3539,1.5747,0
2026-09-04,persistence,2026-08-29T12:44:34Z,2026-08-29,7,19.9000,23.9000,4.0000,16.0000,1.3107,1
2026-09-04,persistence,2026-08-30T12:01:02Z,2026-08-30,6,19.5000,23.9000,4.4000,19.3600,1.4549,1
2026-09-04,persistence,2026-08-31T14:05:50Z,2026-08-31,5,20.8000,23.9000,3.1000,9.6100,1.0078,1
2026-09-04,persistence,2026-09-01T11:47:50Z,2026-09-01,4,20.2000,23.9000,3.7000,13.6900,1.2133,1
2026-09-04,persistence,2026-09-02T11:28:28Z,2026-09-02,3,19.6000,23.9000,4.3000,18.4900,1.4598,1
2026-09-04,persistence,2026-09-03T11:25:26Z,2026-09-03,2,20.5000,23.9000,3.4000,11.5600,1.1400,1
2026-09-04,persistence,2026-09-04T11:28:01Z,2026-09-04,1,22.9000,23.9000,1.0000,1.0000,0.3500,1
2026-09-04,seasonal_naive,2026-08-29T12:44:34Z,2026-08-29,7,17.6000,23.9000,6.3000,39.6900,,
2026-09-04,seasonal_naive,2026-08-30T12:01:02Z,2026-08-30,6,17.6000,23.9000,6.3000,39.6900,,
2026-09-04,seasonal_naive,2026-08-31T14:05:50Z,2026-08-31,5,17.6000,23.9000,6.3000,39.6900,,
2026-09-04,seasonal_naive,2026-09-01T11:47:50Z,2026-09-01,4,17.6000,23.9000,6.3000,39.6900,,
2026-09-04,seasonal_naive,2026-09-02T11:28:28Z,2026-09-02,3,17.6000,23.9000,6.3000,39.6900,,
2026-09-04,seasonal_naive,2026-09-03T11:25:26Z,2026-09-03,2,17.6000,23.9000,6.3000,39.6900,,
2026-09-04,seasonal_naive,2026-09-04T11:28:01Z,2026-09-04,1,17.6000,23.9000,6.3000,39.6900,,
2026-09-04,tabicl,2026-08-29T12:44:34Z,2026-08-29,7,19.5986,23.9000,4.3014,18.5020,1.4673,1
2026-09-04,tabicl,2026-08-30T12:01:02Z,2026-08-30,6,19.6080,23.9000,4.2920,18.4213,1.4690,1
2026-09-04,tabicl,2026-08-31T14:05:50Z,2026-08-31,5,20.1291,23.9000,3.7709,14.2197,1.3196,1
2026-09-04,tabicl,2026-09-01T11:47:50Z,2026-09-01,4,19.7468,23.9000,4.1532,17.2491,1.5512,0
2026-09-04,tabicl,2026-09-02T11:28:28Z,2026-09-02,3,19.2765,23.9000,4.6235,21.3768,1.8495,0
2026-09-04,tabicl,2026-09-03T11:25:26Z,2026-09-03,2,20.3462,23.9000,3.5538,12.6295,1.3790,0
2026-09-04,tabicl,2026-09-04T11:28:01Z,2026-09-04,1,22.7033,23.9000,1.1967,1.4321,0.4112,1
2026-09-05,climatology,2026-08-30T12:01:02Z,2026-08-30,7,19.7000,20.5000,0.8000,0.6400,0.5862,1
2026-09-05,climatology,2026-08-31T14:05:50Z,2026-08-31,6,19.7000,20.5000,0.8000,0.6400,0.5862,1
2026-09-05,climatology,2026-09-01T11:47:50Z,2026-09-01,5,19.7147,20.5000,0.7853,0.6167,0.5443,1
2026-09-05,climatology,2026-09-02T11:28:28Z,2026-09-02,4,19.7114,20.5000,0.7886,0.6219,0.5369,1
2026-09-05,climatology,2026-09-03T11:25:26Z,2026-09-03,3,19.7333,20.5000,0.7667,0.5878,0.5072,1
2026-09-05,climatology,2026-09-04T11:28:01Z,2026-09-04,2,19.8189,20.5000,0.6811,0.4639,0.5002,1
2026-09-05,climatology,2026-09-05T10:44:54Z,2026-09-05,1,19.9263,20.5000,0.5737,0.3291,0.4954,1
2026-09-05,persistence,2026-08-30T12:01:02Z,2026-08-30,7,19.5000,20.5000,1.0000,1.0000,0.5861,1
2026-09-05,persistence,2026-08-31T14:05:50Z,2026-08-31,6,20.8000,20.5000,0.3000,0.0900,0.5262,1
2026-09-05,persistence,2026-09-01T11:47:50Z,2026-09-01,5,20.2000,20.5000,0.3000,0.0900,0.5078,1
2026-09-05,persistence,2026-09-02T11:28:28Z,2026-09-02,4,19.6000,20.5000,0.9000,0.8100,0.5233,1
2026-09-05,persistence,2026-09-03T11:25:26Z,2026-09-03,3,20.5000,20.5000,0.0000,0.0000,0.4291,1
2026-09-05,persistence,2026-09-04T11:28:01Z,2026-09-04,2,22.9000,20.5000,2.4000,5.7600,0.7828,1
2026-09-05,persistence,2026-09-05T10:44:54Z,2026-09-05,1,23.9000,20.5000,3.4000,11.5600,1.3167,0
2026-09-05,seasonal_naive,2026-08-30T12:01:02Z,2026-08-30,7,16.6000,20.5000,3.9000,15.2100,,
2026-09-05,seasonal_naive,2026-08-31T14:05:50Z,2026-08-31,6,16.6000,20.5000,3.9000,15.2100,,
2026-09-05,seasonal_naive,2026-09-01T11:47:50Z,2026-09-01,5,16.6000,20.5000,3.9000,15.2100,,
2026-09-05,seasonal_naive,2026-09-02T11:28:28Z,2026-09-02,4,16.6000,20.5000,3.9000,15.2100,,
2026-09-05,seasonal_naive,2026-09-03T11:25:26Z,2026-09-03,3,16.6000,20.5000,3.9000,15.2100,,
2026-09-05,seasonal_naive,2026-09-04T11:28:01Z,2026-09-04,2,16.6000,20.5000,3.9000,15.2100,,
2026-09-05,seasonal_naive,2026-09-05T10:44:54Z,2026-09-05,1,16.6000,20.5000,3.9000,15.2100,,
2026-09-05,tabicl,2026-08-30T12:01:02Z,2026-08-30,7,19.2588,20.5000,1.2412,1.5406,0.5262,1
2026-09-05,tabicl,2026-08-31T14:05:50Z,2026-08-31,6,19.9145,20.5000,0.5855,0.3428,0.4345,1
2026-09-05,tabicl,2026-09-01T11:47:50Z,2026-09-01,5,19.7833,20.5000,0.7167,0.5137,0.4058,1
2026-09-05,tabicl,2026-09-02T11:28:28Z,2026-09-02,4,19.1507,20.5000,1.3493,1.8206,0.4858,1
2026-09-05,tabicl,2026-09-03T11:25:26Z,2026-09-03,3,20.0503,20.5000,0.4497,0.2022,0.3088,1
2026-09-05,tabicl,2026-09-04T11:28:01Z,2026-09-04,2,22.2014,20.5000,1.7014,2.8948,0.5615,1
2026-09-05,tabicl,2026-09-05T10:44:54Z,2026-09-05,1,23.8404,20.5000,3.3404,11.1583,1.2786,0
2026-09-06,climatology,2026-08-31T14:05:50Z,2026-08-31,7,19.7424,21.7000,1.9576,3.8322,0.7729,1
2026-09-06,climatology,2026-09-01T11:47:50Z,2026-09-01,6,19.7424,21.7000,1.9576,3.8322,0.7729,1
2026-09-06,climatology,2026-09-02T11:28:28Z,2026-09-02,5,19.7382,21.7000,1.9618,3.8487,0.7750,1
2026-09-06,climatology,2026-09-03T11:25:26Z,2026-09-03,4,19.7600,21.7000,1.9400,3.7636,0.7589,1
2026-09-06,climatology,2026-09-04T11:28:01Z,2026-09-04,3,19.8472,21.7000,1.8528,3.4329,0.7178,1
2026-09-06,climatology,2026-09-05T10:44:54Z,2026-09-05,2,19.9568,21.7000,1.7432,3.0387,0.7233,1
2026-09-06,climatology,2026-09-06T11:05:59Z,2026-09-06,1,19.9711,21.7000,1.7289,2.9891,0.7079,1
2026-09-06,persistence,2026-08-31T14:05:50Z,2026-08-31,7,20.8000,21.7000,0.9000,0.8100,0.5822,1
2026-09-06,persistence,2026-09-01T11:47:50Z,2026-09-01,6,20.2000,21.7000,1.5000,2.2500,0.6496,1
2026-09-06,persistence,2026-09-02T11:28:28Z,2026-09-02,5,19.6000,21.7000,2.1000,4.4100,0.7300,1
2026-09-06,persistence,2026-09-03T11:25:26Z,2026-09-03,4,20.5000,21.7000,1.2000,1.4400,0.5611,1
2026-09-06,persistence,2026-09-04T11:28:01Z,2026-09-04,3,22.9000,21.7000,1.2000,1.4400,0.5429,1
2026-09-06,persistence,2026-09-05T10:44:54Z,2026-09-05,2,23.9000,21.7000,2.2000,4.8400,0.7271,1
2026-09-06,persistence,2026-09-06T11:05:59Z,2026-09-06,1,20.5000,21.7000,1.2000,1.4400,0.4058,1
2026-09-06,seasonal_naive,2026-08-31T14:05:50Z,2026-08-31,7,17.8000,21.7000,3.9000,15.2100,,
2026-09-06,seasonal_naive,2026-09-01T11:47:50Z,2026-09-01,6,17.8000,21.7000,3.9000,15.2100,,
2026-09-06,seasonal_naive,2026-09-02T11:28:28Z,2026-09-02,5,17.8000,21.7000,3.9000,15.2100,,
2026-09-06,seasonal_naive,2026-09-03T11:25:26Z,2026-09-03,4,17.8000,21.7000,3.9000,15.2100,,
2026-09-06,seasonal_naive,2026-09-04T11:28:01Z,2026-09-04,3,17.8000,21.7000,3.9000,15.2100,,
2026-09-06,seasonal_naive,2026-09-05T10:44:54Z,2026-09-05,2,17.8000,21.7000,3.9000,15.2100,,
2026-09-06,seasonal_naive,2026-09-06T11:05:59Z,2026-09-06,1,17.8000,21.7000,3.9000,15.2100,,
2026-09-06,tabicl,2026-08-31T14:05:50Z,2026-08-31,7,19.6325,21.7000,2.0675,4.2746,0.7298,1
2026-09-06,tabicl,2026-09-01T11:47:50Z,2026-09-01,6,19.6639,21.7000,2.0361,4.1457,0.7058,1
2026-09-06,tabicl,2026-09-02T11:28:28Z,2026-09-02,5,19.0621,21.7000,2.6379,6.9585,0.8867,1
2026-09-06,tabicl,2026-09-03T11:25:26Z,2026-09-03,4,19.7184,21.7000,1.9816,3.9267,0.6712,1
2026-09-06,tabicl,2026-09-04T11:28:01Z,2026-09-04,3,21.6169,21.7000,0.0831,0.0069,0.3717,1
2026-09-06,tabicl,2026-09-05T10:44:54Z,2026-09-05,2,23.5690,21.7000,1.8690,3.4932,0.6026,1
2026-09-06,tabicl,2026-09-06T11:05:59Z,2026-09-06,1,20.2453,21.7000,1.4547,2.1162,0.4902,1
2026-09-07,climatology,2026-09-01T11:47:50Z,2026-09-01,7,19.5455,24.2000,4.6545,21.6644,1.7002,1
2026-09-07,climatology,2026-09-02T11:28:28Z,2026-09-02,6,19.5455,24.2000,4.6545,21.6644,1.7002,1
2026-09-07,climatology,2026-09-03T11:25:26Z,2026-09-03,5,19.5735,24.2000,4.6265,21.4045,1.6782,1
2026-09-07,climatology,2026-09-04T11:28:01Z,2026-09-04,4,19.6686,24.2000,4.5314,20.5336,1.5564,1
2026-09-07,climatology,2026-09-05T10:44:54Z,2026-09-05,3,19.7861,24.2000,4.4139,19.4825,1.5083,1
2026-09-07,climatology,2026-09-06T11:05:59Z,2026-09-06,2,19.8054,24.2000,4.3946,19.3125,1.5022,1
2026-09-07,climatology,2026-09-07T12:45:44Z,2026-09-07,1,19.8553,24.2000,4.3447,18.8764,1.4804,1
2026-09-07,persistence,2026-09-01T11:47:50Z,2026-09-01,7,20.2000,24.2000,4.0000,16.0000,1.3164,1
2026-09-07,persistence,2026-09-02T11:28:28Z,2026-09-02,6,19.6000,24.2000,4.6000,21.1600,1.5381,1
2026-09-07,persistence,2026-09-03T11:25:26Z,2026-09-03,5,20.5000,24.2000,3.7000,13.6900,1.1856,1
2026-09-07,persistence,2026-09-04T11:28:01Z,2026-09-04,4,22.9000,24.2000,1.3000,1.6900,0.5797,1
2026-09-07,persistence,2026-09-05T10:44:54Z,2026-09-05,3,23.9000,24.2000,0.3000,0.0900,0.4372,1
2026-09-07,persistence,2026-09-06T11:05:59Z,2026-09-06,2,20.5000,24.2000,3.7000,13.6900,1.2548,1
2026-09-07,persistence,2026-09-07T12:45:44Z,2026-09-07,1,21.7000,24.2000,2.5000,6.2500,0.8668,1
2026-09-07,seasonal_naive,2026-09-01T11:47:50Z,2026-09-01,7,21.4000,24.2000,2.8000,7.8400,,
2026-09-07,seasonal_naive,2026-09-02T11:28:28Z,2026-09-02,6,21.4000,24.2000,2.8000,7.8400,,
2026-09-07,seasonal_naive,2026-09-03T11:25:26Z,2026-09-03,5,21.4000,24.2000,2.8000,7.8400,,
2026-09-07,seasonal_naive,2026-09-04T11:28:01Z,2026-09-04,4,21.4000,24.2000,2.8000,7.8400,,
2026-09-07,seasonal_naive,2026-09-05T10:44:54Z,2026-09-05,3,21.4000,24.2000,2.8000,7.8400,,
2026-09-07,seasonal_naive,2026-09-06T11:05:59Z,2026-09-06,2,21.4000,24.2000,2.8000,7.8400,,
2026-09-07,seasonal_naive,2026-09-07T12:45:44Z,2026-09-07,1,21.4000,24.2000,2.8000,7.8400,,
2026-09-07,tabicl,2026-09-01T11:47:50Z,2026-09-01,7,19.5276,24.2000,4.6724,21.8313,1.7045,0
2026-09-07,tabicl,2026-09-02T11:28:28Z,2026-09-02,6,18.9965,24.2000,5.2035,27.0764,2.0080,0
2026-09-07,tabicl,2026-09-03T11:25:26Z,2026-09-03,5,19.4670,24.2000,4.7330,22.4013,1.7808,0
2026-09-07,tabicl,2026-09-04T11:28:01Z,2026-09-04,4,20.9765,24.2000,3.2235,10.3910,1.1087,1
2026-09-07,tabicl,2026-09-05T10:44:54Z,2026-09-05,3,23.0396,24.2000,1.1604,1.3465,0.4927,1
2026-09-07,tabicl,2026-09-06T11:05:59Z,2026-09-06,2,20.1171,24.2000,4.0829,16.6701,1.5680,0
2026-09-07,tabicl,2026-09-07T12:45:44Z,2026-09-07,1,20.9584,24.2000,3.2416,10.5080,1.2181,0
2026-09-08,climatology,2026-09-02T11:28:28Z,2026-09-02,7,19.1121,21.4000,2.2879,5.2345,0.9069,1
2026-09-08,climatology,2026-09-03T11:25:26Z,2026-09-03,6,19.1121,21.4000,2.2879,5.2345,0.9069,1
2026-09-08,climatology,2026-09-04T11:28:01Z,2026-09-04,5,19.2235,21.4000,2.1765,4.7372,0.8642,1
2026-09-08,climatology,2026-09-05T10:44:54Z,2026-09-05,4,19.3571,21.4000,2.0429,4.1734,0.8649,1
2026-09-08,climatology,2026-09-06T11:05:59Z,2026-09-06,3,19.3889,21.4000,2.0111,4.0445,0.8256,1
2026-09-08,climatology,2026-09-07T12:45:44Z,2026-09-07,2,19.4514,21.4000,1.9486,3.7970,0.7880,1
2026-09-08,climatology,2026-09-08T11:28:12Z,2026-09-08,1,19.5763,21.4000,1.8237,3.3259,0.7562,1
2026-09-08,persistence,2026-09-02T11:28:28Z,2026-09-02,7,19.6000,21.4000,1.8000,3.2400,0.7178,1
2026-09-08,persistence,2026-09-03T11:25:26Z,2026-09-03,6,20.5000,21.4000,0.9000,0.8100,0.5733,1
2026-09-08,persistence,2026-09-04T11:28:01Z,2026-09-04,5,22.9000,21.4000,1.5000,2.2500,0.6522,1
2026-09-08,persistence,2026-09-05T10:44:54Z,2026-09-05,4,23.9000,21.4000,2.5000,6.2500,0.8578,1
2026-09-08,persistence,2026-09-06T11:05:59Z,2026-09-06,3,20.5000,21.4000,0.9000,0.8100,0.4687,1
2026-09-08,persistence,2026-09-07T12:45:44Z,2026-09-07,2,21.7000,21.4000,0.3000,0.0900,0.3880,1
2026-09-08,persistence,2026-09-08T11:28:12Z,2026-09-08,1,24.2000,21.4000,2.8000,7.8400,1.0167,0
2026-09-08,seasonal_naive,2026-09-02T11:28:28Z,2026-09-02,7,20.0000,21.4000,1.4000,1.9600,,
2026-09-08,seasonal_naive,2026-09-03T11:25:26Z,2026-09-03,6,20.0000,21.4000,1.4000,1.9600,,
2026-09-08,seasonal_naive,2026-09-04T11:28:01Z,2026-09-04,5,20.0000,21.4000,1.4000,1.9600,,
2026-09-08,seasonal_naive,2026-09-05T10:44:54Z,2026-09-05,4,20.0000,21.4000,1.4000,1.9600,,
2026-09-08,seasonal_naive,2026-09-06T11:05:59Z,2026-09-06,3,20.0000,21.4000,1.4000,1.9600,,
2026-09-08,seasonal_naive,2026-09-07T12:45:44Z,2026-09-07,2,20.0000,21.4000,1.4000,1.9600,,
2026-09-08,seasonal_naive,2026-09-08T11:28:12Z,2026-09-08,1,20.0000,21.4000,1.4000,1.9600,,
2026-09-08,tabicl,2026-09-02T11:28:28Z,2026-09-02,7,18.9485,21.4000,2.4515,6.0099,0.8141,1
2026-09-08,tabicl,2026-09-03T11:25:26Z,2026-09-03,6,19.2803,21.4000,2.1197,4.4931,0.7241,1
2026-09-08,tabicl,2026-09-04T11:28:01Z,2026-09-04,5,20.5989,21.4000,0.8011,0.6418,0.4800,1
2026-09-08,tabicl,2026-09-05T10:44:54Z,2026-09-05,4,22.5257,21.4000,1.1257,1.2672,0.4947,1
2026-09-08,tabicl,2026-09-06T11:05:59Z,2026-09-06,3,20.0165,21.4000,1.3835,1.9141,0.4908,1
2026-09-08,tabicl,2026-09-07T12:45:44Z,2026-09-07,2,20.7245,21.4000,0.6755,0.4563,0.3356,1
2026-09-08,tabicl,2026-09-08T11:28:12Z,2026-09-08,1,23.5091,21.4000,2.1091,4.4483,0.6942,1
2026-09-09,climatology,2026-09-03T11:25:26Z,2026-09-03,7,18.6000,17.0000,1.6000,2.5600,0.4920,1
2026-09-09,climatology,2026-09-04T11:28:01Z,2026-09-04,6,18.6000,17.0000,1.6000,2.5600,0.4920,1
2026-09-09,climatology,2026-09-05T10:44:54Z,2026-09-05,5,18.7559,17.0000,1.7559,3.0832,0.5177,1
2026-09-09,climatology,2026-09-06T11:05:59Z,2026-09-06,4,18.8057,17.0000,1.8057,3.2606,0.5584,1
2026-09-09,climatology,2026-09-07T12:45:44Z,2026-09-07,3,18.8861,17.0000,1.8861,3.5574,0.5989,1
2026-09-09,climatology,2026-09-08T11:28:12Z,2026-09-08,2,19.0297,17.0000,2.0297,4.1197,0.6427,1
2026-09-09,climatology,2026-09-09T11:33:48Z,2026-09-09,1,19.0921,17.0000,2.0921,4.3769,0.6591,1
2026-09-09,persistence,2026-09-03T11:25:26Z,2026-09-03,7,20.5000,17.0000,3.5000,12.2500,1.1318,1
2026-09-09,persistence,2026-09-04T11:28:01Z,2026-09-04,6,22.9000,17.0000,5.9000,34.8100,2.1143,0
2026-09-09,persistence,2026-09-05T10:44:54Z,2026-09-05,5,23.9000,17.0000,6.9000,47.6100,2.6526,0
2026-09-09,persistence,2026-09-06T11:05:59Z,2026-09-06,4,20.5000,17.0000,3.5000,12.2500,1.1572,1
2026-09-09,persistence,2026-09-07T12:45:44Z,2026-09-07,3,21.7000,17.0000,4.7000,22.0900,1.6642,0
2026-09-09,persistence,2026-09-08T11:28:12Z,2026-09-08,2,24.2000,17.0000,7.2000,51.8400,3.0146,0
2026-09-09,persistence,2026-09-09T11:33:48Z,2026-09-09,1,21.4000,17.0000,4.4000,19.3600,1.8077,0
2026-09-09,seasonal_naive,2026-09-03T11:25:26Z,2026-09-03,7,17.6000,17.0000,0.6000,0.3600,,
2026-09-09,seasonal_naive,2026-09-04T11:28:01Z,2026-09-04,6,17.6000,17.0000,0.6000,0.3600,,
2026-09-09,seasonal_naive,2026-09-05T10:44:54Z,2026-09-05,5,17.6000,17.0000,0.6000,0.3600,,
2026-09-09,seasonal_naive,2026-09-06T11:05:59Z,2026-09-06,4,17.6000,17.0000,0.6000,0.3600,,
2026-09-09,seasonal_naive,2026-09-07T12:45:44Z,2026-09-07,3,17.6000,17.0000,0.6000,0.3600,,
2026-09-09,seasonal_naive,2026-09-08T11:28:12Z,2026-09-08,2,17.6000,17.0000,0.6000,0.3600,,
2026-09-09,seasonal_naive,2026-09-09T11:33:48Z,2026-09-09,1,17.6000,17.0000,0.6000,0.3600,,
2026-09-09,tabicl,2026-09-03T11:25:26Z,2026-09-03,7,19.1475,17.0000,2.1475,4.6118,0.7197,1
2026-09-09,tabicl,2026-09-04T11:28:01Z,2026-09-04,6,20.4736,17.0000,3.4736,12.0659,1.1200,1
2026-09-09,tabicl,2026-09-05T10:44:54Z,2026-09-05,5,22.1423,17.0000,5.1423,26.4432,1.8035,0
2026-09-09,tabicl,2026-09-06T11:05:59Z,2026-09-06,4,20.0199,17.0000,3.0199,9.1198,1.0241,1
2026-09-09,tabicl,2026-09-07T12:45:44Z,2026-09-07,3,20.5661,17.0000,3.5661,12.7171,1.2764,0
2026-09-09,tabicl,2026-09-08T11:28:12Z,2026-09-08,2,22.9868,17.0000,5.9868,35.8418,2.4034,0
2026-09-09,tabicl,2026-09-09T11:33:48Z,2026-09-09,1,21.2003,17.0000,4.2003,17.6425,1.6843,0
2026-09-10,climatology,2026-09-04T11:28:01Z,2026-09-04,7,18.2667,16.6000,1.6667,2.7779,0.4936,1
2026-09-10,climatology,2026-09-05T10:44:54Z,2026-09-05,6,18.2667,16.6000,1.6667,2.7779,0.4936,1
2026-09-10,climatology,2026-09-06T11:05:59Z,2026-09-06,5,18.3324,16.6000,1.7324,3.0012,0.5069,1
2026-09-10,climatology,2026-09-07T12:45:44Z,2026-09-07,4,18.4286,16.6000,1.8286,3.3438,0.5360,1
2026-09-10,climatology,2026-09-08T11:28:12Z,2026-09-08,3,18.5889,16.6000,1.9889,3.9557,0.5800,1
2026-09-10,climatology,2026-09-09T11:33:48Z,2026-09-09,2,18.6649,16.6000,2.0649,4.2638,0.6211,1
2026-09-10,climatology,2026-09-10T11:31:07Z,2026-09-10,1,18.6211,16.6000,2.0211,4.0848,0.5863,1
2026-09-10,persistence,2026-09-04T11:28:01Z,2026-09-04,7,22.9000,16.6000,6.3000,39.6900,2.2789,0
2026-09-10,persistence,2026-09-05T10:44:54Z,2026-09-05,6,23.9000,16.6000,7.3000,53.2900,2.8211,0
2026-09-10,persistence,2026-09-06T11:05:59Z,2026-09-06,5,20.5000,16.6000,3.9000,15.2100,1.3189,1
2026-09-10,persistence,2026-09-07T12:45:44Z,2026-09-07,4,21.7000,16.6000,5.1000,26.0100,1.7887,0
2026-09-10,persistence,2026-09-08T11:28:12Z,2026-09-08,3,24.2000,16.6000,7.6000,57.7600,3.1193,0
2026-09-10,persistence,2026-09-09T11:33:48Z,2026-09-09,2,21.4000,16.6000,4.8000,23.0400,1.8156,0
2026-09-10,persistence,2026-09-10T11:31:07Z,2026-09-10,1,17.0000,16.6000,0.4000,0.1600,0.2622,1
2026-09-10,seasonal_naive,2026-09-04T11:28:01Z,2026-09-04,7,16.4000,16.6000,0.2000,0.0400,,
2026-09-10,seasonal_naive,2026-09-05T10:44:54Z,2026-09-05,6,16.4000,16.6000,0.2000,0.0400,,
2026-09-10,seasonal_naive,2026-09-06T11:05:59Z,2026-09-06,5,16.4000,16.6000,0.2000,0.0400,,
2026-09-10,seasonal_naive,2026-09-07T12:45:44Z,2026-09-07,4,16.4000,16.6000,0.2000,0.0400,,
2026-09-10,seasonal_naive,2026-09-08T11:28:12Z,2026-09-08,3,16.4000,16.6000,0.2000,0.0400,,
2026-09-10,seasonal_naive,2026-09-09T11:33:48Z,2026-09-09,2,16.4000,16.6000,0.2000,0.0400,,
2026-09-10,seasonal_naive,2026-09-10T11:31:07Z,2026-09-10,1,16.4000,16.6000,0.2000,0.0400,,
2026-09-10,tabicl,2026-09-04T11:28:01Z,2026-09-04,7,20.3497,16.6000,3.7497,14.0603,1.2182,1
2026-09-10,tabicl,2026-09-05T10:44:54Z,2026-09-05,6,21.8326,16.6000,5.2326,27.3801,1.8006,0
2026-09-10,tabicl,2026-09-06T11:05:59Z,2026-09-06,5,20.0479,16.6000,3.4479,11.8880,1.1844,1
2026-09-10,tabicl,2026-09-07T12:45:44Z,2026-09-07,4,20.4399,16.6000,3.8399,14.7448,1.3741,0
2026-09-10,tabicl,2026-09-08T11:28:12Z,2026-09-08,3,22.4966,16.6000,5.8966,34.7699,2.2846,0
2026-09-10,tabicl,2026-09-09T11:33:48Z,2026-09-09,2,21.0528,16.6000,4.4528,19.8274,1.7363,0
2026-09-10,tabicl,2026-09-10T11:31:07Z,2026-09-10,1,17.0819,16.6000,0.4819,0.2322,0.2729,1
2026-09-11,climatology,2026-09-05T10:44:54Z,2026-09-05,7,17.8727,19.6000,1.7273,2.9836,0.7551,1
2026-09-11,climatology,2026-09-06T11:05:59Z,2026-09-06,6,17.8727,19.6000,1.7273,2.9836,0.7551,1
2026-09-11,climatology,2026-09-07T12:45:44Z,2026-09-07,5,17.9853,19.6000,1.6147,2.6073,0.7304,1
2026-09-11,climatology,2026-09-08T11:28:12Z,2026-09-08,4,18.1629,19.6000,1.4371,2.0653,0.7282,1
2026-09-11,climatology,2026-09-09T11:33:48Z,2026-09-09,3,18.2528,19.6000,1.3472,1.8149,0.6783,1
2026-09-11,climatology,2026-09-10T11:31:07Z,2026-09-10,2,18.2189,19.6000,1.3811,1.9074,0.6907,1
2026-09-11,climatology,2026-09-11T11:32:53Z,2026-09-11,1,18.1763,19.6000,1.4237,2.0269,0.7042,1
2026-09-11,persistence,2026-09-05T10:44:54Z,2026-09-05,7,23.9000,19.6000,4.3000,18.4900,1.4456,1
2026-09-11,persistence,2026-09-06T11:05:59Z,2026-09-06,6,20.5000,19.6000,0.9000,0.8100,0.5583,1
2026-09-11,persistence,2026-09-07T12:45:44Z,2026-09-07,5,21.7000,19.6000,2.1000,4.4100,0.7633,1
2026-09-11,persistence,2026-09-08T11:28:12Z,2026-09-08,4,24.2000,19.6000,4.6000,21.1600,1.5898,1
2026-09-11,persistence,2026-09-09T11:33:48Z,2026-09-09,3,21.4000,19.6000,1.8000,3.2400,0.6574,1
2026-09-11,persistence,2026-09-10T11:31:07Z,2026-09-10,2,17.0000,19.6000,2.6000,6.7600,0.8277,1
2026-09-11,persistence,2026-09-11T11:32:53Z,2026-09-11,1,16.6000,19.6000,3.0000,9.0000,1.1067,0
2026-09-11,seasonal_naive,2026-09-05T10:44:54Z,2026-09-05,7,15.9000,19.6000,3.7000,13.6900,,
2026-09-11,seasonal_naive,2026-09-06T11:05:59Z,2026-09-06,6,15.9000,19.6000,3.7000,13.6900,,
2026-09-11,seasonal_naive,2026-09-07T12:45:44Z,2026-09-07,5,15.9000,19.6000,3.7000,13.6900,,
2026-09-11,seasonal_naive,2026-09-08T11:28:12Z,2026-09-08,4,15.9000,19.6000,3.7000,13.6900,,
2026-09-11,seasonal_naive,2026-09-09T11:33:48Z,2026-09-09,3,15.9000,19.6000,3.7000,13.6900,,
2026-09-11,seasonal_naive,2026-09-10T11:31:07Z,2026-09-10,2,15.9000,19.6000,3.7000,13.6900,,
2026-09-11,seasonal_naive,2026-09-11T11:32:53Z,2026-09-11,1,15.9000,19.6000,3.7000,13.6900,,
2026-09-11,tabicl,2026-09-05T10:44:54Z,2026-09-05,7,21.8858,19.6000,2.2858,5.2249,0.7744,1
2026-09-11,tabicl,2026-09-06T11:05:59Z,2026-09-06,6,20.0960,19.6000,0.4960,0.2460,0.4183,1
2026-09-11,tabicl,2026-09-07T12:45:44Z,2026-09-07,5,20.4191,19.6000,0.8191,0.6709,0.4076,1
2026-09-11,tabicl,2026-09-08T11:28:12Z,2026-09-08,4,22.1922,19.6000,2.5922,6.7195,0.8219,1
2026-09-11,tabicl,2026-09-09T11:33:48Z,2026-09-09,3,21.0437,19.6000,1.4437,2.0843,0.4987,1
2026-09-11,tabicl,2026-09-10T11:31:07Z,2026-09-10,2,17.0896,19.6000,2.5104,6.3021,0.8274,1
2026-09-11,tabicl,2026-09-11T11:32:53Z,2026-09-11,1,16.9895,19.6000,2.6105,6.8147,0.9492,0
2026-09-12,climatology,2026-09-06T11:05:59Z,2026-09-06,7,17.6667,20.4000,2.7333,7.4709,1.0367,1
2026-09-12,climatology,2026-09-07T12:45:44Z,2026-09-07,6,17.6667,20.4000,2.7333,7.4709,1.0367,1
2026-09-12,climatology,2026-09-08T11:28:12Z,2026-09-08,5,17.8588,20.4000,2.5412,6.4577,0.9717,1
2026-09-12,climatology,2026-09-09T11:33:48Z,2026-09-09,4,17.9600,20.4000,2.4400,5.9536,0.9531,1
2026-09-12,climatology,2026-09-10T11:31:07Z,2026-09-10,3,17.9333,20.4000,2.4667,6.0846,0.9644,1
2026-09-12,climatology,2026-09-11T11:32:53Z,2026-09-11,2,17.8973,20.4000,2.5027,6.2635,0.9687,1
2026-09-12,climatology,2026-09-12T10:57:33Z,2026-09-12,1,17.9421,20.4000,2.4579,6.0413,0.9336,1
2026-09-12,persistence,2026-09-06T11:05:59Z,2026-09-06,7,20.5000,20.4000,0.1000,0.0100,0.5344,1
2026-09-12,persistence,2026-09-07T12:45:44Z,2026-09-07,6,21.7000,20.4000,1.3000,1.6900,0.6144,1
2026-09-12,persistence,2026-09-08T11:28:12Z,2026-09-08,5,24.2000,20.4000,3.8000,14.4400,1.2807,1
2026-09-12,persistence,2026-09-09T11:33:48Z,2026-09-09,4,21.4000,20.4000,1.0000,1.0000,0.5513,1
2026-09-12,persistence,2026-09-10T11:31:07Z,2026-09-10,3,17.0000,20.4000,3.4000,11.5600,1.1100,1
2026-09-12,persistence,2026-09-11T11:32:53Z,2026-09-11,2,16.6000,20.4000,3.8000,14.4400,1.2944,1
2026-09-12,persistence,2026-09-12T10:57:33Z,2026-09-12,1,19.6000,20.4000,0.8000,0.6400,0.3178,1
2026-09-12,seasonal_naive,2026-09-06T11:05:59Z,2026-09-06,7,15.5000,20.4000,4.9000,24.0100,,
2026-09-12,seasonal_naive,2026-09-07T12:45:44Z,2026-09-07,6,15.5000,20.4000,4.9000,24.0100,,
2026-09-12,seasonal_naive,2026-09-08T11:28:12Z,2026-09-08,5,15.5000,20.4000,4.9000,24.0100,,
2026-09-12,seasonal_naive,2026-09-09T11:33:48Z,2026-09-09,4,15.5000,20.4000,4.9000,24.0100,,
2026-09-12,seasonal_naive,2026-09-10T11:31:07Z,2026-09-10,3,15.5000,20.4000,4.9000,24.0100,,
2026-09-12,seasonal_naive,2026-09-11T11:32:53Z,2026-09-11,2,15.5000,20.4000,4.9000,24.0100,,
2026-09-12,seasonal_naive,2026-09-12T10:57:33Z,2026-09-12,1,15.5000,20.4000,4.9000,24.0100,,
2026-09-12,tabicl,2026-09-06T11:05:59Z,2026-09-06,7,20.1202,20.4000,0.2798,0.0783,0.4283,1
2026-09-12,tabicl,2026-09-07T12:45:44Z,2026-09-07,6,20.3861,20.4000,0.0139,0.0002,0.3681,1
2026-09-12,tabicl,2026-09-08T11:28:12Z,2026-09-08,5,21.9679,20.4000,1.5679,2.4583,0.5779,1
2026-09-12,tabicl,2026-09-09T11:33:48Z,2026-09-09,4,20.8112,20.4000,0.4112,0.1691,0.3766,1
2026-09-12,tabicl,2026-09-10T11:31:07Z,2026-09-10,3,17.3694,20.4000,3.0306,9.1845,1.0062,1
2026-09-12,tabicl,2026-09-11T11:32:53Z,2026-09-11,2,17.1517,20.4000,3.2483,10.5515,1.1943,0
2026-09-12,tabicl,2026-09-12T10:57:33Z,2026-09-12,1,19.5589,20.4000,0.8411,0.7074,0.3651,1
2026-09-13,climatology,2026-09-07T12:45:44Z,2026-09-07,7,17.4212,21.7000,4.2788,18.3081,1.6722,1
2026-09-13,climatology,2026-09-08T11:28:12Z,2026-09-08,6,17.4212,21.7000,4.2788,18.3081,1.6722,1
2026-09-13,climatology,2026-09-09T11:33:48Z,2026-09-09,5,17.5382,21.7000,4.1618,17.3206,1.5929,1
2026-09-13,climatology,2026-09-10T11:31:07Z,2026-09-10,4,17.5229,21.7000,4.1771,17.4482,1.6113,1
2026-09-13,climatology,2026-09-11T11:32:53Z,2026-09-11,3,17.4972,21.7000,4.2028,17.6635,1.6372,1
2026-09-13,climatology,2026-09-12T10:57:33Z,2026-09-12,2,17.5541,21.7000,4.1459,17.1885,1.5769,1
2026-09-13,climatology,2026-09-13T12:03:14Z,2026-09-13,1,17.6289,21.7000,4.0711,16.5739,1.5052,1
2026-09-13,persistence,2026-09-07T12:45:44Z,2026-09-07,7,21.7000,21.7000,0.0000,0.0000,0.5289,1
2026-09-13,persistence,2026-09-08T11:28:12Z,2026-09-08,6,24.2000,21.7000,2.5000,6.2500,0.8811,1
2026-09-13,persistence,2026-09-09T11:33:48Z,2026-09-09,5,21.4000,21.7000,0.3000,0.0900,0.5078,1
2026-09-13,persistence,2026-09-10T11:31:07Z,2026-09-10,4,17.0000,21.7000,4.7000,22.0900,1.6067,1
2026-09-13,persistence,2026-09-11T11:32:53Z,2026-09-11,3,16.6000,21.7000,5.1000,26.0100,1.8294,0
2026-09-13,persistence,2026-09-12T10:57:33Z,2026-09-12,2,19.6000,21.7000,2.1000,4.4100,0.6889,1
2026-09-13,persistence,2026-09-13T12:03:14Z,2026-09-13,1,20.4000,21.7000,1.3000,1.6900,0.4344,1
2026-09-13,seasonal_naive,2026-09-07T12:45:44Z,2026-09-07,7,15.0000,21.7000,6.7000,44.8900,,
2026-09-13,seasonal_naive,2026-09-08T11:28:12Z,2026-09-08,6,15.0000,21.7000,6.7000,44.8900,,
2026-09-13,seasonal_naive,2026-09-09T11:33:48Z,2026-09-09,5,15.0000,21.7000,6.7000,44.8900,,
2026-09-13,seasonal_naive,2026-09-10T11:31:07Z,2026-09-10,4,15.0000,21.7000,6.7000,44.8900,,
2026-09-13,seasonal_naive,2026-09-11T11:32:53Z,2026-09-11,3,15.0000,21.7000,6.7000,44.8900,,
2026-09-13,seasonal_naive,2026-09-12T10:57:33Z,2026-09-12,2,15.0000,21.7000,6.7000,44.8900,,
2026-09-13,seasonal_naive,2026-09-13T12:03:14Z,2026-09-13,1,15.0000,21.7000,6.7000,44.8900,,
2026-09-13,tabicl,2026-09-07T12:45:44Z,2026-09-07,7,20.3980,21.7000,1.3020,1.6952,0.5207,1
2026-09-13,tabicl,2026-09-08T11:28:12Z,2026-09-08,6,21.8877,21.7000,0.1877,0.0352,0.4439,1
2026-09-13,tabicl,2026-09-09T11:33:48Z,2026-09-09,5,20.6980,21.7000,1.0020,1.0040,0.4657,1
2026-09-13,tabicl,2026-09-10T11:31:07Z,2026-09-10,4,17.7280,21.7000,3.9720,15.7768,1.3566,1
2026-09-13,tabicl,2026-09-11T11:32:53Z,2026-09-11,3,17.5221,21.7000,4.1779,17.4548,1.5898,0
2026-09-13,tabicl,2026-09-12T10:57:33Z,2026-09-12,2,19.5072,21.7000,2.1928,4.8084,0.7406,1
2026-09-13,tabicl,2026-09-13T12:03:14Z,2026-09-13,1,20.6351,21.7000,1.0649,1.1340,0.3911,1
2026-09-14,climatology,2026-09-08T11:28:12Z,2026-09-08,7,17.1697,23.4000,6.2303,38.8166,2.6744,0
2026-09-14,climatology,2026-09-09T11:33:48Z,2026-09-09,6,17.1697,23.4000,6.2303,38.8166,2.6744,0
2026-09-14,climatology,2026-09-10T11:31:07Z,2026-09-10,5,17.1647,23.4000,6.2353,38.8790,2.6710,0
2026-09-14,climatology,2026-09-11T11:32:53Z,2026-09-11,4,17.1486,23.4000,6.2514,39.0800,2.6984,0
2026-09-14,climatology,2026-09-12T10:57:33Z,2026-09-12,3,17.2167,23.4000,6.1833,38.2332,2.6367,0
2026-09-14,climatology,2026-09-13T12:03:14Z,2026-09-13,2,17.3027,23.4000,6.0973,37.1771,2.6002,0
2026-09-14,climatology,2026-09-14T13:01:16Z,2026-09-14,1,17.4184,23.4000,5.9816,35.7795,2.5264,0
2026-09-14,persistence,2026-09-08T11:28:12Z,2026-09-08,7,24.2000,23.4000,0.8000,0.6400,0.5733,1
2026-09-14,persistence,2026-09-09T11:33:48Z,2026-09-09,6,21.4000,23.4000,2.0000,4.0000,0.7311,1
2026-09-14,persistence,2026-09-10T11:31:07Z,2026-09-10,5,17.0000,23.4000,6.4000,40.9600,2.3467,0
2026-09-14,persistence,2026-09-11T11:32:53Z,2026-09-11,4,16.6000,23.4000,6.8000,46.2400,2.6044,0
2026-09-14,persistence,2026-09-12T10:57:33Z,2026-09-12,3,19.6000,23.4000,3.8000,14.4400,1.2711,1
2026-09-14,persistence,2026-09-13T12:03:14Z,2026-09-13,2,20.4000,23.4000,3.0000,9.0000,0.9833,1
2026-09-14,persistence,2026-09-14T13:01:16Z,2026-09-14,1,21.7000,23.4000,1.7000,2.8900,0.5567,1
2026-09-14,seasonal_naive,2026-09-08T11:28:12Z,2026-09-08,7,16.2000,23.4000,7.2000,51.8400,,
2026-09-14,seasonal_naive,2026-09-09T11:33:48Z,2026-09-09,6,16.2000,23.4000,7.2000,51.8400,,
2026-09-14,seasonal_naive,2026-09-10T11:31:07Z,2026-09-10,5,16.2000,23.4000,7.2000,51.8400,,
2026-09-14,seasonal_naive,2026-09-11T11:32:53Z,2026-09-11,4,16.2000,23.4000,7.2000,51.8400,,
2026-09-14,seasonal_naive,2026-09-12T10:57:33Z,2026-09-12,3,16.2000,23.4000,7.2000,51.8400,,
2026-09-14,seasonal_naive,2026-09-13T12:03:14Z,2026-09-13,2,16.2000,23.4000,7.2000,51.8400,,
2026-09-14,seasonal_naive,2026-09-14T13:01:16Z,2026-09-14,1,16.2000,23.4000,7.2000,51.8400,,
2026-09-14,tabicl,2026-09-08T11:28:12Z,2026-09-08,7,22.0338,23.4000,1.3662,1.8665,0.6105,1
2026-09-14,tabicl,2026-09-09T11:33:48Z,2026-09-09,6,20.8189,23.4000,2.5811,6.6621,0.8549,1
2026-09-14,tabicl,2026-09-10T11:31:07Z,2026-09-10,5,18.2282,23.4000,5.1718,26.7475,1.9114,0
2026-09-14,tabicl,2026-09-11T11:32:53Z,2026-09-11,4,18.2542,23.4000,5.1458,26.4793,2.0109,0
2026-09-14,tabicl,2026-09-12T10:57:33Z,2026-09-12,3,19.3757,23.4000,4.0243,16.1950,1.4517,0
2026-09-14,tabicl,2026-09-13T12:03:14Z,2026-09-13,2,20.7770,23.4000,2.6230,6.8801,0.9115,1
2026-09-14,tabicl,2026-09-14T13:01:16Z,2026-09-14,1,21.6938,23.4000,1.7062,2.9111,0.5736,1
2026-09-15,climatology,2026-09-09T11:33:48Z,2026-09-09,7,17.1788,24.0000,6.8212,46.5288,2.8949,0
2026-09-15,climatology,2026-09-10T11:31:07Z,2026-09-10,6,17.1788,24.0000,6.8212,46.5288,2.8949,0
2026-09-15,climatology,2026-09-11T11:32:53Z,2026-09-11,5,17.1618,24.0000,6.8382,46.7610,2.9143,0
2026-09-15,climatology,2026-09-12T10:57:33Z,2026-09-12,4,17.2314,24.0000,6.7686,45.8139,2.8653,0
2026-09-15,climatology,2026-09-13T12:03:14Z,2026-09-13,3,17.3194,24.0000,6.6806,44.6304,2.7811,0
2026-09-15,climatology,2026-09-14T13:01:16Z,2026-09-14,2,17.4378,24.0000,6.5622,43.0625,2.6931,0
2026-09-15,climatology,2026-09-15T11:53:38Z,2026-09-15,1,17.5947,24.0000,6.4053,41.0279,2.6117,0
2026-09-15,persistence,2026-09-09T11:33:48Z,2026-09-09,7,21.4000,24.0000,2.6000,6.7600,0.8928,1
2026-09-15,persistence,2026-09-10T11:31:07Z,2026-09-10,6,17.0000,24.0000,7.0000,49.0000,2.6089,0
2026-09-15,persistence,2026-09-11T11:32:53Z,2026-09-11,5,16.6000,24.0000,7.4000,54.7600,2.8467,0
2026-09-15,persistence,2026-09-12T10:57:33Z,2026-09-12,4,19.6000,24.0000,4.4000,19.3600,1.4932,1
2026-09-15,persistence,2026-09-13T12:03:14Z,2026-09-13,3,20.4000,24.0000,3.6000,12.9600,1.1906,1
2026-09-15,persistence,2026-09-14T13:01:16Z,2026-09-14,2,21.7000,24.0000,2.3000,5.2900,0.7444,1
2026-09-15,persistence,2026-09-15T11:53:38Z,2026-09-15,1,23.4000,24.0000,0.6000,0.3600,0.2844,1
2026-09-15,seasonal_naive,2026-09-09T11:33:48Z,2026-09-09,7,18.0000,24.0000,6.0000,36.0000,,
2026-09-15,seasonal_naive,2026-09-10T11:31:07Z,2026-09-10,6,18.0000,24.0000,6.0000,36.0000,,
2026-09-15,seasonal_naive,2026-09-11T11:32:53Z,2026-09-11,5,18.0000,24.0000,6.0000,36.0000,,
2026-09-15,seasonal_naive,2026-09-12T10:57:33Z,2026-09-12,4,18.0000,24.0000,6.0000,36.0000,,
2026-09-15,seasonal_naive,2026-09-13T12:03:14Z,2026-09-13,3,18.0000,24.0000,6.0000,36.0000,,
2026-09-15,seasonal_naive,2026-09-14T13:01:16Z,2026-09-14,2,18.0000,24.0000,6.0000,36.0000,,
2026-09-15,seasonal_naive,2026-09-15T11:53:38Z,2026-09-15,1,18.0000,24.0000,6.0000,36.0000,,
2026-09-15,tabicl,2026-09-09T11:33:48Z,2026-09-09,7,20.7852,24.0000,3.2148,10.3349,1.0972,1
2026-09-15,tabicl,2026-09-10T11:31:07Z,2026-09-10,6,18.4030,24.0000,5.5970,31.3264,2.0904,0
2026-09-15,tabicl,2026-09-11T11:32:53Z,2026-09-11,5,18.5819,24.0000,5.4181,29.3558,2.0890,0
2026-09-15,tabicl,2026-09-12T10:57:33Z,2026-09-12,4,19.2861,24.0000,4.7139,22.2209,1.7635,0
2026-09-15,tabicl,2026-09-13T12:03:14Z,2026-09-13,3,20.5714,24.0000,3.4286,11.7553,1.2249,1
2026-09-15,tabicl,2026-09-14T13:01:16Z,2026-09-14,2,21.6337,24.0000,2.3663,5.5994,0.8185,1
2026-09-15,tabicl,2026-09-15T11:53:38Z,2026-09-15,1,23.4775,24.0000,0.5225,0.2730,0.2656,1
2026-09-16,climatology,2026-09-10T11:31:07Z,2026-09-10,7,16.8727,18.3000,1.4273,2.0372,0.4618,1
2026-09-16,climatology,2026-09-11T11:32:53Z,2026-09-11,6,16.8727,18.3000,1.4273,2.0372,0.4618,1
2026-09-16,climatology,2026-09-12T10:57:33Z,2026-09-12,5,16.9529,18.3000,1.3471,1.8147,0.4522,1
2026-09-16,climatology,2026-09-13T12:03:14Z,2026-09-13,4,17.0514,18.3000,1.2486,1.5590,0.4478,1
2026-09-16,climatology,2026-09-14T13:01:16Z,2026-09-14,3,17.1806,18.3000,1.1194,1.2531,0.4411,1
2026-09-16,climatology,2026-09-15T11:53:38Z,2026-09-15,2,17.3486,18.3000,0.9514,0.9052,0.4220,1
2026-09-16,climatology,2026-09-16T11:48:05Z,2026-09-16,1,17.5237,18.3000,0.7763,0.6026,0.4174,1
2026-09-16,persistence,2026-09-10T11:31:07Z,2026-09-10,7,17.0000,18.3000,1.3000,1.6900,0.6344,1
2026-09-16,persistence,2026-09-11T11:32:53Z,2026-09-11,6,16.6000,18.3000,1.7000,2.8900,0.6844,1
2026-09-16,persistence,2026-09-12T10:57:33Z,2026-09-12,5,19.6000,18.3000,1.3000,1.6900,0.6189,1
2026-09-16,persistence,2026-09-13T12:03:14Z,2026-09-13,4,20.4000,18.3000,2.1000,4.4100,0.7431,1
2026-09-16,persistence,2026-09-14T13:01:16Z,2026-09-14,3,21.7000,18.3000,3.4000,11.5600,1.1544,1
2026-09-16,persistence,2026-09-15T11:53:38Z,2026-09-15,2,23.4000,18.3000,5.1000,26.0100,1.9556,0
2026-09-16,persistence,2026-09-16T11:48:05Z,2026-09-16,1,24.0000,18.3000,5.7000,32.4900,2.4567,0
2026-09-16,seasonal_naive,2026-09-10T11:31:07Z,2026-09-10,7,15.2000,18.3000,3.1000,9.6100,,
2026-09-16,seasonal_naive,2026-09-11T11:32:53Z,2026-09-11,6,15.2000,18.3000,3.1000,9.6100,,
2026-09-16,seasonal_naive,2026-09-12T10:57:33Z,2026-09-12,5,15.2000,18.3000,3.1000,9.6100,,
2026-09-16,seasonal_naive,2026-09-13T12:03:14Z,2026-09-13,4,15.2000,18.3000,3.1000,9.6100,,
2026-09-16,seasonal_naive,2026-09-14T13:01:16Z,2026-09-14,3,15.2000,18.3000,3.1000,9.6100,,
2026-09-16,seasonal_naive,2026-09-15T11:53:38Z,2026-09-15,2,15.2000,18.3000,3.1000,9.6100,,
2026-09-16,seasonal_naive,2026-09-16T11:48:05Z,2026-09-16,1,15.2000,18.3000,3.1000,9.6100,,
2026-09-16,tabicl,2026-09-10T11:31:07Z,2026-09-10,7,18.4831,18.3000,0.1831,0.0335,0.4490,1
2026-09-16,tabicl,2026-09-11T11:32:53Z,2026-09-11,6,18.6036,18.3000,0.3036,0.0922,0.4190,1
2026-09-16,tabicl,2026-09-12T10:57:33Z,2026-09-12,5,19.2560,18.3000,0.9560,0.9139,0.4479,1
2026-09-16,tabicl,2026-09-13T12:03:14Z,2026-09-13,4,20.1722,18.3000,1.8722,3.5051,0.6021,1
2026-09-16,tabicl,2026-09-14T13:01:16Z,2026-09-14,3,21.2165,18.3000,2.9165,8.5060,0.9629,1
2026-09-16,tabicl,2026-09-15T11:53:38Z,2026-09-15,2,23.1222,18.3000,4.8222,23.2536,1.9388,0
2026-09-16,tabicl,2026-09-16T11:48:05Z,2026-09-16,1,23.9284,18.3000,5.6284,31.6789,2.4516,0
2026-09-17,climatology,2026-09-11T11:32:53Z,2026-09-11,7,16.5727,17.5000,0.9273,0.8599,0.4089,1
2026-09-17,climatology,2026-09-12T10:57:33Z,2026-09-12,6,16.5727,17.5000,0.9273,0.8599,0.4089,1
2026-09-17,climatology,2026-09-13T12:03:14Z,2026-09-13,5,16.6853,17.5000,0.8147,0.6637,0.4090,1
2026-09-17,climatology,2026-09-14T13:01:16Z,2026-09-14,4,16.8286,17.5000,0.6714,0.4508,0.4062,1
2026-09-17,climatology,2026-09-15T11:53:38Z,2026-09-15,3,17.0111,17.5000,0.4889,0.2390,0.4106,1
2026-09-17,climatology,2026-09-16T11:48:05Z,2026-09-16,2,17.2000,17.5000,0.3000,0.0900,0.4262,1
2026-09-17,climatology,2026-09-17T11:51:26Z,2026-09-17,1,17.2289,17.5000,0.2711,0.0735,0.4053,1
2026-09-17,persistence,2026-09-11T11:32:53Z,2026-09-11,7,16.6000,17.5000,0.9000,0.8100,0.5789,1
2026-09-17,persistence,2026-09-12T10:57:33Z,2026-09-12,6,19.6000,17.5000,2.1000,4.4100,0.7650,1
2026-09-17,persistence,2026-09-13T12:03:14Z,2026-09-13,5,20.4000,17.5000,2.9000,8.4100,0.9856,1
2026-09-17,persistence,2026-09-14T13:01:16Z,2026-09-14,4,21.7000,17.5000,4.2000,17.6400,1.4267,1
2026-09-17,persistence,2026-09-15T11:53:38Z,2026-09-15,3,23.4000,17.5000,5.9000,34.8100,2.2600,0
2026-09-17,persistence,2026-09-16T11:48:05Z,2026-09-16,2,24.0000,17.5000,6.5000,42.2500,2.6556,0
2026-09-17,persistence,2026-09-17T11:51:26Z,2026-09-17,1,18.3000,17.5000,0.8000,0.6400,0.3178,1
2026-09-17,seasonal_naive,2026-09-11T11:32:53Z,2026-09-11,7,16.5000,17.5000,1.0000,1.0000,,
2026-09-17,seasonal_naive,2026-09-12T10:57:33Z,2026-09-12,6,16.5000,17.5000,1.0000,1.0000,,
2026-09-17,seasonal_naive,2026-09-13T12:03:14Z,2026-09-13,5,16.5000,17.5000,1.0000,1.0000,,
2026-09-17,seasonal_naive,2026-09-14T13:01:16Z,2026-09-14,4,16.5000,17.5000,1.0000,1.0000,,
2026-09-17,seasonal_naive,2026-09-15T11:53:38Z,2026-09-15,3,16.5000,17.5000,1.0000,1.0000,,
2026-09-17,seasonal_naive,2026-09-16T11:48:05Z,2026-09-16,2,16.5000,17.5000,1.0000,1.0000,,
2026-09-17,seasonal_naive,2026-09-17T11:51:26Z,2026-09-17,1,16.5000,17.5000,1.0000,1.0000,,
2026-09-17,tabicl,2026-09-11T11:32:53Z,2026-09-11,7,18.4582,17.5000,0.9582,0.9181,0.4755,1
2026-09-17,tabicl,2026-09-12T10:57:33Z,2026-09-12,6,19.1437,17.5000,1.6437,2.7017,0.5736,1
2026-09-17,tabicl,2026-09-13T12:03:14Z,2026-09-13,5,19.8624,17.5000,2.3624,5.5809,0.7461,1
2026-09-17,tabicl,2026-09-14T13:01:16Z,2026-09-14,4,20.7354,17.5000,3.2354,10.4678,1.0797,1
2026-09-17,tabicl,2026-09-15T11:53:38Z,2026-09-15,3,22.5332,17.5000,5.0332,25.3331,1.9798,0
2026-09-17,tabicl,2026-09-16T11:48:05Z,2026-09-16,2,23.5807,17.5000,6.0807,36.9749,2.5842,0
2026-09-17,tabicl,2026-09-17T11:51:26Z,2026-09-17,1,18.2271,17.5000,0.7271,0.5287,0.3073,1
2026-09-18,climatology,2026-09-12T10:57:33Z,2026-09-12,7,16.3818,17.5000,1.1182,1.2504,0.4182,1
2026-09-18,climatology,2026-09-13T12:03:14Z,2026-09-13,6,16.3818,17.5000,1.1182,1.2504,0.4182,1
2026-09-18,climatology,2026-09-14T13:01:16Z,2026-09-14,5,16.5382,17.5000,0.9618,0.9251,0.4323,1
2026-09-18,climatology,2026-09-15T11:53:38Z,2026-09-15,4,16.7343,17.5000,0.7657,0.5863,0.4389,1
2026-09-18,climatology,2026-09-16T11:48:05Z,2026-09-16,3,16.9361,17.5000,0.5639,0.3180,0.4506,1
2026-09-18,climatology,2026-09-17T11:51:26Z,2026-09-17,2,16.9730,17.5000,0.5270,0.2777,0.4342,1
2026-09-18,climatology,2026-09-18T11:27:25Z,2026-09-18,1,16.9868,17.5000,0.5132,0.2634,0.4154,1
2026-09-18,persistence,2026-09-12T10:57:33Z,2026-09-12,7,19.6000,17.5000,2.1000,4.4100,0.7567,1
2026-09-18,persistence,2026-09-13T12:03:14Z,2026-09-13,6,20.4000,17.5000,2.9000,8.4100,0.9878,1
2026-09-18,persistence,2026-09-14T13:01:16Z,2026-09-14,5,21.7000,17.5000,4.2000,17.6400,1.4356,1
2026-09-18,persistence,2026-09-15T11:53:38Z,2026-09-15,4,23.4000,17.5000,5.9000,34.8100,2.1838,0
2026-09-18,persistence,2026-09-16T11:48:05Z,2026-09-16,3,24.0000,17.5000,6.5000,42.2500,2.5633,0
2026-09-18,persistence,2026-09-17T11:51:26Z,2026-09-17,2,18.3000,17.5000,0.8000,0.6400,0.4278,1
2026-09-18,persistence,2026-09-18T11:27:25Z,2026-09-18,1,17.5000,17.5000,0.0000,0.0000,0.2400,1
2026-09-18,seasonal_naive,2026-09-12T10:57:33Z,2026-09-12,7,18.2000,17.5000,0.7000,0.4900,,
2026-09-18,seasonal_naive,2026-09-13T12:03:14Z,2026-09-13,6,18.2000,17.5000,0.7000,0.4900,,
2026-09-18,seasonal_naive,2026-09-14T13:01:16Z,2026-09-14,5,18.2000,17.5000,0.7000,0.4900,,
2026-09-18,seasonal_naive,2026-09-15T11:53:38Z,2026-09-15,4,18.2000,17.5000,0.7000,0.4900,,
2026-09-18,seasonal_naive,2026-09-16T11:48:05Z,2026-09-16,3,18.2000,17.5000,0.7000,0.4900,,
2026-09-18,seasonal_naive,2026-09-17T11:51:26Z,2026-09-17,2,18.2000,17.5000,0.7000,0.4900,,
2026-09-18,seasonal_naive,2026-09-18T11:27:25Z,2026-09-18,1,18.2000,17.5000,0.7000,0.4900,,
2026-09-18,tabicl,2026-09-12T10:57:33Z,2026-09-12,7,19.0150,17.5000,1.5150,2.2952,0.5649,1
2026-09-18,tabicl,2026-09-13T12:03:14Z,2026-09-13,6,19.6145,17.5000,2.1145,4.4711,0.6857,1
2026-09-18,tabicl,2026-09-14T13:01:16Z,2026-09-14,5,20.2592,17.5000,2.7592,7.6132,0.8921,1
2026-09-18,tabicl,2026-09-15T11:53:38Z,2026-09-15,4,21.9058,17.5000,4.4058,19.4111,1.6096,0
2026-09-18,tabicl,2026-09-16T11:48:05Z,2026-09-16,3,23.1831,17.5000,5.6831,32.2976,2.3120,0
2026-09-18,tabicl,2026-09-17T11:51:26Z,2026-09-17,2,18.1495,17.5000,0.6495,0.4219,0.3410,1
2026-09-18,tabicl,2026-09-18T11:27:25Z,2026-09-18,1,17.6511,17.5000,0.1511,0.0228,0.2500,1
2026-09-19,climatology,2026-09-13T12:03:14Z,2026-09-13,7,16.2212,19.5000,3.2788,10.7505,1.0047,1
2026-09-19,climatology,2026-09-14T13:01:16Z,2026-09-14,6,16.2212,19.5000,3.2788,10.7505,1.0047,1
2026-09-19,climatology,2026-09-15T11:53:38Z,2026-09-15,5,16.4324,19.5000,3.0676,9.4102,0.9610,1
2026-09-19,climatology,2026-09-16T11:48:05Z,2026-09-16,4,16.6486,19.5000,2.8514,8.1305,0.8924,1
2026-09-19,climatology,2026-09-17T11:51:26Z,2026-09-17,3,16.6944,19.5000,2.8056,7.8714,0.8572,1
2026-09-19,climatology,2026-09-18T11:27:25Z,2026-09-18,2,16.7162,19.5000,2.7838,7.7495,0.8693,1
2026-09-19,climatology,2026-09-19T11:11:06Z,2026-09-19,1,16.7368,19.5000,2.7632,7.6353,0.8858,1
2026-09-19,persistence,2026-09-13T12:03:14Z,2026-09-13,7,20.4000,19.5000,0.9000,0.8100,0.5789,1
2026-09-19,persistence,2026-09-14T13:01:16Z,2026-09-14,6,21.7000,19.5000,2.2000,4.8400,0.7839,1
2026-09-19,persistence,2026-09-15T11:53:38Z,2026-09-15,5,23.4000,19.5000,3.9000,15.2100,1.3189,1
2026-09-19,persistence,2026-09-16T11:48:05Z,2026-09-16,4,24.0000,19.5000,4.5000,20.2500,1.5483,1
2026-09-19,persistence,2026-09-17T11:51:26Z,2026-09-17,3,18.3000,19.5000,1.2000,1.4400,0.5211,1
2026-09-19,persistence,2026-09-18T11:27:25Z,2026-09-18,2,17.5000,19.5000,2.0000,4.0000,0.6611,1
2026-09-19,persistence,2026-09-19T11:11:06Z,2026-09-19,1,17.5000,19.5000,2.0000,4.0000,0.6733,1
2026-09-19,seasonal_naive,2026-09-13T12:03:14Z,2026-09-13,7,20.5000,19.5000,1.0000,1.0000,,
2026-09-19,seasonal_naive,2026-09-14T13:01:16Z,2026-09-14,6,20.5000,19.5000,1.0000,1.0000,,
2026-09-19,seasonal_naive,2026-09-15T11:53:38Z,2026-09-15,5,20.5000,19.5000,1.0000,1.0000,,
2026-09-19,seasonal_naive,2026-09-16T11:48:05Z,2026-09-16,4,20.5000,19.5000,1.0000,1.0000,,
2026-09-19,seasonal_naive,2026-09-17T11:51:26Z,2026-09-17,3,20.5000,19.5000,1.0000,1.0000,,
2026-09-19,seasonal_naive,2026-09-18T11:27:25Z,2026-09-18,2,20.5000,19.5000,1.0000,1.0000,,
2026-09-19,seasonal_naive,2026-09-19T11:11:06Z,2026-09-19,1,20.5000,19.5000,1.0000,1.0000,,
2026-09-19,tabicl,2026-09-13T12:03:14Z,2026-09-13,7,19.5390,19.5000,0.0390,0.0015,0.4089,1
2026-09-19,tabicl,2026-09-14T13:01:16Z,2026-09-14,6,20.0135,19.5000,0.5135,0.2637,0.4117,1
2026-09-19,tabicl,2026-09-15T11:53:38Z,2026-09-15,5,21.4067,19.5000,1.9067,3.6355,0.6334,1
2026-09-19,tabicl,2026-09-16T11:48:05Z,2026-09-16,4,22.8485,19.5000,3.3485,11.2125,1.1354,1
2026-09-19,tabicl,2026-09-17T11:51:26Z,2026-09-17,3,18.3497,19.5000,1.1503,1.3232,0.4406,1
2026-09-19,tabicl,2026-09-18T11:27:25Z,2026-09-18,2,17.4873,19.5000,2.0127,4.0510,0.6821,1
2026-09-19,tabicl,2026-09-19T11:11:06Z,2026-09-19,1,18.0046,19.5000,1.4954,2.2362,0.5287,1
2026-09-20,climatology,2026-09-14T13:01:16Z,2026-09-14,7,16.0818,19.4000,3.3182,11.0105,1.0087,1
2026-09-20,climatology,2026-09-15T11:53:38Z,2026-09-15,6,16.0818,19.4000,3.3182,11.0105,1.0087,1
2026-09-20,climatology,2026-09-16T11:48:05Z,2026-09-16,5,16.3147,19.4000,3.0853,9.5191,0.9730,1
2026-09-20,climatology,2026-09-17T11:51:26Z,2026-09-17,4,16.3714,19.4000,3.0286,9.1724,0.9518,1
2026-09-20,climatology,2026-09-18T11:27:25Z,2026-09-18,3,16.4028,19.4000,2.9972,8.9832,0.9250,1
2026-09-20,climatology,2026-09-19T11:11:06Z,2026-09-19,2,16.4324,19.4000,2.9676,8.8066,0.9058,1
2026-09-20,climatology,2026-09-20T11:35:50Z,2026-09-20,1,16.5132,19.4000,2.8868,8.3336,0.8869,1
2026-09-20,persistence,2026-09-14T13:01:16Z,2026-09-14,7,21.7000,19.4000,2.3000,5.2900,0.8011,1
2026-09-20,persistence,2026-09-15T11:53:38Z,2026-09-15,6,23.4000,19.4000,4.0000,16.0000,1.3564,1
2026-09-20,persistence,2026-09-16T11:48:05Z,2026-09-16,5,24.0000,19.4000,4.6000,21.1600,1.5911,1
2026-09-20,persistence,2026-09-17T11:51:26Z,2026-09-17,4,18.3000,19.4000,1.1000,1.2100,0.5478,1
2026-09-20,persistence,2026-09-18T11:27:25Z,2026-09-18,3,17.5000,19.4000,1.9000,3.6100,0.6489,1
2026-09-20,persistence,2026-09-19T11:11:06Z,2026-09-19,2,17.5000,19.4000,1.9000,3.6100,0.6333,1
2026-09-20,persistence,2026-09-20T11:35:50Z,2026-09-20,1,19.5000,19.4000,0.1000,0.0100,0.2456,1
2026-09-20,seasonal_naive,2026-09-14T13:01:16Z,2026-09-14,7,20.8000,19.4000,1.4000,1.9600,,
2026-09-20,seasonal_naive,2026-09-15T11:53:38Z,2026-09-15,6,20.8000,19.4000,1.4000,1.9600,,
2026-09-20,seasonal_naive,2026-09-16T11:48:05Z,2026-09-16,5,20.8000,19.4000,1.4000,1.9600,,
2026-09-20,seasonal_naive,2026-09-17T11:51:26Z,2026-09-17,4,20.8000,19.4000,1.4000,1.9600,,
2026-09-20,seasonal_naive,2026-09-18T11:27:25Z,2026-09-18,3,20.8000,19.4000,1.4000,1.9600,,
2026-09-20,seasonal_naive,2026-09-19T11:11:06Z,2026-09-19,2,20.8000,19.4000,1.4000,1.9600,,
2026-09-20,seasonal_naive,2026-09-20T11:35:50Z,2026-09-20,1,20.8000,19.4000,1.4000,1.9600,,
2026-09-20,tabicl,2026-09-14T13:01:16Z,2026-09-14,7,19.9555,19.4000,0.5555,0.3086,0.4240,1
2026-09-20,tabicl,2026-09-15T11:53:38Z,2026-09-15,6,21.1127,19.4000,1.7127,2.9333,0.5839,1
2026-09-20,tabicl,2026-09-16T11:48:05Z,2026-09-16,5,22.6472,19.4000,3.2472,10.5443,1.0849,1
2026-09-20,tabicl,2026-09-17T11:51:26Z,2026-09-17,4,18.4902,19.4000,0.9098,0.8277,0.4127,1
2026-09-20,tabicl,2026-09-18T11:27:25Z,2026-09-18,3,17.5831,19.4000,1.8169,3.3011,0.6351,1
2026-09-20,tabicl,2026-09-19T11:11:06Z,2026-09-19,2,18.1282,19.4000,1.2718,1.6175,0.4711,1
2026-09-20,tabicl,2026-09-20T11:35:50Z,2026-09-20,1,20.0779,19.4000,0.6779,0.4595,0.2794,1
2026-09-21,climatology,2026-09-15T11:53:38Z,2026-09-15,7,15.9212,17.5000,1.5788,2.4926,0.5378,1
2026-09-21,climatology,2026-09-16T11:48:05Z,2026-09-16,6,15.9212,17.5000,1.5788,2.4926,0.5378,1
2026-09-21,climatology,2026-09-17T11:51:26Z,2026-09-17,5,15.9912,17.5000,1.5088,2.2765,0.5044,1
2026-09-21,climatology,2026-09-18T11:27:25Z,2026-09-18,4,16.0343,17.5000,1.4657,2.1483,0.4784,1
2026-09-21,climatology,2026-09-19T11:11:06Z,2026-09-19,3,16.0750,17.5000,1.4250,2.0306,0.4589,1
2026-09-21,climatology,2026-09-20T11:35:50Z,2026-09-20,2,16.1676,17.5000,1.3324,1.7753,0.4513,1
2026-09-21,climatology,2026-09-21T13:00:07Z,2026-09-21,1,16.2526,17.5000,1.2474,1.5560,0.4450,1
2026-09-21,persistence,2026-09-15T11:53:38Z,2026-09-15,7,23.4000,17.5000,5.9000,34.8100,2.0789,0
2026-09-21,persistence,2026-09-16T11:48:05Z,2026-09-16,6,24.0000,17.5000,6.5000,42.2500,2.4239,0
2026-09-21,persistence,2026-09-17T11:51:26Z,2026-09-17,5,18.3000,17.5000,0.8000,0.6400,0.5467,1
2026-09-21,persistence,2026-09-18T11:27:25Z,2026-09-18,4,17.5000,17.5000,0.0000,0.0000,0.4858,1
2026-09-21,persistence,2026-09-19T11:11:06Z,2026-09-19,3,17.5000,17.5000,0.0000,0.0000,0.4294,1
2026-09-21,persistence,2026-09-20T11:35:50Z,2026-09-20,2,19.5000,17.5000,2.0000,4.0000,0.6722,1
2026-09-21,persistence,2026-09-21T13:00:07Z,2026-09-21,1,19.4000,17.5000,1.9000,3.6100,0.6344,1
2026-09-21,seasonal_naive,2026-09-15T11:53:38Z,2026-09-15,7,15.5000,17.5000,2.0000,4.0000,,
2026-09-21,seasonal_naive,2026-09-16T11:48:05Z,2026-09-16,6,15.5000,17.5000,2.0000,4.0000,,
2026-09-21,seasonal_naive,2026-09-17T11:51:26Z,2026-09-17,5,15.5000,17.5000,2.0000,4.0000,,
2026-09-21,seasonal_naive,2026-09-18T11:27:25Z,2026-09-18,4,15.5000,17.5000,2.0000,4.0000,,
2026-09-21,seasonal_naive,2026-09-19T11:11:06Z,2026-09-19,3,15.5000,17.5000,2.0000,4.0000,,
2026-09-21,seasonal_naive,2026-09-20T11:35:50Z,2026-09-20,2,15.5000,17.5000,2.0000,4.0000,,
2026-09-21,seasonal_naive,2026-09-21T13:00:07Z,2026-09-21,1,15.5000,17.5000,2.0000,4.0000,,
2026-09-21,tabicl,2026-09-15T11:53:38Z,2026-09-15,7,21.0931,17.5000,3.5931,12.9104,1.1842,1
2026-09-21,tabicl,2026-09-16T11:48:05Z,2026-09-16,6,22.5452,17.5000,5.0452,25.4540,1.8588,0
2026-09-21,tabicl,2026-09-17T11:51:26Z,2026-09-17,5,18.6434,17.5000,1.1434,1.3074,0.4777,1
2026-09-21,tabicl,2026-09-18T11:27:25Z,2026-09-18,4,17.7753,17.5000,0.2753,0.0758,0.3641,1
2026-09-21,tabicl,2026-09-19T11:11:06Z,2026-09-19,3,18.3632,17.5000,0.8632,0.7451,0.3347,1
2026-09-21,tabicl,2026-09-20T11:35:50Z,2026-09-20,2,20.0898,17.5000,2.5898,6.7071,0.8382,1
2026-09-21,tabicl,2026-09-21T13:00:07Z,2026-09-21,1,20.1539,17.5000,2.6539,7.0432,0.8890,0
2026-09-22,climatology,2026-09-16T11:48:05Z,2026-09-16,7,15.9242,18.1000,2.1758,4.7341,0.6842,1
2026-09-22,climatology,2026-09-17T11:51:26Z,2026-09-17,6,15.9242,18.1000,2.1758,4.7341,0.6842,1
2026-09-22,climatology,2026-09-18T11:27:25Z,2026-09-18,5,15.9706,18.1000,2.1294,4.5343,0.6533,1
2026-09-22,climatology,2026-09-19T11:11:06Z,2026-09-19,4,16.0143,18.1000,2.0857,4.3501,0.6327,1
2026-09-22,climatology,2026-09-20T11:35:50Z,2026-09-20,3,16.1111,18.1000,1.9889,3.9557,0.6200,1
2026-09-22,climatology,2026-09-21T13:00:07Z,2026-09-21,2,16.2000,18.1000,1.9000,3.6100,0.5964,1
2026-09-22,climatology,2026-09-22T11:50:23Z,2026-09-22,1,16.2342,18.1000,1.8658,3.4812,0.5814,1
2026-09-22,persistence,2026-09-16T11:48:05Z,2026-09-16,7,24.0000,18.1000,5.9000,34.8100,2.0789,0
2026-09-22,persistence,2026-09-17T11:51:26Z,2026-09-17,6,18.3000,18.1000,0.2000,0.0400,0.5200,1
2026-09-22,persistence,2026-09-18T11:27:25Z,2026-09-18,5,17.5000,18.1000,0.6000,0.3600,0.5244,1
2026-09-22,persistence,2026-09-19T11:11:06Z,2026-09-19,4,17.5000,18.1000,0.6000,0.3600,0.5073,1
2026-09-22,persistence,2026-09-20T11:35:50Z,2026-09-20,3,19.5000,18.1000,1.4000,1.9600,0.5767,1
2026-09-22,persistence,2026-09-21T13:00:07Z,2026-09-21,2,19.4000,18.1000,1.3000,1.6900,0.5111,1
2026-09-22,persistence,2026-09-22T11:50:23Z,2026-09-22,1,17.5000,18.1000,0.6000,0.3600,0.2844,1
2026-09-22,seasonal_naive,2026-09-16T11:48:05Z,2026-09-16,7,12.8000,18.1000,5.3000,28.0900,,
2026-09-22,seasonal_naive,2026-09-17T11:51:26Z,2026-09-17,6,12.8000,18.1000,5.3000,28.0900,,
2026-09-22,seasonal_naive,2026-09-18T11:27:25Z,2026-09-18,5,12.8000,18.1000,5.3000,28.0900,,
2026-09-22,seasonal_naive,2026-09-19T11:11:06Z,2026-09-19,4,12.8000,18.1000,5.3000,28.0900,,
2026-09-22,seasonal_naive,2026-09-20T11:35:50Z,2026-09-20,3,12.8000,18.1000,5.3000,28.0900,,
2026-09-22,seasonal_naive,2026-09-21T13:00:07Z,2026-09-21,2,12.8000,18.1000,5.3000,28.0900,,
2026-09-22,seasonal_naive,2026-09-22T11:50:23Z,2026-09-22,1,12.8000,18.1000,5.3000,28.0900,,
2026-09-22,tabicl,2026-09-16T11:48:05Z,2026-09-16,7,22.4218,18.1000,4.3218,18.6780,1.4800,1
2026-09-22,tabicl,2026-09-17T11:51:26Z,2026-09-17,6,18.8271,18.1000,0.7271,0.5287,0.4139,1
2026-09-22,tabicl,2026-09-18T11:27:25Z,2026-09-18,5,18.0402,18.1000,0.0598,0.0036,0.3847,1
2026-09-22,tabicl,2026-09-19T11:11:06Z,2026-09-19,4,18.6786,18.1000,0.5786,0.3348,0.3333,1
2026-09-22,tabicl,2026-09-20T11:35:50Z,2026-09-20,3,20.0586,18.1000,1.9586,3.8361,0.6141,1
2026-09-22,tabicl,2026-09-21T13:00:07Z,2026-09-21,2,20.6000,18.1000,2.5000,6.2500,0.8096,1
2026-09-22,tabicl,2026-09-22T11:50:23Z,2026-09-22,1,18.3692,18.1000,0.2692,0.0725,0.2234,1
2026-09-23,climatology,2026-09-17T11:51:26Z,2026-09-17,7,15.7303,19.5000,3.7697,14.2106,1.2673,0
2026-09-23,climatology,2026-09-18T11:27:25Z,2026-09-18,6,15.7303,19.5000,3.7697,14.2106,1.2673,0
2026-09-23,climatology,2026-09-19T11:11:06Z,2026-09-19,5,15.7824,19.5000,3.7176,13.8205,1.2519,0
2026-09-23,climatology,2026-09-20T11:35:50Z,2026-09-20,4,15.8886,19.5000,3.6114,13.0422,1.1902,0
2026-09-23,climatology,2026-09-21T13:00:07Z,2026-09-21,3,15.9861,19.5000,3.5139,12.3475,1.1383,0
2026-09-23,climatology,2026-09-22T11:50:23Z,2026-09-22,2,16.0270,19.5000,3.4730,12.0617,1.1304,0
2026-09-23,climatology,2026-09-23T11:49:50Z,2026-09-23,1,16.0816,19.5000,3.4184,11.6855,1.0591,0
2026-09-23,persistence,2026-09-17T11:51:26Z,2026-09-17,7,18.3000,19.5000,1.2000,1.4400,0.6178,1
2026-09-23,persistence,2026-09-18T11:27:25Z,2026-09-18,6,17.5000,19.5000,2.0000,4.0000,0.7328,1
2026-09-23,persistence,2026-09-19T11:11:06Z,2026-09-19,5,17.5000,19.5000,2.0000,4.0000,0.7142,1
2026-09-23,persistence,2026-09-20T11:35:50Z,2026-09-20,4,19.5000,19.5000,0.0000,0.0000,0.4837,1
2026-09-23,persistence,2026-09-21T13:00:07Z,2026-09-21,3,19.4000,19.5000,0.1000,0.0100,0.4267,1
2026-09-23,persistence,2026-09-22T11:50:23Z,2026-09-22,2,17.5000,19.5000,2.0000,4.0000,0.6611,1
2026-09-23,persistence,2026-09-23T11:49:50Z,2026-09-23,1,18.1000,19.5000,1.4000,1.9600,0.4622,1
2026-09-23,seasonal_naive,2026-09-17T11:51:26Z,2026-09-17,7,11.8000,19.5000,7.7000,59.2900,,
2026-09-23,seasonal_naive,2026-09-18T11:27:25Z,2026-09-18,6,11.8000,19.5000,7.7000,59.2900,,
2026-09-23,seasonal_naive,2026-09-19T11:11:06Z,2026-09-19,5,11.8000,19.5000,7.7000,59.2900,,
2026-09-23,seasonal_naive,2026-09-20T11:35:50Z,2026-09-20,4,11.8000,19.5000,7.7000,59.2900,,
2026-09-23,seasonal_naive,2026-09-21T13:00:07Z,2026-09-21,3,11.8000,19.5000,7.7000,59.2900,,
2026-09-23,seasonal_naive,2026-09-22T11:50:23Z,2026-09-22,2,11.8000,19.5000,7.7000,59.2900,,
2026-09-23,seasonal_naive,2026-09-23T11:49:50Z,2026-09-23,1,11.8000,19.5000,7.7000,59.2900,,
2026-09-23,tabicl,2026-09-17T11:51:26Z,2026-09-17,7,19.0135,19.5000,0.4865,0.2367,0.4086,1
2026-09-23,tabicl,2026-09-18T11:27:25Z,2026-09-18,6,18.2777,19.5000,1.2223,1.4940,0.5253,1
2026-09-23,tabicl,2026-09-19T11:11:06Z,2026-09-19,5,18.9087,19.5000,0.5913,0.3496,0.3984,1
2026-09-23,tabicl,2026-09-20T11:35:50Z,2026-09-20,4,20.1375,19.5000,0.6375,0.4064,0.3862,1
2026-09-23,tabicl,2026-09-21T13:00:07Z,2026-09-21,3,20.8107,19.5000,1.3107,1.7179,0.4496,1
2026-09-23,tabicl,2026-09-22T11:50:23Z,2026-09-22,2,18.6658,19.5000,0.8342,0.6959,0.3689,1
2026-09-23,tabicl,2026-09-23T11:49:50Z,2026-09-23,1,18.7181,19.5000,0.7819,0.6114,0.3151,1
2026-09-24,climatology,2026-09-18T11:27:25Z,2026-09-18,7,15.4333,18.6000,3.1667,10.0280,1.0187,1
2026-09-24,climatology,2026-09-19T11:11:06Z,2026-09-19,6,15.4333,18.6000,3.1667,10.0280,1.0187,1
2026-09-24,climatology,2026-09-20T11:35:50Z,2026-09-20,5,15.5529,18.6000,3.0471,9.2848,0.9480,1
2026-09-24,climatology,2026-09-21T13:00:07Z,2026-09-21,4,15.6629,18.6000,2.9371,8.6266,0.9031,1
2026-09-24,climatology,2026-09-22T11:50:23Z,2026-09-22,3,15.7139,18.6000,2.8861,8.3296,0.8761,1
2026-09-24,climatology,2026-09-23T11:49:50Z,2026-09-23,2,15.7784,18.6000,2.8216,7.9614,0.8531,1
2026-09-24,climatology,2026-09-24T11:57:14Z,2026-09-24,1,15.8763,18.6000,2.7237,7.4185,0.8054,1
2026-09-24,persistence,2026-09-18T11:27:25Z,2026-09-18,7,17.5000,18.6000,1.1000,1.2100,0.6011,1
2026-09-24,persistence,2026-09-19T11:11:06Z,2026-09-19,6,17.5000,18.6000,1.1000,1.2100,0.5898,1
2026-09-24,persistence,2026-09-20T11:35:50Z,2026-09-20,5,19.5000,18.6000,0.9000,0.8100,0.5558,1
2026-09-24,persistence,2026-09-21T13:00:07Z,2026-09-21,4,19.4000,18.6000,0.8000,0.6400,0.5267,1
2026-09-24,persistence,2026-09-22T11:50:23Z,2026-09-22,3,17.5000,18.6000,1.1000,1.2100,0.5044,1
2026-09-24,persistence,2026-09-23T11:49:50Z,2026-09-23,2,18.1000,18.6000,0.5000,0.2500,0.4000,1
2026-09-24,persistence,2026-09-24T11:57:14Z,2026-09-24,1,19.5000,18.6000,0.9000,0.8100,0.3344,1
2026-09-24,seasonal_naive,2026-09-18T11:27:25Z,2026-09-18,7,10.7000,18.6000,7.9000,62.4100,,
2026-09-24,seasonal_naive,2026-09-19T11:11:06Z,2026-09-19,6,10.7000,18.6000,7.9000,62.4100,,
2026-09-24,seasonal_naive,2026-09-20T11:35:50Z,2026-09-20,5,10.7000,18.6000,7.9000,62.4100,,
2026-09-24,seasonal_naive,2026-09-21T13:00:07Z,2026-09-21,4,10.7000,18.6000,7.9000,62.4100,,
2026-09-24,seasonal_naive,2026-09-22T11:50:23Z,2026-09-22,3,10.7000,18.6000,7.9000,62.4100,,
2026-09-24,seasonal_naive,2026-09-23T11:49:50Z,2026-09-23,2,10.7000,18.6000,7.9000,62.4100,,
2026-09-24,seasonal_naive,2026-09-24T11:57:14Z,2026-09-24,1,10.7000,18.6000,7.9000,62.4100,,
2026-09-24,tabicl,2026-09-18T11:27:25Z,2026-09-18,7,18.4531,18.6000,0.1469,0.0216,0.4093,1
2026-09-24,tabicl,2026-09-19T11:11:06Z,2026-09-19,6,18.9592,18.6000,0.3592,0.1290,0.3655,1
2026-09-24,tabicl,2026-09-20T11:35:50Z,2026-09-20,5,20.1301,18.6000,1.5301,2.3412,0.5257,1
2026-09-24,tabicl,2026-09-21T13:00:07Z,2026-09-21,4,20.5730,18.6000,1.9730,3.8927,0.6245,1
2026-09-24,tabicl,2026-09-22T11:50:23Z,2026-09-22,3,18.7766,18.6000,0.1766,0.0312,0.2815,1
2026-09-24,tabicl,2026-09-23T11:49:50Z,2026-09-23,2,18.6630,18.6000,0.0630,0.0040,0.2109,1
2026-09-24,tabicl,2026-09-24T11:57:14Z,2026-09-24,1,19.8927,18.6000,1.2927,1.6711,0.3964,1
2026-09-25,climatology,2026-09-19T11:11:06Z,2026-09-19,7,14.9000,20.2000,5.3000,28.0900,2.0902,0
2026-09-25,climatology,2026-09-20T11:35:50Z,2026-09-20,6,14.9000,20.2000,5.3000,28.0900,2.0902,0
2026-09-25,climatology,2026-09-21T13:00:07Z,2026-09-21,5,15.0324,20.2000,5.1676,26.7041,1.9229,0
2026-09-25,climatology,2026-09-22T11:50:23Z,2026-09-22,4,15.1029,20.2000,5.0971,25.9804,1.9258,0
2026-09-25,climatology,2026-09-23T11:49:50Z,2026-09-23,3,15.1861,20.2000,5.0139,25.1392,1.8644,0
2026-09-25,climatology,2026-09-24T11:57:14Z,2026-09-24,2,15.3027,20.2000,4.8973,23.9835,1.7536,0
2026-09-25,climatology,2026-09-25T11:59:16Z,2026-09-25,1,15.3895,20.2000,4.8105,23.1409,1.6988,0
2026-09-25,persistence,2026-09-19T11:11:06Z,2026-09-19,7,17.5000,20.2000,2.7000,7.2900,0.9233,1
2026-09-25,persistence,2026-09-20T11:35:50Z,2026-09-20,6,19.5000,20.2000,0.7000,0.4900,0.5631,1
2026-09-25,persistence,2026-09-21T13:00:07Z,2026-09-21,5,19.4000,20.2000,0.8000,0.6400,0.5442,1
2026-09-25,persistence,2026-09-22T11:50:23Z,2026-09-22,4,17.5000,20.2000,2.7000,7.2900,0.8877,1
2026-09-25,persistence,2026-09-23T11:49:50Z,2026-09-23,3,18.1000,20.2000,2.1000,4.4100,0.7072,1
2026-09-25,persistence,2026-09-24T11:57:14Z,2026-09-24,2,19.5000,20.2000,0.7000,0.4900,0.4111,1
2026-09-25,persistence,2026-09-25T11:59:16Z,2026-09-25,1,18.6000,20.2000,1.6000,2.5600,0.5178,1
2026-09-25,seasonal_naive,2026-09-19T11:11:06Z,2026-09-19,7,10.8000,20.2000,9.4000,88.3600,,
2026-09-25,seasonal_naive,2026-09-20T11:35:50Z,2026-09-20,6,10.8000,20.2000,9.4000,88.3600,,
2026-09-25,seasonal_naive,2026-09-21T13:00:07Z,2026-09-21,5,10.8000,20.2000,9.4000,88.3600,,
2026-09-25,seasonal_naive,2026-09-22T11:50:23Z,2026-09-22,4,10.8000,20.2000,9.4000,88.3600,,
2026-09-25,seasonal_naive,2026-09-23T11:49:50Z,2026-09-23,3,10.8000,20.2000,9.4000,88.3600,,
2026-09-25,seasonal_naive,2026-09-24T11:57:14Z,2026-09-24,2,10.8000,20.2000,9.4000,88.3600,,
2026-09-25,seasonal_naive,2026-09-25T11:59:16Z,2026-09-25,1,10.8000,20.2000,9.4000,88.3600,,
2026-09-25,tabicl,2026-09-19T11:11:06Z,2026-09-19,7,18.8447,20.2000,1.3553,1.8368,0.5391,1
2026-09-25,tabicl,2026-09-20T11:35:50Z,2026-09-20,6,20.0446,20.2000,0.1554,0.0241,0.4143,1
2026-09-25,tabicl,2026-09-21T13:00:07Z,2026-09-21,5,20.2653,20.2000,0.0653,0.0043,0.3530,1
2026-09-25,tabicl,2026-09-22T11:50:23Z,2026-09-22,4,18.7136,20.2000,1.4864,2.2094,0.5440,1
2026-09-25,tabicl,2026-09-23T11:49:50Z,2026-09-23,3,18.5660,20.2000,1.6340,2.6700,0.5728,1
2026-09-25,tabicl,2026-09-24T11:57:14Z,2026-09-24,2,20.0225,20.2000,0.1775,0.0315,0.2605,1
2026-09-25,tabicl,2026-09-25T11:59:16Z,2026-09-25,1,18.7107,20.2000,1.4893,2.2180,0.5271,1
